0.0	1.0	1.0	1.25	1.5
0.01	0.9975596821163589	0.99556196460308	1.2437578125	1.5
0.02	0.9902329305154948	0.9822872507286887	1.237546796923828	1.5
0.03	0.9780286735410403	0.9602936856769431	1.2313667976066898	1.5
0.04	0.9609795867833845	0.9297764858882515	1.2252176596611413	1.5
0.05	0.9391423060159325	0.8910065241883678	1.2190992289732088	1.5
0.06	0.9125975212972368	0.844327925502015	1.2130113521985237	1.5
0.07	0.8814499482436479	0.7901550123756903	1.206953876758482	1.5
0.08	0.8458281733235092	0.7289686274214117	1.2009266508364194	1.5
0.09	0.8058843709138908	0.661311865323652	1.194929523373805	1.5
0.1	0.7617938907842449	0.5877852522924735	1.1889623440664572	1.5
0.11	0.7137547156173131	0.5090414157503718	1.1830249633607752	1.5
0.12	0.6619867891345576	0.42577929156507344	1.1771172324499926	1.5
0.13	0.606731216349163	0.3387379202452921	1.1712390032704452	1.5
0.14	0.5482493384114198	0.2486898871648556	1.1653901284978636	1.5
0.15	0.48682168542563625	0.156434465040232	1.159570461543677	1.5
0.16	0.4227468114906452	0.06279051952931464	1.1537798565513433	1.5
0.17	0.3563400170329253	-0.031410759078126946	1.14801816839269	1.5
0.18	0.28793196424740675	-0.1253332335643026	1.1422852526642788	1.5
0.19	0.21786719212095904	-0.21814324139654084	1.1365809656837866	1.5
0.2	0.14650253807209798	-0.30901699437494545	1.1309051644864032	1.5
0.21	0.0742054736827332	-0.3971478906347784	1.1252577068212493	1.5
0.22	0.001352362309883838	-0.4817536741017131	1.1196384511478108	1.5
0.23	-0.07167335346489413	-0.5620833778521293	1.1140472566323913	1.5
0.24	-0.14448302657234616	-0.6374239897486883	1.1084839831445834	1.5
0.25	-0.21668473454048126	-0.7071067811865466	1.1029484912537555	1.5
0.26	-0.2878852553818926	-0.7705132427757886	1.0974406422255572	1.5
0.27	-0.3576920831739636	-0.8270805742745617	1.091960298018443	1.5
0.28	-0.42571547678054095	-0.8763066800438635	1.0865073212802137	1.5
0.29	-0.49157053580692517	-0.9177546256839809	1.0810815753445704	1.5
0.3	-0.5548792985546331	-0.9510565162951536	1.0756829242276935	1.5
0.31	-0.6152728573752114	-0.9759167619387475	1.0703112326248316	1.5
0.32	-0.6723934873204838	-0.992114701314478	1.0649663659069115	1.5
0.33	-0.7258967842387734	-0.9995065603657316	1.0596481901171637	1.5
0.34	-0.7754538083488244	-0.9980267284282714	1.054356571967766	1.5
0.35	-0.8207532287075978	-0.9876883405951374	1.0490913788365022	1.5
0.36	-0.8615034627577259	-0.9685831611286307	1.0438524787634373	1.5
0.37	-0.8974348032071698	-0.9408807689542248	1.0386397404476124	1.5
0.38	-0.9283015218203773	-0.9048270524660186	1.0334530332437522	1.5
0.39	-0.9538839363220452	-0.8607420270039421	1.0282922271589912	1.5
0.4	-0.9739904226567321	-0.8090169943749455	1.023157192849616	1.5
0.41	-0.9884593505338508	-0.7501110696304577	1.0180478016178234	1.5
0.42	-0.9971609158355691	-0.6845471059286863	1.0129639254084946	1.5
0.43	-0.9999988394645049	-0.6129070536529744	1.0079054368059859	1.5
0.44	-0.9969118989825697	-0.5358267949789948	1.0028722090309359	1.5
0.45	-0.9878752573491928	-0.45399049973954536	0.9978641159370877	1.5
0.46	-0.97290155254223	-0.368124552684677	0.9928810320081269	1.5
0.47	-0.9520417130526264	-0.2789911060392296	0.9879228323545363	1.5
0.48	-0.9253854672434721	-0.1873813145857255	0.9829893927104658	1.5
0.49	-0.8930615192477577	-0.09410831331851574	0.9780805894306179	1.5
0.5	-0.8552373701862706	-1.9600538592723536e-15	0.9731962994871489	1.5
0.51	-0.8121187706401715	0.09410831331851183	0.968336400466585	1.5
0.52	-0.7639487980678213	0.18738131458572166	0.963500770566755	1.5
0.53	-0.7110065607569644	0.27899110603922583	0.9586892885937371	1.5
0.54	-0.6536055375337163	0.36812455268467414	0.9539018339588222	1.5
0.55	-0.5920915694660974	0.45399049973954264	0.9491382866754904	1.5
0.56	-0.5268405259544505	0.5358267949789922	0.9443985273564046	1.5
0.57	-0.45825567274622325	0.6129070536529713	0.9396824372104187	1.5
0.58	-0.38676477349204164	0.6845471059286841	0.9349898980395991	1.5
0.59	-0.31281695949209637	0.7501110696304545	0.930320792236264	1.5
0.6	-0.23687940433890903	0.8090169943749426	0.9256750027800341	1.5
0.61	-0.15943384135022926	0.8607420270039392	0.9210524132349013	1.5
0.62	-0.0809729621251489	0.9048270524660159	0.9164529077463095	1.5
0.63	-0.0019967343703070693	0.9408807689542221	0.9118763710382514	1.5
0.64	0.07699132355388094	0.9685831611286285	0.907322688410379	1.5
0.65	0.15548787502306652	0.9876883405951361	0.9027917457351298	1.5
0.66	0.232993469560083	0.9980267284282709	0.8982834294548651	1.5
0.67	0.30901618603438374	0.9995065603657319	0.8937976265790248	1.5
0.68	0.38307518329542495	0.9921147013144793	0.8893342246812957	1.5
0.69	0.45470412891688067	0.9759167619387502	0.8848931118967934	1.5
0.7	0.5234544788786015	0.9510565162951581	0.8804741769192589	1.5
0.71	0.5888985832552263	0.9177546256839871	0.8760773089982682	1.5
0.72	0.650632595293475	0.8763066800438707	0.8717023979364581	1.5
0.73	0.7082791636268597	0.8270805742745708	0.8673493340867631	1.5
0.74	0.7614898897822373	0.7705132427757998	0.8630180083496671	1.5
0.75	0.809947535564093	0.7071067811865597	0.8587083121704709	1.5
0.76	0.8533679673470728	0.6374239897487033	0.8544201375365696	1.5
0.77	0.8915018267532971	0.5620833778521457	0.8501533769747464	1.5
0.78	0.9241359196262183	0.4817536741017317	0.8459079235484788	1.5
0.79	0.951094317625475	0.39714789063479833	0.8416836708552586	1.5
0.8	0.9722391691451107	0.30901699437496627	0.8374805130239251	1.5
0.81	0.9874712185887154	0.21814324139656244	0.8332983447120119	1.5
0.82	0.9967300353073738	0.12533323356432674	0.8291370611031065	1.5
0.83	0.9999939557078615	0.031410759078150614	0.8249965579042229	1.5
0.84	0.9961674624854961	-0.06279051952929143	1.318491788222071	1.5
0.85	0.9840351798482713	-0.15643446504020864	1.3119075698546372	1.5
0.86	0.9637920170433415	-0.24868988716483417	1.3053562314276757	1.5
0.87	0.9356983888127761	-0.33873792024527255	1.2988376087469835	1.5
0.88	0.9000738785366547	-0.4257792915650556	1.2923515384383035	1.5
0.89	0.8572930367379159	-0.5090414157503562	1.2858978579432272	1.5
0.9	0.8077808821505654	-0.5877852522924599	1.279476405515123	1.5
0.91	0.7520081547568915	-0.6613118653236406	1.2730870202150821	1.5
0.92	0.6904863696338326	-0.7289686274214021	1.2667295419078828	1.5
0.93	0.6237627195309573	-0.7901550123756826	1.2604038112579805	1.5
0.94	0.552414872864767	-0.844327925502009	1.254109669725511	1.5
0.95	0.47704571228770937	-0.8910065241883625	1.247846959562319	1.5
0.96	0.39827805720623877	-0.9297764858882481	1.2416155238080047	1.5
0.97	0.3167494116100958	-0.9602936856769404	1.2354152062859884	1.5
0.98	0.23310677636352117	-0.9822872507286875	1.2292458515995976	1.5
0.99	0.14800156272585707	-0.9955619646030793	1.2231073051281722	1.5
1.0	0.0620846413400356	-1.0	1.2169994130231883	1.5
1.01	-0.023998441722050963	-0.9955619646030802	1.2109220222044035	1.5
1.02	-0.10961205301494258	-0.9822872507286886	1.20487498035602	1.5
1.03	-0.1941348378546742	-0.9602936856769422	1.1988581359228672	1.5
1.04	-0.27696384138753977	-0.9297764858882483	1.1928713381066023	1.5
1.05	-0.35751836435558126	-0.891006524188362	1.1869144368619324	1.5
1.06	-0.4352435362462994	-0.8443279255020065	1.180987282892853	1.5
1.07	-0.5096135914365848	-0.7901550123756799	1.1750897276489065	1.5
1.08	-0.5801348368446908	-0.7289686274213965	1.1692216233214598	1.5
1.09	-0.6463483024739453	-0.6613118653236332	1.1633828228399985	1.5
1.1	-0.7078320690523564	-0.5877852522924505	1.157573179868441	1.5
1.11	-0.7642032697289038	-0.5090414157503446	1.1517925488014729	1.5
1.12	-0.815119765465419	-0.42577929156504185	1.1460407847608955	1.5
1.13	-0.8602814963474041	-0.3387379202452582	1.1403177435919958	1.5
1.14	-0.8994315135123914	-0.24868988716481596	1.134623281859933	1.5
1.15	-0.9323566987429468	-0.1564344650401883	1.1289572568461448	1.5
1.16	-0.9588881809744417	-0.06279051952926736	1.123319526544769	1.5
1.17	-0.9789014610029383	0.0314107590781774	1.117709949659086	1.5
1.18	-0.9923162575212023	0.12533323356435774	1.1121283855979756	1.5
1.19	-0.999096089231514	0.21814324139659813	1.106574694472396	1.5
1.2	-0.9992476091493103	0.30901699437500274	1.1010487370918742	1.5
1.21	-0.9928197082838123	0.3971478906348384	1.0955503749610216	1.5
1.22	-0.9799024066191404	0.4817536741017731	1.0900794702760601	1.5
1.23	-0.9606255496781143	0.5620833778521876	1.0846358859213687	1.5
1.24	-0.9351573288876622	0.6374239897487466	1.0792194854660488	1.5
1.25	-0.903702643441077	0.7071067811866019	1.0738301331605022	1.5
1.26	-0.8665013203406801	0.7705132427758401	1.068467693933032	1.5
1.27	-0.8238262077961646	0.8270805742746083	1.0631320333864538	1.5
1.28	-0.7759811551686593	0.876306680043905	1.0578230177947299	1.5
1.29	-0.7232988902462295	0.9177546256840164	1.0525405140996174	1.5
1.3	-0.6661388019185875	0.951056516295182	1.0472843899073323	1.5
1.31	-0.6048846334464048	0.9759167619387685	1.0420545134852324	1.5
1.32	-0.539942088706944	0.9921147013144903	1.0368507537585157	1.5
1.33	-0.47173635130312885	0.9995065603657348	1.0316729803069338	1.5
1.34	-0.4007095145365866	0.9980267284282649	1.026521063361526	1.5
1.35	-0.32731791925600234	0.9876883405951207	1.021394873801364	1.5
1.36	-0.2520293967534263	0.9685831611286033	1.0162942831503183	1.5
1.37	-0.17532041536734616	0.9408807689541866	1.0112191635738363	1.5
1.38	-0.09767313232065215	0.9048270524659694	1.0061693878757396	1.5
1.39	-0.0195723564881818	0.860742027003883	1.001144829495035	1.5
1.4	0.05849756698561834	0.8090169943748746	0.9961453625027441	1.5
1.41	0.13605593338869518	0.7501110696303757	0.9911708615987459	1.5
1.42	0.21262889351295092	0.6845471059285927	0.986221202108637	1.5
1.43	0.2877526783321833	0.6129070536528715	0.9812962599806069	1.5
1.44	0.36097679951226885	0.5358267949788804	0.9763959117823287	1.5
1.45	0.43186718818435493	0.45399049973942146	0.9715200346978655	1.5
1.46	0.5000092321206466	0.36812455268454436	0.9666685065245928	1.5
1.47	0.5650106708023339	0.27899110603908667	0.9618412056701355	1.5
1.48	0.6265043088476488	0.1873813145855758	0.9570380111493202	1.5
1.49	0.6841505107333589	0.09410831331836048	0.9522588025811433	1.5
1.5	0.7376394434567735	-1.5754466764700597e-13	0.9475034601857534	1.5
1.51	0.7866930384547287	-0.09410831331867417	0.9427718647814507	1.5
1.52	0.831066649409873	-0.1873813145858853	0.9380638977816983	1.5
1.53	0.8705503882364446	-0.2789911060393892	0.9333794411921509	1.5
1.54	0.9049701272868266	-0.3681245526848357	0.9287183776076975	1.5
1.55	0.9341881614444318	-0.4539904997397006	0.9240805902095189	1.5
1.56	0.9581035291072896	-0.5358267949791449	0.91946596276216	1.5
1.57	0.9766519960089364	-0.612907053653119	0.9148743796106164	1.5
1.58	0.9898057103002447	-0.6845471059288237	0.9103057256774358	1.5
1.59	0.9975725412930718	-0.750111069630584	0.905759886459834	1.5
1.6	0.9999927015371235	-0.8090169943750598	1.4011292084672151	1.5
1.61	0.9957335078208625	-0.8607420270040435	1.394132319482432	1.5
1.62	0.9837522657731174	-0.9048270524661035	1.3871703712120165	1.5
1.63	0.9642692584232592	-0.9408807689542933	1.3802431891707765	1.5
1.64	0.937560055809744	-0.9685831611286813	1.373350599744855	1.5
1.65	0.903951197808332	-0.98768834059517	1.3664924301873789	1.5
1.66	0.8638155868649842	-0.9980267284282847	1.3596685086141305	1.5
1.67	0.8175676483040144	-0.9995065603657248	1.3528786639992387	1.5
1.68	0.7656583152581858	-0.9921147013144508	1.3461227261708923	1.5
1.69	0.7085698940996731	-0.9759167619386994	1.3394005258070762	1.5
1.7	0.6468108645853834	-0.9510565162950851	1.3327118944313272	1.5
1.71	0.5809106668156241	-0.9177546256838928	1.3260566644085108	1.5
1.72	0.5114145245910804	-0.8763066800437557	1.3194346689406207	1.5
1.73	0.438878351889661	-0.8270805742744373	1.3128457420625979	1.5
1.74	0.36386378602223174	-0.7705132427756473	1.3062897186381728	1.5
1.75	0.2869333876144111	-0.7071067811863891	1.2997664343557231	1.5
1.76	0.2086460439488106	-0.6374239897485189	1.293275725724159	1.5
1.77	0.1295526084359457	-0.5620833778519462	1.2868174300688242	1.5
1.78	0.05019180510775108	-0.4817536741015219	1.2803913855274178	1.5
1.79	-0.02891357691132395	-0.39714789063457695	1.27399743104594	1.5
1.8	-0.10726017796333219	-0.30901699437473856	1.2676354063746542	1.5
1.81	-0.18436723440159283	-0.21814324139632701	1.2613051520640708	1.5
1.82	-0.2597794039743059	-0.12533323356408743	1.2550065094609506	1.5
1.83	-0.3330692407143289	-0.03141075907790863	1.2487393207043298	1.5
1.84	-0.403839313703592	0.06279051952953395	1.2425034287215626	1.5
1.85	-0.4717239676414738	0.1564344650404469	1.2362986772243845	1.5
1.86	-0.5363907265436586	0.24868988716506438	1.2301249107049947	1.5
1.87	-0.5975413451101705	0.33873792024549615	1.2239819744321614	1.5
1.88	-0.6549125153108915	0.42577929156527067	1.217869714447341	1.5
1.89	-0.7082762385286459	0.5090414157505577	1.2117879775608194	1.5
1.9	-0.7574398761620879	0.5877852522926464	1.205736611347875	1.5
1.91	-0.8022458939133829	0.6613118653238135	1.1997154641449561	1.5
1.92	-0.8425713170626918	0.7289686274215599	1.1937243850458823	1.5
1.93	-0.878326915858181	0.7901550123758218	1.187763223898059	1.5
1.94	-0.9094561417251371	0.8443279255021306	1.181831831298718	1.5
1.95	-0.9359338363210652	0.8910065241884647	1.1759300585911698	1.5
1.96	-0.9577647365378676	0.9297764858883304	1.17005775786108	1.5
1.97	-0.9749817993817431	0.9602936856770022	1.1642147819327608	1.5
1.98	-0.9876443712524746	0.9822872507287294	1.158400984365484	1.5
1.99	-0.9958362265036832	0.9955619646031002	1.1526162194498089	1.5
2.0	-0.9996635003033731	1.0	1.146860342203931	1.5
2.01	-0.9992525407392696	0.9955619646030602	1.14113320837005	1.5
2.02	-0.9947477048365515	0.9822872507286484	1.135434674410752	1.5
2.03	-0.9863091226871625	0.9602936856768848	1.1297645975054134	1.5
2.04	-0.9741104532405748	0.9297764858881727	1.1241228355466204	1.5
2.05	-0.9583366544856986	0.8910065241882719	1.1185092471366094	1.5
2.06	-0.939181789771623	0.844327925501901	1.1129236915837204	1.5
2.07	-0.9168468908787971	0.7901550123755614	1.1073660288988745	1.5
2.08	-0.8915378971679363	0.7289686274212666	1.10183611979206	1.5
2.09	-0.8634636887054103	0.6613118653234922	1.0963338256688486	1.5
2.1	-0.8328342296926744	0.5877852522922998	1.0908590086269145	1.5
2.11	-0.7998588368138557	0.509041415750192	1.085411531452584	1.5
2.12	-0.764744585258179	0.4257792915648798	1.0799912576173927	1.5
2.13	-0.7276948631722915	0.3387379202450931	1.0745980512746658	1.5
2.14	-0.6889080831522587	0.24868988716464943	1.0692317772561128	1.5
2.15	-0.6485765571028054	0.15643446504002373	1.0638923010684402	1.5
2.16	-0.6068855383862617	0.06279051952910285	1.0585794888899793	1.5
2.17	-0.5640124326823536	-0.031410759078336827	1.0532932075673351	1.5
2.18	-0.5201261764237582	-0.12533323356451245	1.0480333246120455	1.5
2.19	-0.47538677912171845	-0.21814324139674512	1.0427997081972642	1.5
2.2	-0.4299450234286761	-0.309016994375146	1.037592227154454	1.5
2.21	-0.38394231449612704	-0.39714789063497014	1.0324107509701013	1.5
2.22	-0.3375106681801651	-0.4817536741018973	1.027255149782444	1.5
2.23	-0.29077282602983223	-0.5620833778523004	1.0221252943782178	1.5
2.24	-0.24384248385648605	-0.6374239897488517	1.0170210561894162	1.5
2.25	-0.19682462008944024	-0.7071067811866946	1.0119423072900704	1.5
2.26	-0.14981591009736317	-0.770513242775918	1.0068889203930407	1.5
2.27	-0.10290521316632402	-0.8270805742746781	1.0018607688468277	1.5
2.28	-0.056174119791883304	-0.8763066800439621	0.9968577266323989	1.5
2.29	-0.009697548233360222	-0.9177546256840629	0.991879668360028	1.5
2.3	0.036455619269282334	-0.9510565162952165	0.9869264692661552	1.5
2.31	0.08222186877637822	-0.9759167619387921	0.981998005210257	1.5
2.32	0.12754236232407593	-0.9921147013145032	0.9770941526717384	1.5
2.33	0.17236222693113404	-0.999506560365738	0.9722147887468335	1.5
2.34	0.2166298302971492	-0.9980267284282589	0.9673597911455291	1.5
2.35	0.26029604838309595	-0.9876883405951055	0.9625290381884959	1.5
2.36	0.3033135302729942	-0.9685831611285804	0.9577224088040419	1.5
2.37	0.3456359662288791	-0.9408807689541573	0.9529397825250766	1.5
2.38	0.38721736556841685	-0.9048270524659332	0.9481810394860919	1.5
2.39	0.42801135180214284	-0.8607420270038398	0.9434460604201581	1.5
2.4	0.4679704832547651	-0.8090169943748289	0.9387347266559348	1.5
2.41	0.5070456080654112	-0.7501110696303254	0.9340469201146966	1.5
2.42	0.5451852629385198	-0.6845471059285425	0.9293825233073737	1.5
2.43	0.5823351252495975	-0.6129070536528171	0.9247414193316074	1.5
2.44	0.6184375280693527	-0.5358267949788252	0.92012349186882	1.5
2.45	0.6534310473494997	-0.45399049973936795	0.9155286251813	1.5
2.46	0.6872501699239227	-0.3681245526844935	0.9109567041093009	1.5
2.47	0.7198250501433558	-0.2789911060390341	0.9064076140681547	1.5
2.48	0.7510813619114963	-0.18738131458552731	0.9018812410454018	1.5
2.49	0.7809402516630495	-0.0941083133183131	0.8973774715979311	1.5
2.5	0.809318396457629	1.9625712407406728e-13	0.892896192849139	1.5
2.51	0.8361281698973724	0.09410831331871095	0.8884372924860987	1.5
2.52	0.861277917046906	0.18738131458591983	0.8840006587567459	1.5
2.53	0.8846723379771945	0.2789911060394179	0.8795861804670795	1.5
2.54	0.9062129780009907	0.3681245526848617	0.8751937469783719	1.5
2.55	0.9257988211451547	0.45399049973972083	0.8708232482043986	1.5
2.56	0.9433269819389349	0.5358267949791626	0.8664745746086778	1.5
2.57	0.9586934892081931	0.6129070536531328	0.8621476172017257	1.5
2.58	0.9717941542721888	0.6845471059288312	0.8578422675383244	1.5
2.59	0.9825255147563783	0.7501110696305873	0.8535584177148049	1.5
2.6	0.9907858441743805	0.8090169943750638	0.8492959603663415	1.5
2.61	0.9964762165044982	0.8607420270040432	0.845054788664262	1.5
2.62	0.9995016141981867	0.9048270524661034	0.8408347963133697	1.5
2.63	0.9996281831199716	0.9408807689542902	1.3356296149654039	1.5
2.64	0.9954799026452809	0.9685831611286789	1.3289598145756703	1.5
2.65	0.9867383192133103	0.9876883405951674	1.3223233215016328	1.5
2.66	0.9734262474953603	0.9980267284282838	1.3157199694148838	1.5
2.67	0.9555862874875953	0.9995065603657255	1.3091495928176184	1.5
2.68	0.9332809933528599	0.992114701314454	1.302612027038485	1.5
2.69	0.9065929665462873	0.9759167619387057	1.2961071082284616	1.5
2.7	0.8756248672428848	0.951056516295094	1.2896346733567456	1.5
2.71	0.8404993385354249	0.9177546256839055	1.2831945602066703	1.5
2.72	0.801358838408828	0.8763066800437713	1.2767866073716378	1.5
2.73	0.7583653751163839	0.8270805742744575	1.2704106542510758	1.5
2.74	0.7117001422753451	0.7705132427756678	1.2640665410464091	1.5
2.75	0.6615630507565584	0.7071067811864145	1.2577541087570583	1.5
2.76	0.6081721552553221	0.6374239897485465	1.2514731991764527	1.5
2.77	0.5517629742892166	0.5620833778519729	1.2452236548880653	1.5
2.78	0.492587703262816	0.48175367410155023	1.239005319261468	1.5
2.79	0.43091432115831496	0.39714789063460987	1.2328180364484056	1.5
2.8	0.36702559234516985	0.3090169943747727	1.2266616513788917	1.5
2.81	0.3012179659384067	0.2181432413963586	1.220536009757318	1.5
2.82	0.23380037606524007	0.12533323356411952	1.2144409580585926	1.5
2.83	0.1650929473099385	0.031410759077940956	1.2083763435242871	1.5
2.84	0.09542561048842889	-0.06279051952949813	1.202342014158813	1.5
2.85	0.02513663474455307	-0.15643446504041494	1.196337818725607	1.5
2.86	-0.045428917250093646	-0.24868988716503304	1.1903636067433463	1.5
2.87	-0.11592080348231941	-0.33873792024546906	1.1844192284821713	1.5
2.88	-0.185985278001401	-0.4257792915652382	1.1785045349599383	1.5
2.89	-0.25526681879588214	-0.5090414157505299	1.172619377938482	1.5
2.9	-0.3234098989098241	-0.5877852522926202	1.1667636099199015	1.5
2.91	-0.39006079117429154	-0.6613118653237919	1.1609370841428637	1.5
2.92	-0.4548693966436916	-0.7289686274215353	1.1551396545789252	1.5
2.93	-0.5174910866504454	-0.790155012375802	1.1493711759288714	1.5
2.94	-0.5775885483310272	-0.8443279255021133	1.1436315036190767	1.5
2.95	-0.6348336235342026	-0.8910065241884516	1.1379204937978786	1.5
2.96	-0.6889091311993206	-0.9297764858883185	1.1322380033319754	1.5
2.97	-0.7395106635870042	-0.9602936856769942	1.126583889802836	1.5
2.98	-0.786348347150973	-0.9822872507287232	1.1209580115031328	1.5
2.99	-0.8291485593483074	-0.9955619646030972	1.1153602274331889	1.5
3.0	-0.8676555932809051	-1.0	1.109790397297444	1.5
3.01	-0.9016332627210236	-0.9955619646030632	1.10424838150094	1.5
3.02	-0.9308664407690994	-0.9822872507286545	1.0987340411458195	1.5
3.03	-0.9551625260833753	-0.9602936856768928	1.0932472380278477	1.5
3.04	-0.974352831260074	-0.9297764858881846	1.0877878346329457	1.5
3.05	-0.9882938884715052	-0.8910065241882882	1.0823556941337473	1.5
3.06	-0.9968686678208651	-0.8443279255019184	1.0769506803861666	1.5
3.07	-0.9999877039736872	-0.7901550123755812	1.0715726579259883	1.5
3.08	-0.9975901264027911	-0.7289686274212863	1.0662214919654702	1.5
3.09	-0.9896445879683754	-0.661311865323519	1.0608970483899673	1.5
3.1	-0.9761500854958575	-0.587785252292326	1.05559919375457	1.5
3.11	-0.9571366644884074	-0.5090414157502199	1.050327795280758	1.5
3.12	-0.9326659981386908	-0.42577929156491234	1.0450827208530744	1.5
3.13	-0.9028318284614036	-0.3387379202451235	1.0398638390158146	1.5
3.14	-0.8677602547971277	-0.24868988716468418	1.0346710189697288	1.5
3.15	-0.8276098523524354	-0.1564344650400592	1.029504130568749	1.5
3.16	-0.782571601117341	-0.06279051952913513	1.0243630443167209	1.5
3.17	-0.7328686037628308	0.0314107590783045	1.019247631364164	1.5
3.18	-0.6787555703038366	0.12533323356448037	1.014157763505039	1.5
3.19	-0.6205180477268054	0.21814324139671354	1.0090933131735356	1.5
3.2	-0.5584713746588952	0.30901699437511526	1.0040541534408751	1.5
3.21	-0.49295934461474605	0.39714789063494044	0.9990401580121296	1.5
3.22	-0.4243525663627813	0.4817536741018721	0.9940512012230562	1.5
3.23	-0.3530465163137216	0.5620833778522767	0.9890871580369485	1.5
3.24	-0.27945928520996577	0.6374239897488241	0.9841479040415014	1.5
3.25	-0.20402902933841535	0.7071067811866691	0.9792333154456941	1.5
3.26	-0.12721114449761706	0.7705132427758974	0.9743432690766873	1.5
3.27	-0.04947518852661528	0.8270805742746599	0.9694776423767352	1.5
3.28	0.02869841508804667	0.8763066800439465	0.9646363134001164	1.5
3.29	0.10682185449968927	0.91775462568405	0.9598191608100742	1.5
3.3	0.18440354554622937	0.9510565162952065	0.9550260638757788	1.5
3.31	0.26095184178131253	0.975916761938785	0.9502569024692992	1.5
3.32	0.3359787925214125	0.9921147013144992	0.945511557062593	1.5
3.33	0.4090039030440013	0.999506560365737	0.9407899087245115	1.5
3.34	0.4795578522940617	0.9980267284282609	0.9360918391178185	1.5
3.35	0.547186125580379	0.9876883405951111	0.9314172304962235	1.5
3.36	0.6114525225507561	0.9685831611285893	0.926765965701433	1.5
3.37	0.6719425040252266	0.940880768954167	0.9221379281602112	1.5
3.38	0.7282663448634198	0.9048270524659485	0.9175330018814611	1.5
3.39	0.7800620638053171	0.8607420270038563	0.9129510714533154	1.5
3.4	0.8269981050424395	0.8090169943748459	0.9083920220402455	1.5
3.41	0.8687757500701241	0.7501110696303374	0.9038557393801817	1.5
3.42	0.905131242084065	0.6845471059285505	0.8993421097816521	1.5
3.43	0.9358376087800858	0.6129070536528229	0.8948510201209297	1.5
3.44	0.9607061728726163	0.5358267949788285	0.8903823578392008	1.5
3.45	0.9795877429527384	0.4539904997393588	0.8859360109397412	1.5
3.46	0.9923734804549832	0.3681245526844773	0.8815118679851109	1.5
3.47	0.9989954414909901	0.2789911060390106	0.8771098180943601	1.5
3.48	0.9991796199902027	0.18738131458549626	1.3716532724317727	1.5
3.49	0.9909902807065933	0.09410831331827808	1.364803578902566	1.5
3.5	0.9741694338172984	-2.420750078587296e-13	1.3579880910304214	1.5
3.51	0.94896753604245	-0.09410831331876009	1.3512066380008385	1.5
3.52	0.9157019658741763	-0.18738131458597881	1.3444590498523212	1.5
3.53	0.8747524194585921	-0.27899110603948235	1.3377451574721213	1.5
3.54	0.8265559539119309	-0.36812455268493405	1.3310647925919947	1.5
3.55	0.7716017358690392	-0.4539904997397965	1.3244177877839882	1.5
3.56	0.7104255521832015	-0.5358267949792372	1.317803976456242	1.5
3.57	0.6436041384149009	-0.6129070536532055	1.3112231928488134	1.5
3.58	0.5717493791080048	-0.6845471059289087	1.3046752720295245	1.5
3.59	0.4955024318983941	-0.7501110696306575	1.298160049889827	1.5
3.6	0.4155278252721937	-0.8090169943751304	1.2916773631406895	1.5
3.61	0.33250757732840186	-0.8607420270041045	1.2852270493085056	1.5
3.62	0.24713538023922055	-0.9048270524661592	1.2788089467310213	1.5
3.63	0.16011089227592104	-0.9408807689543383	1.2724228945532832	1.5
3.64	0.0721341763097381	-0.9685831611287169	1.2660687327236073	1.5
3.65	-0.016099679363305596	-0.9876883405951913	1.2597463019895687	1.5
3.66	-0.10390572516093732	-0.9980267284282938	1.2534554438940082	1.5
3.67	-0.19061406978991624	-0.9995065603657203	1.2471960007710623	1.5
3.68	-0.2755745289437514	-0.9921147013144314	1.2409678157422115	1.5
3.69	-0.35816098002655417	-0.9759167619386654	1.2347707327123487	1.5
3.7	-0.4377754030099368	-0.951056516295036	1.2286045963658663	1.5
3.71	-0.5138515907011699	-0.9177546256838282	1.222469252162764	1.5
3.72	-0.5858585148234948	-0.8763066800436722	1.216364546334776	1.5
3.73	-0.6533033373689904	-0.8270805742743358	1.2102903258815165	1.5
3.74	-0.7157340596673002	-0.7705132427755299	1.2042464385666458	1.5
3.75	-0.7727418045071427	-0.7071067811862565	1.1982327329140534	1.5
3.76	-0.8239627294414409	-0.6374239897483689	1.192249058204064	1.5
3.77	-0.8690795720898692	-0.5620833778517763	1.1862952644696572	1.5
3.78	-0.9078228308159396	-0.48175367410133574	1.1803712024927118	1.5
3.79	-0.9399715865897759	-0.3971478906343787	1.1744767238002636	1.5
3.8	-0.9653539741443051	-0.3090169943745264	1.168611680660786	1.5
3.81	-0.9838473126831577	-0.21814324139609892	1.1627759260804857	1.5
3.82	-0.9953779083944831	-0.12533323356384848	1.1569693137996215	1.5
3.83	-0.999920542857666	-0.031410759077657245	1.1511916982888344	1.5
3.84	-0.9974976630898009	0.06279051952978851	1.1454429347455046	1.5
3.85	-0.9881782904556069	0.15643446504070582	1.1397228790901188	1.5
3.86	-0.9720766669465638	0.2486898871653252	1.1340313879626627	1.5
3.87	-0.9493506584092468	0.3387379202457595	1.1283683187190239	1.5
3.88	-0.920199935154297	0.4257792915655272	1.1227335294274208	1.5
3.89	-0.8848639509891442	0.5090414157508079	1.1171268788648423	1.5
3.9	-0.8436197420711028	0.587785252292893	1.1115482265135108	1.5
3.91	-0.7967795670523048	0.6613118653240448	1.1059974325573592	1.5
3.92	-0.7446884097637406	0.7289686274217734	1.1004743578785254	1.5
3.93	-0.6877213651422133	0.7901550123760173	1.0949788640538696	1.5
3.94	-0.6262809282251189	0.8443279255023073	1.0895108133515008	1.5
3.95	-0.5607942048129287	0.8910065241886176	1.0840700687273264	1.5
3.96	-0.49171006082938273	0.9297764858884556	1.078656493821619	1.5
3.97	-0.41949622551124566	0.9602936856771012	1.0732699529555971	1.5
3.98	-0.34463636137325965	0.9822872507287957	1.067910311128025	1.5
3.99	-0.2676271114879104	0.9955619646031343	1.0625774340118295	1.5
4.0	-0.188975132098177	1.0	1.057271187950733	1.5
4.01	-0.10919411608584825	0.9955619646030248	1.051991439955904	1.5
4.02	-0.028801810529796527	0.9822872507285767	1.0467380577026244	1.5
4.03	0.05168297028158297	0.960293685676773	1.0415109095269715	1.5
4.04	0.13174333624038373	0.9297764858880277	1.0363098644225208	1.5
4.05	0.21086731741478804	0.8910065241880899	1.0311347920370608	1.5
4.06	0.288550864132969	0.8443279255016845	1.0259855626693257	1.5
4.07	0.364300848726924	0.7901550123753005	1.0208620472657453	1.5
4.08	0.4376380633833385	0.7289686274209729	1.015764117417212	1.5
4.09	0.5081002043157963	0.6613118653231729	1.0106916453558596	1.5
4.1	0.575244827375619	0.5877852522919469	1.005644503951864	1.5
4.11	0.638652254632736	0.5090414157498012	1.0006225667102537	1.5
4.12	0.697928405855236	0.42577929156446903	0.9956257077677444	1.5
4.13	0.7527075237193777	0.3387379202446592	0.9906538018895791	1.5
4.14	0.8026547574939367	0.24868988716419935	0.9857067244663932	1.5
4.15	0.8474685672898195	0.15643446503955075	0.9807843515110887	1.5
4.16	0.8868829100373209	0.06279051952862136	0.97588655965573	1.5
4.17	0.9206691692741921	-0.03141075907883323	0.9710132261484493	1.5
4.18	0.9486377935489566	-0.12533323356500167	0.9661642288503705	1.5
4.19	0.9706396125639009	-0.2181432413972402	0.9613394462325486	1.5
4.2	0.9865668057825848	-0.30901699437563185	0.9565387573729248	1.5
4.21	0.996353504722826	-0.3971478906354455	0.9517620419532938	1.5
4.22	0.9999760171447849	-0.4817536741023543	0.9470091802562897	1.5
4.23	0.9961472200096008	-0.5620833778527494	1.4400032568656913	1.5
4.24	0.9831670195156933	-0.63742398974927	1.4328122406017185	1.5
4.25	0.9612569226520934	-0.7071067811870734	1.4256571344752136	1.5
4.26	0.9307288835251443	-0.7705132427762663	1.418537759159928	1.5
4.27	0.8919677461764343	-0.8270805742749852	1.4114539362251233	1.5
4.28	0.8454255182188868	-0.8763066800442356	1.4044054881310986	1.5
4.29	0.7916152043873684	-0.9177546256842898	1.3973922382247437	1.5
4.3	0.7311042811394052	-0.9510565162953951	1.390414010735109	1.5
4.31	0.66450789291444	-0.975916761938919	1.3834706307690003	1.5
4.32	0.5924818493012394	-0.9921147013145779	1.3765619243065974	1.5
4.33	0.5157155002466186	-0.9995065603657568	1.3696877181970912	1.5
4.34	0.43492456364182613	-0.9980267284282204	1.3628478401543442	1.5
4.35	0.35084397622490343	-0.9876883405950094	1.3560421187525735	1.5
4.36	0.26422083481576714	-0.9685831611284242	1.3492703834220525	1.5
4.37	0.17580749053593792	-0.940880768953942	1.3425324644448386	1.5
4.38	0.08635485393205744	-0.9048270524656613	1.3358281929505171	1.5
4.39	-0.0033940361026683122	-0.8607420270035129	1.3291574009119704	1.5
4.4	-0.09271013196157595	-0.809016994374443	1.322519921141166	1.5
4.41	-0.1808841432631463	-0.7501110696298888	1.3159155872849673	1.5
4.42	-0.2672319123350742	-0.6845471059280561	1.3093442338209629	1.5
4.43	-0.351099367999602	-0.612907053652287	1.3028056960533194	1.5
4.44	-0.4318670319071779	-0.5358267949782499	1.2962998101086527	1.5
4.45	-0.5089540570786046	-0.4539904997387545	1.2898264129319228	1.5
4.46	-0.5818217836068087	-0.36812455268384675	1.283385342282344	1.5
4.47	-0.6499768015958667	-0.27899110603836613	1.2769764367293215	1.5
4.48	-0.7129735163419677	-0.18738131458483007	1.2705995356484039	1.5
4.49	-0.7704162154557189	-0.0941083133176029	1.2642544792172599	1.5
4.5	-0.8219606420620121	9.20275926469881e-13	1.2579411084116685	1.5
4.51	-0.867315082368024	0.09410831331943528	1.2516592650015375	1.5
4.52	-0.9062409797455723	0.187381314586638	1.245408791546936	1.5
4.53	-0.9385530910144991	0.27899110604014044	1.239189531394148	1.5
4.54	-0.9641192038295272	0.36812455268555805	1.2330013286717485	1.5
4.55	-0.9828594369559531	0.4539904997404008	1.226844028286694	1.5
4.56	-0.9947451477662843	0.5358267949798039	1.2207174759204373	1.5
4.57	-0.9997974734984537	0.612907053653747	1.214621518025059	1.5
4.58	-0.9980855346889451	0.6845471059293978	1.2085560018194212	1.5
4.59	-0.9897243307341936	0.7501110696311061	1.2025207752853357	1.5
4.6	-0.9748723587476011	0.8090169943755249	1.1965156871637543	1.5
4.61	-0.9537289877749752	0.8607420270044498	1.19054058695098	1.5
4.62	-0.9265316210179682	0.9048270524664449	1.1845953248948935	1.5
4.63	-0.8935526790035946	0.940880768954568	1.1786797519911998	1.5
4.64	-0.855096436640604	0.9685831611288838	1.1727937199796934	1.5
4.65	-0.8114957468323625	0.9876883405952985	1.1669370813405444	1.5
4.66	-0.7631086827849352	0.998026728428336	1.1611096892906	1.5
4.67	-0.710315130371061	0.999506560365699	1.1553113977797054	1.5
4.68	-0.6535133608997344	0.9921147013143481	1.1495420614870429	1.5
4.69	-0.5931166134104743	0.9759167619385175	1.143801535817491	1.5
4.7	-0.529549714173747	0.9510565162948263	1.1380896768980027	1.5
4.71	-0.4632457594476668	0.9177546256835587	1.1324063415739933	1.5
4.72	-0.39464288572754996	0.8763066800433489	1.1267513874057582	1.5
4.73	-0.32418114974124157	0.8270805742739546	1.1211246726649	1.5
4.74	-0.25229953830070173	0.7705132427750976	1.1155260563307798	1.5
4.75	-0.1794331258310759	0.707106781185777	1.1099553980869779	1.5
4.76	-0.10601039497521583	0.6374239897478463	1.104412558317781	1.5
4.77	-0.03245073312976194	0.5620833778512213	1.0988973981046815	1.5
4.78	0.04083788487384735	0.48175367410074144	1.0934097792228958	1.5
4.79	0.11346102044799687	0.39714789063375633	1.0879495641379016	1.5
4.8	0.18503969655516728	0.3090169943738814	1.082516616001988	1.5
4.81	0.25521212267443266	0.21814324139544397	1.0771107986508281	1.5
4.82	0.3236352201756772	0.12533323356317563	1.0717319766000648	1.5
4.83	0.3899859514426929	0.03141075907698648	1.066380015041918	1.5
4.84	0.45396245847910105	-0.06279051953045828	1.0610547798418029	1.5
4.85	0.5152850188247701	-0.15643446504136865	1.0557561375349678	1.5
4.86	0.5736968283019502	-0.24868988716598897	1.050483955323152	1.5
4.87	0.6289646212913071	-0.33873792024639765	1.045238101071257	1.5
4.88	0.6808791398132518	-0.4257792915661344	1.040018443304032	1.5
4.89	0.7292554625853795	-0.5090414157513916	1.0348248512027827	1.5
4.9	0.7739332044112108	-0.5877852522934417	1.0296571946020885	1.5
4.91	0.8147765947539137	-0.6613118653245535	1.0245153439865444	1.5
4.92	0.8516744422543694	-0.7289686274222377	1.0193991704875116	1.5
4.93	0.8845399894335759	-0.7901550123764329	1.0143085458798897	1.5
4.94	0.9133106591095759	-0.8443279255026744	1.0092433425789016	1.5
4.95	0.9379476914406156	-0.8910065241889288	1.0042034336368981	1.5
4.96	0.958435668280586	-0.929776485888708	0.9991886927401739	1.5
4.97	0.9747819199794807	-0.9602936856772905	0.9941989942058027	1.5
4.98	0.987015809103402	-0.9822872507289229	0.989234212978487	1.5
4.99	0.9951878859143323	-0.9955619646031981	0.9842942246274257	1.5
5.0	0.9993689118592712	-1.0	0.9793789053431925	1.5
5.01	0.9993903094323356	-0.9955619646029618	1.4734168540596673	1.5
5.02	0.9932847002403375	-0.9822872507284509	1.466058978644707	1.5
5.03	0.9807914003346917	-0.9602936856765877	1.458737846620099	1.5
5.04	0.9621529208673341	-0.9297764858877782	1.4514532744985398	1.5
5.05	0.9376482838028778	-0.891006524187782	1.444205079709013	1.5
5.06	0.9075888668177824	-0.8443279255013248	1.4369930805922158	1.5
5.07	0.8723141585759885	-0.7901550123748893	1.4298170963960077	1.5
5.08	0.8321874731303943	-0.7289686274205134	1.4226769472708802	1.5
5.09	0.7875916699536007	-0.6613118653226642	1.4155724542654462	1.5
5.1	0.7389249234738654	-0.587785252291404	1.408503439321958	1.5
5.11	0.6865965830343772	-0.5090414157492236	1.4014697252718438	1.5
5.12	0.6310231609599942	-0.42577929156385536	1.3944711358312674	1.5
5.13	0.5726244829556558	-0.33873792024402777	1.3875074955967102	1.5
5.14	0.5118200314282708	-0.24868988716354934	1.3805786300405742	1.5
5.15	0.449025508566969	-0.15643446503888792	1.3736843655068083	1.5
5.16	0.38464964218399744	-0.06279051952795159	1.3668245292065588	1.5
5.17	0.3190912534557576	0.03141075907949689	1.3599989492138334	1.5
5.18	0.25273660185315533	0.12533323356567452	1.3532074544611965	1.5
5.19	0.18595701875313303	0.21814324139789512	1.3464498747354807	1.5
5.2	0.11910683751484236	0.3090169943762769	1.3397260406735203	1.5
5.21	0.052521624219845346	0.3971478906360679	1.333035783757907	1.5
5.22	-0.013483290155797408	0.4817536741029486	1.326378936312766	1.5
5.23	-0.07861397862067776	0.5620833778532986	1.3197553314995538	1.5
5.24	-0.14259879362859992	0.637423989749787	1.3131648033128778	1.5
5.25	-0.20518895747538646	0.7071067811875529	1.3066071865763342	1.5
5.26	-0.2661588785707437	0.7705132427767032	1.3000823169383686	1.5
5.27	-0.3253062068564672	0.8270805742753704	1.2935900308681576	1.5
5.28	-0.38245164371158513	0.8763066800445624	1.287130165651509	1.5
5.29	-0.43743852348608897	0.9177546256845591	1.280702559386787	1.5
5.3	-0.4901321853335578	0.9510565162956047	1.274307050980849	1.5
5.31	-0.5404191552681047	0.975916761939067	1.2679434801450133	1.5
5.32	-0.5882061593559219	0.992114701314663	1.2616116873910386	1.5
5.33	-0.6334189896692247	0.9995065603657781	1.2553115140271296	1.5
5.34	-0.6760012450890553	0.9980267284281782	1.2490428021539566	1.5
5.35	-0.7159129692506538	0.9876883405949045	1.2428053946607005	1.5
5.36	-0.7531292078934513	0.9685831611282556	1.2365991352211128	1.5
5.37	-0.7876385076189042	0.9408807689537148	1.2304238682896023	1.5
5.38	-0.8194413775886029	0.9048270524653725	1.2242794390973313	1.5
5.39	-0.848548735027754	0.8607420270031713	1.218165693648339	1.5
5.4	-0.8749803545529067	0.8090169943740486	1.2120824787156819	1.5
5.41	-0.8987633403358096	0.7501110696294404	1.2060296418375955	1.5
5.42	-0.9199306389664278	0.6845471059275617	1.2000070313136688	1.5
5.43	-0.938519609607869	0.6129070536517511	1.1940144962010464	1.5
5.44	-0.9545706666639032	0.5358267949776773	1.1880518863106417	1.5
5.45	-0.9681260087269079	0.4539904997381502	1.1821190522033782	1.5
5.46	-0.9792284460604839	0.36812455268322275	1.1762158451864375	1.5
5.47	-0.9879203373169941	0.2789911060377217	1.1703421173095376	1.5
5.48	-0.994242644615322	0.18738131458416388	1.1644977213612226	1.5
5.49	-0.998234114526921	0.0941083133169277	1.1586825108651748	1.5
5.5	-0.9999305909561137	-1.5984768450810326e-12	1.1528963400765417	1.5
5.51	-0.9993644643697924	-0.09410831332011048	1.1471390639782844	1.5
5.52	-0.9965642603463322	-0.1873813145873042	1.141410538277543	1.5
5.53	-0.9915543689859593	-0.27899110604078486	1.135710619402019	1.5
5.54	-0.9843549153648281	-0.3681245526861886	1.13003916449638	1.5
5.55	-0.974981769929734	-0.4539904997409987	1.1243960314186763	1.5
5.56	-0.9634466965236749	-0.5358267949803766	1.1187810787367791	1.5
5.57	-0.949757634604558	-0.6129070536542772	1.113194165724837	1.5
5.58	-0.9339191111665124	-0.6845471059298922	1.1076351523597485	1.5
5.59	-0.9159327768868858	-0.7501110696315545	1.1021038993176522	1.5
5.6	-0.8957980600885358	-0.8090169943759236	1.0966002679704347	1.5
5.61	-0.8735129312072676	-0.8607420270047986	1.0911241203822568	1.5
5.62	-0.8490747695638928	-0.9048270524667337	1.085675319306098	1.5
5.63	-0.8224813233296583	-0.9408807689547952	1.080253728180313	1.5
5.64	-0.7937317526097094	-0.9685831611290524	1.0748592111252127	1.5
5.65	-0.7628277445175586	-0.9876883405954046	1.0694916329396555	1.5
5.66	-0.7297746879418555	-0.998026728428379	1.0641508590976632	1.5
5.67	-0.6945828943910975	-0.9995065603656776	1.0588367557450444	1.5
5.68	-0.657268849831793	-0.9921147013142623	1.0535491896960425	1.5
5.69	-0.6178564808218013	-0.9759167619383695	1.0482880284299974	1.5
5.7	-0.5763784165228962	-0.9510565162946168	1.0430531400880254	1.5
5.71	-0.5328772264295233	-0.9177546256832922	1.0378443934697108	1.5
5.72	-0.4874066119856686	-0.8763066800430221	1.0326616580298211	1.5
5.73	-0.4400325288241657	-0.8270805742735774	1.0275048038750343	1.5
5.74	-0.39083421532672546	-0.7705132427746653	1.0223737017606833	1.5
5.75	-0.33990510274838576	-0.7071067811852974	1.017268223087516	1.5
5.76	-0.2873535824485065	-0.6374239897473237	1.0121882398984727	1.5
5.77	-0.23330360695326124	-0.5620833778506662	1.0071336248754796	1.5
5.78	-0.1778951037117464	-0.48175367410014713	1.0021042513362575	1.5
5.79	-0.12128418348964465	-0.3971478906331339	0.9970999932311468	1.5
5.8	-0.06364312927067221	-0.3090169943732364	0.9921207251399489	1.5
5.81	-0.0051601561257973326	-0.2181432413947821	0.9871663222687813	1.5
5.82	0.053961062482317565	-0.12533323356250278	0.9822366604469511	1.5
5.83	0.11350210134800388	-0.031410759076308616	0.9773316161238442	1.5
5.84	0.17323071751197144	0.06279051953113514	0.9724510663658259	1.5
5.85	0.23290200137131736	0.1564344650420385	0.9675948888531616	1.5
5.86	0.29225973066846045	0.24868988716664586	0.9627629618769507	1.5
5.87	0.3510379098033301	0.33873792024702903	0.9579551643360776	1.5
5.88	0.40896247435678024	0.42577929156674804	0.9531713757341743	1.5
5.89	0.4657531388985095	0.5090414157519693	0.9484114761766017	1.5
5.9	0.5211253650165384	0.5877852522939904	0.9436753463674445	1.5
5.91	0.5747924259496505	0.6613118653250569	0.9389628676065221	1.5
5.92	0.6264675441208446	0.7289686274226971	0.934273921786412	1.5
5.93	0.6758660781482411	0.7901550123768487	0.9296083913894913	1.5
5.94	0.7227077364533261	0.8443279255030303	0.9249661594849895	1.5
5.95	0.7667187953125111	0.8910065241892334	0.9203471097260614	1.5
5.96	0.8076343000463638	0.929776485888955	0.9157511263468667	1.5
5.97	0.8452002289676822	0.9602936856774776	0.9111780941596722	1.5
5.98	0.8791756006880953	0.98228725072905	0.9066278985519619	1.5
5.99	0.909334506398733	0.9955619646032619	0.9021004254835681	1.5
6.0	0.9354680497884725	1.0	0.8975955614838095	1.5
6.01	0.9573861783439113	0.9955619646028973	0.8931131936486496	1.5
6.02	0.9749193908928538	0.9822872507283238	0.8886532096378666	1.5
6.03	0.9879203074122163	0.9602936856763965	0.8842154976722372	1.5
6.04	0.9962650883268068	0.9297764858875285	0.8797999465307366	1.5
6.05	0.9998546917806719	0.8910065241874742	0.8754064455477485	1.5
6.06	0.9979386510470276	0.8443279255009615	1.3691489190953776	1.5
6.07	0.9889106872852912	0.7901550123744735	1.3623117316806443	1.5
6.08	0.9728228237616071	0.7289686274200492	1.355508687470564	1.5
6.09	0.9498465888154033	0.6613118653221555	1.3487396159625078	1.5
6.1	0.920198609457791	0.5877852522908553	1.342004347505295	1.5
6.11	0.8841383475451287	0.5090414157486398	1.3353027132949398	1.5
6.12	0.8419656241774431	0.4257792915632482	1.3286345453704231	1.5
6.13	0.7940179522060422	0.33873792024338967	1.3219996766094797	1.5
6.14	0.7406676970593745	0.24868988716289245	1.315397940724411	1.5
6.15	0.6823190863360714	0.15643446503821806	1.3088291722579177	1.5
6.16	0.6194050887715152	0.06279051952727473	1.302293206578955	1.5
6.17	0.5523841832602825	-0.03141075908017475	1.2957898798786012	1.5
6.18	0.48173703861199924	-0.12533323356634032	1.2893190291659575	1.5
6.19	0.40796312463464257	-0.21814324139856395	1.2828804922640595	1.5
6.2	0.33157727497590056	-0.30901699437692187	1.2764741078058155	1.5
6.21	0.2531062219128423	-0.3971478906366903	1.2700997152299605	1.5
6.22	0.17308512296094947	-0.4817536741035429	1.263757154777031	1.5
6.23	0.09205409877821227	-0.5620833778538595	1.2574462674853628	1.5
6.24	0.010554801367425074	-0.6374239897503041	1.2511668951871076	1.5
6.25	-0.07087296896779821	-0.7071067811880325	1.244918880504267	1.5
6.26	-0.15169458008049733	-0.7705132427771308	1.238702066844749	1.5
6.27	-0.23138380071480966	-0.8270805742757475	1.232516298398443	1.5
6.28	-0.30942593314922046	-0.8763066800448891	1.226361420133315	1.5
6.29	-0.38532083021909685	-0.9177546256848285	1.2202372777915242	1.5
6.3	-0.45858578209621526	-0.9510565162958143	1.214143717885553	1.5
6.31	-0.5287582591757158	-0.9759167619392148	1.2080805876943619	1.5
6.32	-0.5953984984565638	-0.9921147013147479	1.2020477352595629	1.5
6.33	-0.6580919218969117	-0.9995065603657994	1.1960450093816102	1.5
6.34	-0.7164513763761561	-0.9980267284281357	1.1900722596160107	1.5
6.35	-0.7701191860969732	-0.9876883405947984	1.184129336269553	1.5
6.36	-0.8187690095080901	-0.9685831611280887	1.1782160903965564	1.5
6.37	-0.8621074941149284	-0.940880768953485	1.1723323737951388	1.5
6.38	-0.8998757238656385	-0.9048270524650868	1.1664780390034994	1.5
6.39	-0.9318504551440757	-0.860742027002826	1.1606529392962257	1.5
6.4	-0.9578451387623145	-0.8090169943736499	1.1548569286806147	1.5
6.41	-0.9777107267108892	-0.7501110696289919	1.1490898618930154	1.5
6.42	-0.9913362637838623	-0.6845471059270674	1.143351594395187	1.5
6.43	-0.9986492655334572	-0.6129070536512209	1.1376419823706763	1.5
6.44	-0.9996158853086325	-0.5358267949771106	1.1319608827212122	1.5
6.45	-0.9942408743741994	-0.4539904997375523	1.1263081530631232	1.5
6.46	-0.9825673402691802	-0.3681245526825922	1.120683651723764	1.5
6.47	-0.964676309619102	-0.27899110603707045	1.1150872377379686	1.5
6.48	-0.9406861025370761	-0.1873813145834977	1.109518770844514	1.5
6.49	-0.9107515264997882	-0.09410831331625251	1.1039781114826093	1.5
6.5	-0.8750628981308871	2.276677763692184e-12	1.0984651207883929	1.5
6.51	-0.8338449016285736	0.09410831332078566	1.0929796605914557	1.5
6.52	-0.7873552925988554	0.1873813145879704	1.0875215934113776	1.5
6.53	-0.7358834557688384	0.2789911060414362	1.082090782454279	1.5
6.54	-0.6797488244305331	0.3681245526868192	1.076687091609398	1.5
6.55	-0.6192991684952136	0.453990499741603	1.0713103854456736	1.5
6.56	-0.5549087567345092	0.5358267949809492	1.0659605292083543	1.5
6.57	-0.48697639718848956	0.6129070536548131	1.0606373888156195	1.5
6.58	-0.41592335791541196	0.6845471059303866	1.0553408308552215	1.5
6.59	-0.3421911683665707	0.750111069632003	1.050070722581138	1.5
6.6	-0.2662392998679184	0.8090169943763221	1.0448269319102488	1.5
6.61	-0.18854272219203197	0.8607420270051402	1.0396093274190217	1.5
6.62	-0.10958933226196119	0.9048270524670224	1.0344177783402229	1.5
6.63	-0.029877250901116606	0.940880768955025	1.0292521545596367	1.5
6.64	0.05008801552569739	0.968583161129221	1.0241123266128045	1.5
6.65	0.12979654956143571	0.9876883405955096	1.0189981656817813	1.5
6.66	0.20873713066916358	0.9980267284284211	1.0139095435919077	1.5
6.67	0.28640046947630304	0.9995065603656565	1.0088463328085957	1.5
6.68	0.36228255500502266	0.9921147013141781	1.003808406434133	1.5
6.69	0.43588809495394437	0.9759167619382216	0.9987956382045021	1.5
6.7	0.5067340220891138	0.9510565162944072	0.9938079024862184	1.5
6.71	0.5743530330136198	0.9177546256830229	0.9888450742731778	1.5
6.72	0.6382971195618221	0.8763066800426955	0.9839070291835262	1.5
6.73	0.6981410483017935	0.8270805742731923	0.9789936434565405	1.5
6.74	0.7534857405080038	0.7705132427742285	0.9741047939495293	1.5
6.75	0.8039615037108565	0.7071067811848228	0.9692403581347437	1.5
6.76	0.8492310665940669	0.6374239897468011	0.9644002140963083	1.5
6.77	0.8889923714862524	0.5620833778501053	0.9595842405271648	1.5
6.78	0.9229810827385033	0.48175367409955283	0.9547923167260318	1.5
6.79	0.9509727745663259	0.39714789063251144	0.9500243225943813	1.5
6.8	0.9727847680914011	0.3090169943726049	0.9452801386334255	1.5
6.81	0.9882775939773097	0.21814324139414798	0.9405596459411248	1.5
6.82	0.9973560638799875	0.12533323356186518	0.935862726209206	1.5
6.83	0.9999555569340072	0.031410759075666254	1.4309488067321974	1.5
6.84	0.9942704738456165	-0.06279051953174819	1.4238030061285782	1.5
6.85	0.9791925069712651	-0.1564344650426452	1.4166928898667237	1.5
6.86	0.9549824790941366	-0.2486898871672133	1.4096182797479513	1.5
6.87	0.9219814494817286	-0.33873792024757354	1.4025789984634596	1.5
6.88	0.880605110611303	-0.42577929156725886	1.3955748695898826	1.5
6.89	0.8313376975135198	-0.5090414157524429	1.3886057175848683	1.5
6.9	0.7747254920872958	-0.5877852522944126	1.381671367782678	1.5
6.91	0.7113700037193025	-0.6613118653254431	1.3747716463898134	1.5
6.92	0.6419209057768738	-0.7289686274230397	1.3679063804806544	1.5
6.93	0.5670688051192748	-0.7901550123771511	1.3610753979931292	1.5
6.94	0.487537918771843	-0.8443279255032871	1.3542785277244003	1.5
6.95	0.40407872841210407	-0.8910065241894413	1.3475155993265766	1.5
6.96	0.3174606794047871	-0.9297764858891183	1.3407864433024395	1.5
6.97	0.2284649868668239	-0.9602936856775974	1.3340908910011982	1.5
6.98	0.13787760671561688	-0.9822872507291291	1.3274287746142606	1.5
6.99	0.0464824249171863	-0.9955619646033003	1.3207999271710302	1.5
7.0	-0.04494528673170961	-1.0	1.3142041825347197	1.5
7.01	-0.13564510492749565	-0.9955619646028615	1.3076413753981873	1.5
7.02	-0.22487734094436704	-0.9822872507282553	1.3011113412797926	1.5
7.03	-0.31192854514198615	-0.9602936856763005	1.2946139165192758	1.5
7.04	-0.39611660151987377	-0.929776485887407	1.2881489382736575	1.5
7.05	-0.47679538881864775	-0.8910065241873307	1.2817162445131536	1.5
7.06	-0.5533589894273112	-0.844327925500796	1.2753156740171159	1.5
7.07	-0.625245431970316	-0.7901550123742931	1.2689470663699922	1.5
7.08	-0.6919399578916706	-0.7289686274198574	1.262610261957307	1.5
7.09	-0.7529778066062289	-0.6613118653219558	1.2563051019616578	1.5
7.1	-0.8079465178320199	-0.5877852522906516	1.2500314283587368	1.5
7.11	-0.8564877535378996	-0.5090414157484414	1.2437890839133696	1.5
7.12	-0.8982986455254982	-0.4257792915630524	1.237577912175577	1.5
7.13	-0.9331326780049363	-0.3387379202431861	1.2313977574766504	1.5
7.14	-0.9608001176122142	-0.24868988716269666	1.2252484649252513	1.5
7.15	-0.9811680061481631	-0.15643446503803948	1.2191298804035304	1.5
7.16	-0.9941597338911019	-0.06279051952710844	1.2130418505632652	1.5
7.17	-0.9997542136462974	0.03141075908032708	1.206984222822015	1.5
7.18	-0.9979846777446084	0.12533323356647744	1.2009568453592978	1.5
7.19	-0.9889371219917834	0.21814324139868493	1.1949595671127842	1.5
7.2	-0.9727484221000875	0.30901699437701274	1.1889922377745146	1.5
7.21	-0.9496041494083358	0.397147890636778	1.1830547077871283	1.5
7.22	-0.9197361137182113	0.48175367410361425	1.1771468283401163	1.5
7.23	-0.8834196618471706	0.562083377853915	1.1712684513660923	1.5
7.24	-0.8409707610256265	0.6374239897503449	1.1654194295370828	1.5
7.25	-0.7927428965515682	0.7071067811880598	1.1595996162608322	1.5
7.26	-0.7391238131634498	0.7705132427771465	1.1538088656771295	1.5
7.27	-0.6805321294049327	0.8270805742757533	1.148047032654154	1.5
7.28	-0.6174138538359435	0.8763066800448872	1.1423139727848366	1.5
7.29	-0.5502388312958744	0.9177546256848212	1.1366095423832425	1.5
7.3	-0.4794971465486531	0.9510565162958043	1.1309335984809663	1.5
7.31	-0.40569551153746847	0.9759167619392047	1.125285998823552	1.5
7.32	-0.329353661151901	0.9921147013147412	1.1196666018669263	1.5
7.33	-0.25100078086357047	0.9995065603657968	1.1140752667738532	1.5
7.34	-0.1711719878251767	0.9980267284281417	1.1085118534104015	1.5
7.35	-0.09040488505760665	0.9876883405948135	1.102976222342433	1.5
7.36	-0.009236206186357876	0.9685831611281179	1.09746823483211	1.5
7.37	0.07180143414914048	0.9408807689535297	1.0919877528344173	1.5
7.38	0.15218267156828139	0.9048270524651489	1.0865346389937003	1.5
7.39	0.2313923948344969	0.8607420270029076	1.0811087566402255	1.5
7.4	0.30892861289207985	0.8090169943737483	1.075709969786753	1.5
7.41	0.38430518115374357	0.7501110696291167	1.0703381431251302	1.5
7.42	0.4570543845451959	0.6845471059272152	1.064993142022899	1.5
7.43	0.5267293769422843	0.6129070536513869	1.0596748325199221	1.5
7.44	0.5929064783451874	0.5358267949773059	1.0543830813250252	1.5
7.45	0.6551873322728643	0.453990499737771	1.0491177558126585	1.5
7.46	0.7132009262826277	0.3681245526828337	1.0438787240195693	1.5
7.47	0.7666054781018186	0.27899110603733346	1.0386658546414966	1.5
7.48	0.8150901885255062	0.18738131458378074	1.0334790170298802	1.5
7.49	0.8583768599779237	0.09410831331655352	1.0283180811885873	1.5
7.5	0.8962213765430423	-1.9601188522391954e-12	1.0231829177706515	1.5
7.51	0.9284150375293879	-0.09410831332045637	1.018073398075034	1.5
7.52	0.9547857325429436	-0.18738131458763152	1.012989394043397	1.5
7.53	0.9751989419826165	-0.2789911060410844	1.0079307782568923	1.5
7.54	0.9895585432835854	-0.3681245526864786	1.002897423932972	1.5
7.55	0.9978074005571854	-0.45399049974125133	0.9978892049222068	1.5
7.56	0.9998844411459598	-0.5358267949806039	1.4925209747187898	1.5
7.57	0.9935273484006163	-0.6129070536544844	1.4850676981012871	1.5
7.58	0.977595953912587	-0.684547105930073	1.477651641283894	1.5
7.59	0.9523596838698523	-0.7501110696317091	1.4702726184002324	1.5
7.6	0.9181731722186637	-0.8090169943760526	1.4629304445120963	1.5
7.61	0.8754703495119661	-0.8607420270048959	1.4556249356048134	1.5
7.62	0.8247579309846552	-0.904827052466812	1.4483559085826372	1.5
7.63	0.7666083990116307	-0.9408807689548527	1.4411231812641527	1.5
7.64	0.7016525757885067	-0.9685831611290894	1.4339265723777148	1.5
7.65	0.6305718816101175	-0.9876883405954267	1.426765901556903	1.5
7.66	0.5540903725945026	-0.9980267284283869	1.419640989336003	1.5
7.67	0.4729666492030224	-0.9995065603656741	1.4125516571455066	1.5
7.68	0.38798572353880945	-0.9921147013142498	1.4054977273076361	1.5
7.69	0.2999509292663865	-0.9759167619383495	1.3984790230318929	1.5
7.7	0.20967595318854843	-0.9510565162945973	1.3914953684106275	1.5
7.71	0.11797706214334498	-0.9177546256832699	1.3845465884146269	1.5
7.72	0.025665593047064148	-0.8763066800429986	1.3776325088887313	1.5
7.73	-0.06645923229528118	-0.8270805742735579	1.3707529565474676	1.5
7.74	-0.1576171124663399	-0.7705132427746567	1.3639077589707087	1.5
7.75	-0.2470530433128173	-0.7071067811852979	1.3570967445993487	1.5
7.76	-0.334043224690552	-0.6374239897473353	1.3503197427310059	1.5
7.77	-0.4179004621227476	-0.5620833778506845	1.343576583515743	1.5
7.78	-0.4979790351369453	-0.4817536741001789	1.3368670979518105	1.5
7.79	-0.573679010648989	-0.3971478906331932	1.3301911178814136	1.5
7.8	-0.6444499861858183	-0.3090169943732979	1.323548475986493	1.5
7.81	-0.709794253931343	-0.21814324139487298	1.3169390057845356	1.5
7.82	-0.7692693824951798	-0.1253332335625881	1.3103625416243985	1.5
7.83	-0.8224902189032749	-0.03141075907640878	1.3038189186821616	1.5
7.84	-0.8691303185592647	0.06279051953102095	1.2973079729569927	1.5
7.85	-0.908922815798996	0.15643446504189742	1.2908295412670385	1.5
7.86	-0.9416607521376342	0.24868988716649373	1.2843834612453358	1.5
7.87	-0.9671968833723775	0.3387379202468746	1.277969571335742	1.5
7.88	-0.9854429903447494	0.42577929156658667	1.271587710788884	1.5
7.89	-0.9963687213783963	0.5090414157518035	1.2652377196581321	1.5
7.9	-0.9999999971900234	0.5877852522938116	1.2589194387955887	1.5
7.91	-0.996417011425361	0.6613118653248858	1.2526327098481034	1.5
7.92	-0.9857518619048434	0.7289686274225311	1.2463773752532994	1.5
7.93	-0.9681858491843403	0.7901550123766871	1.2401532782356282	1.5
7.94	-0.9439464801570933	0.844327925502889	1.2339602628024384	1.5
7.95	-0.913304215158408	0.891006524189104	1.2277981737400687	1.5
7.96	-0.8765689974011955	0.9297764858888449	1.2216668566099542	1.5
7.97	-0.834086603586751	0.9602936856773903	1.215566157744758	1.5
7.98	-0.786234854220627	0.9822872507289899	1.2094959242445198	1.5
7.99	-0.733419721539195	0.9955619646032304	1.203456003972824	1.5
8.0	-0.676071372040149	1.0	1.1974462455529848	1.5
8.01	-0.614640179431662	0.9955619646029341	1.1914664983642556	1.5
8.02	-0.5495927423932921	0.9822872507284025	1.18551661253805	1.5
8.03	-0.48140793989858266	0.9602936856765236	1.1795964389541893	1.5
8.04	-0.4105730550080374	0.9297764858877066	1.173705829237163	1.5
8.05	-0.3375799960229596	0.8910065241877002	1.1678446357524097	1.5
8.06	-0.2629216417171525	0.8443279255012398	1.1620127116026222	1.5
8.07	-0.1870883350554043	0.7901550123748268	1.1562099106240578	1.5
8.08	-0.11056454738556053	0.7289686274204632	1.1504360873828798	1.5
8.09	-0.033825732572525316	0.6613118653226304	1.1446910971715127	1.5
8.1	0.042664612052320694	0.5877852522913906	1.1389747960050136	1.5
8.11	0.11845766370769681	0.5090414157492398	1.1332870406174644	1.5
8.12	0.1931217596236406	0.4257792915639046	1.127627688458382	1.5
8.13	0.2662446411492079	0.338737920244099	1.1219965976891433	1.5
8.14	0.3374354504396297	0.24868988716363644	1.1163936271794337	1.5
8.15	0.40632647637852193	0.15643446503902586	1.1108186365037076	1.5
8.16	0.47257464908150704	0.06279051952811934	1.1052714859376682	1.5
8.17	0.5358627849672812	-0.031410759079300486	1.099752036454768	1.5
8.18	0.5959005869399475	-0.12533323356544432	1.0942601497227231	1.5
8.19	0.6524254066700623	-0.21814324139764096	1.0887956881000462	1.5
8.2	0.7052027782516695	-0.30901699437598185	1.0833585146325975	1.5
8.21	0.7540267345987984	-0.39714789063577016	1.077948493050151	1.5
8.22	0.7987199197711234	-0.4817536741026395	1.0725654877629829	1.5
8.23	0.8391335119208403	-0.5620833778529833	1.0672093638584674	1.5
8.24	0.8751469726599954	-0.6374239897494659	1.0618799870977003	1.5
8.25	0.9066676392913189	-0.7071067811872431	1.056577223912132	1.5
8.26	0.9336301764608964	-0.7705132427763922	1.0513009414002217	1.5
8.27	0.9559959033313277	-0.8270805742750802	1.0460510073241054	1.5
8.28	0.9737520113197667	-0.8763066800442966	1.0408272901062816	1.5
8.29	0.9869106858167144	-0.9177546256843286	1.0356296588263143	1.5
8.3	0.995508143170864	-0.9510565162954211	1.0304579832175507	1.5
8.31	0.9996035917210782	-0.9759167619389311	1.0253121336638586	1.5
8.32	0.9987072110026043	-0.9921147013145786	1.5187544483357778	1.5
8.33	0.9903797924370593	-0.999506560365756	1.5111701683094023	1.5
8.34	0.9745199967535404	-0.998026728428224	1.5036237622814086	1.5
8.35	0.9513959160391765	-0.987688340595023	1.4961150411185171	1.5
8.36	0.9213274459465548	-0.9685831611284582	1.4886438166319327	1.5
8.37	0.884681351987483	-0.940880768953998	1.4812099015726283	1.5
8.38	0.8418661009642805	-0.9048270524657375	1.4738131096266502	1.5
8.39	0.7933265227300935	-0.8607420270036112	1.4664532554104535	1.5
8.4	0.7395383659074324	-0.8090169943745859	1.4591301544662487	1.5
8.41	0.6810028090048863	-0.7501110696300684	1.4518436232573841	1.5
8.42	0.6182409856191489	-0.6845471059282747	1.444593479163744	1.5
8.43	0.5517885791595479	-0.6129070536525577	1.4373795404771716	1.5
8.44	0.4821905388527334	-0.5358267949785571	1.4302016263969146	1.5
8.45	0.4099959647436004	-0.453990499739104	1.4230595570250963	1.5
8.46	0.33575320507337403	-0.3681245526842379	1.4159531533622023	1.5
8.47	0.2600052048528572	-0.2789911060387974	1.4088822373026009	1.5
8.48	0.18328513972318683	-0.18738131458530613	1.4018466316300722	1.5
8.49	0.10611236437003162	-0.09410831331812783	1.3948461600133708	1.5
8.5	0.028988699890022923	3.645830164180261e-13	1.3878806470018055	1.5
8.51	-0.04760492034719129	0.09410831331885376	1.3809499180208415	1.5
8.52	-0.12321143158402982	0.18738131458603632	1.3740537993677258	1.5
8.53	-0.1974002352264731	0.27899110603951127	1.3671921182071345	1.5
8.54	-0.26976940749873446	0.36812455268492905	1.360364702566839	1.5
8.55	-0.3399475179616809	0.45399049973976635	1.3535713813333958	1.5
8.56	-0.40759506075046964	0.5358267949791847	1.3468119842478636	1.5
8.57	-0.472405505223319	0.6129070536531339	1.3400863419015268	1.5
8.58	-0.5341059762673125	0.6845471059288271	1.3333942857316572	1.5
8.59	-0.592457577758755	0.75011106963056	1.3267356480172858	1.5
8.6	-0.6472553756087863	0.8090169943750228	1.320110261875001	1.5
8.61	-0.6983280594287955	0.8607420270039897	1.3135179612547638	1.5
8.62	-0.7455373041178718	0.904827052466054	1.3069585809357491	1.5
8.63	-0.7887768546018153	0.9408807689542498	1.3004319565222011	1.5
8.64	-0.8279713585421846	0.9685831611286431	1.2939379244393197	1.5
8.65	-0.8630749730867512	0.9876883405951393	1.2874763219291518	1.5
8.66	-0.8940697726576414	0.9980267284282707	1.2810469870465193	1.5
8.67	-0.9209639853792291	0.9995065603657327	1.274649758654957	1.5
8.68	-0.9437900860487158	0.9921147013144854	1.2682844764226748	1.5
8.69	-0.9626027735600062	0.9759167619387658	1.2619509808185405	1.5
8.7	-0.9774768604260022	0.9510565162951914	1.255649113108079	1.5
8.71	-0.9885051015212636	0.9177546256840278	1.2493787153494953	1.5
8.72	-0.9957959884075387	0.8763066800439384	1.2431396303897202	1.5
8.73	-0.9994715346289488	0.8270805742746624	1.2369317018604626	1.5
8.74	-0.9996650761932295	0.7705132427759184	1.2307547741742981	1.5
8.75	-0.9965191101126827	0.7071067811867074	1.2246086925207662	1.5
8.76	-0.9901831923853776	0.6374239897488931	1.2184933028624918	1.5
8.77	-0.9808119151760677	0.5620833778523567	1.2124084519313234	1.5
8.78	-0.9685629812293367	0.48175367410198805	1.2063539872244926	1.5
8.79	-0.9535953917359964	0.397147890635101	1.2003297570007911	1.5
8.8	-0.936067761999004	0.30901699437527486	1.1943356102767686	1.5
8.81	-0.9161367773267605	0.2181432413969155	1.1883713968229501	1.5
8.82	-0.8939557996392166	0.1253332335646927	1.1824369671600667	1.5
8.83	-0.8696736333235542	0.031410759078557476	1.1765321725553122	1.5
8.84	-0.8434334569381552	-0.06279051952886125	1.1706568650186153	1.5
8.85	-0.8153719254523014	-0.15643446503976008	1.1648108972989297	1.5
8.86	-0.7856184458385467	-0.24868988716437024	1.1589941228805443	1.5
8.87	-0.7542946270185695	-0.33873792024478505	1.1532063959794103	1.5
8.88	-0.7215139034130812	-0.4257792915645901	1.147447571539488	1.5
8.89	-0.6873813296725766	-0.5090414157498919	1.1417175052291137	1.5
8.9	-0.6519935425777377	-0.587785252291992	1.136016053437377	1.5
8.91	-0.6154388846016827	-0.661311865323188	1.130343073270525	1.5
8.92	-0.5777976822281773	-0.728968627420972	1.1246984225483816	1.5
8.93	-0.5391426708211522	-0.7901550123752824	1.1190819598007815	1.5
8.94	-0.49953955664263616	-0.8443279255016382	1.1134935442640272	1.5
8.95	-0.4590477055146931	-0.8910065241880442	1.1079330358773598	1.5
8.96	-0.4177209466096709	-0.9297764858879854	1.102400295279447	1.5
8.97	-0.3756084789225714	-0.960293685676731	1.0968951838048964	1.5
8.98	-0.33275586711401145	-0.9822872507285418	1.0914175634807717	1.5
8.99	-0.28920611259939477	-0.9955619646030027	1.0859672970231404	1.5
9.0	-0.24500078497587088	-1.0	1.0805442478336322	1.5
9.01	-0.20018119811170665	-0.9955619646031618	1.0751482799960135	1.5
9.02	-0.1547896144534472	-0.9822872507288559	1.0697792582727843	1.5
9.03	-0.1088704603291318	-0.9602936856771986	1.0644370481017855	1.5
9.04	-0.06247153424555263	-0.9297764858885974	1.0591215155928284	1.5
9.05	-0.015645189411017404	-0.8910065241887988	1.0538325275243365	1.5
9.06	0.03155052899376079	-0.8443279255025363	1.048569951340013	1.5
9.07	0.07905081186445166	-0.7901550123763098	1.0433336551455097	1.5
9.08	0.12678309999256931	-0.7289686274221195	1.0381235077051278	1.5
9.09	0.17466620417760598	-0.6613118653244454	1.0329393784385261	1.5
9.1	0.22260955179312006	-0.5877852522933481	1.0277811374174495	1.5
9.11	0.27051257906265147	-0.5090414157513226	1.022648655362472	1.5
9.12	0.3182642867520073	-0.42577929156610694	1.0175418036397563	1.5
9.13	0.36574297473593587	-0.33873792024636235	1.0124604542578306	1.5
9.14	0.4128161679437325	-0.24868988716598017	1.0074044798643813	1.5
9.15	0.45934074259283814	-0.15643446504141584	1.0023737537430593	1.5
9.16	0.5051632575133511	-0.06279051953052014	0.9973681498103059	1.5
9.17	0.5501204909377173	0.031410759076881914	0.9923875426121914	1.5
9.18	0.5940401786102888	0.12533323356302953	0.9874318073212727	1.5
9.19	0.6367419447026315	0.21814324139527946	0.982500819733463	1.5
9.2	0.6780384130322556	0.3090169943736805	0.9775944562649198	1.5
9.21	0.7177364826566556	0.3971478906335625	0.9727125939489472	1.5
9.22	0.7556387491792115	0.481753674100519	0.9678551104329153	1.5
9.23	0.7915450511099935	0.562083377850982	0.9630218839751918	1.5
9.24	0.8252541193639031	0.6374239897476014	0.9582127934420916	1.5
9.25	0.8565653073842554	0.707106781185532	0.953427718304841	1.5
9.26	0.8852803793485735	0.7705132427748498	0.9486665386365571	1.5
9.27	0.9112053343253661	0.827080574273728	0.9439291351092416	1.5
9.28	0.9341522449823894	0.8763066800431307	0.9392153889907907	1.5
9.29	0.953941090389084	0.9177546256833676	0.9345251821420187	1.5
9.3	0.9704015635190036	0.9510565162946734	0.929858397013697	1.5
9.31	0.9833748351745679	0.9759167619384033	0.9252149166436108	1.5
9.32	0.9927152571844938	0.9921147013142771	0.9205946246536226	1.5
9.33	0.9982919888390916	0.9995065603656801	0.9159974052467594	1.5
9.34	0.9999848906058854	0.998026728428375	1.411250688588346	1.5
9.35	0.9963773804178084	0.9876883405953993	1.4042032554622093	1.5
9.36	0.9864756053462328	0.9685831611290528	1.397191015455246	1.5
9.37	0.9703741233658973	0.9408807689548128	1.3902137928218175	1.5
9.38	0.9482041789291031	0.9048270524667557	1.3832714126939136	1.5
9.39	0.9201325454009053	0.860742027004843	1.3763637010767749	1.5
9.4	0.8863601952203672	0.8090169943759998	1.3694904848445237	1.5
9.41	0.8471208060646196	0.7501110696316592	1.3626515917358326	1.5
9.42	0.8026791118350578	0.6845471059300283	1.3558468503496033	1.5
9.43	0.7533291078158406	0.6129070536544585	1.349076090140671	1.5
9.44	0.6993921198725873	0.5358267949806002	1.3423391414155323	1.5
9.45	0.6412147480579369	0.45399049974126005	1.3356358353280897	1.5
9.46	0.579166695470687	0.3681245526864613	1.32896600387542	1.5
9.47	0.5136384936681421	0.27899110604110744	1.3223294798935683	1.5
9.48	0.4450391363577224	0.18738131458766907	1.3157260970533515	1.5
9.49	0.37379363348442873	0.0941083133205227	1.3091556898561922	1.5
9.5	0.3003404981851897	2.0409715381696572e-12	1.302618093629974	1.5
9.51	0.2251291793921357	-0.09410831331645889	1.2961131445249103	1.5
9.52	0.14861745313041685	-0.18738131458367338	1.2896406795094404	1.5
9.53	0.07126878576902891	-0.2789911060371876	1.2832005363661414	1.5
9.54	-0.006450317361385481	-0.36812455268267924	1.276792553687664	1.5
9.55	-0.08407296447253436	-0.45399049973763567	1.2704165708726862	1.5
9.56	-0.16113451740161008	-0.5358267949771657	1.2640724281218918	1.5
9.57	-0.23717520576539103	-0.6129070536512331	1.2577599664339592	1.5
9.58	-0.31174270178150326	-0.684547105927063	1.2514790276015808	1.5
9.59	-0.3843946425318441	-0.7501110696289692	1.2452294542074964	1.5
9.6	-0.45470108669424336	-0.8090169943736005	1.2390110896205486	1.5
9.61	-0.522246893097577	-0.8607420270027724	1.2328237779917572	1.5
9.62	-0.5866340088599058	-0.9048270524650237	1.2266673642504118	1.5
9.63	-0.6474836553515282	-0.9408807689534301	1.2205416941001865	1.5
9.64	-0.7044384007830691	-0.9685831611280413	1.2144466140152748	1.5
9.65	-0.7571641088515595	-0.987688340594763	1.2083819712365371	1.5
9.66	-0.8053517535848614	-0.9980267284281197	1.2023476137676756	1.5
9.67	-0.848719091300321	-0.9995065603658088	1.1963433903714247	1.5
9.68	-0.8870121814382692	-0.9921147013147887	1.190369150565758	1.5
9.69	-0.9200067489356777	-0.9759167619392937	1.1844247446201217	1.5
9.7	-0.947509381768988	-0.9510565162959304	1.178510023551676	1.5
9.71	-0.9693585583075592	-0.9177546256849888	1.1726248391215646	1.5
9.72	-0.9854255001764737	-0.8763066800450973	1.1667690438312022	1.5
9.73	-0.995614847417911	-0.8270805742760144	1.1609424909185713	1.5
9.74	-0.9998651538559735	-0.7705132427774517	1.1551450343545475	1.5
9.75	-0.9981492016981596	-0.7071067811884084	1.1493765288392404	1.5
9.76	-0.9904741355346108	-0.6374239897507467	1.1436368297983506	1.5
9.77	-0.976881417008378	-0.562083377854358	1.1379257933795461	1.5
9.78	-0.9574466025085206	-0.48175367410409603	1.132243276448858	1.5
9.79	-0.932278947262904	-0.39714789063729566	1.1265891365870926	1.5
9.8	-0.9015208401561806	-0.3090169943775627	1.1209632320862606	1.5
9.81	-0.8653470744446964	-0.21814324139924923	1.1153654219460307	1.5
9.82	-0.8239639602561095	-0.1253332335670934	1.1097955658701888	1.5
9.83	-0.7776082853166406	-0.031410759080961845	1.1042535242631255	1.5
9.84	-0.7265461307110836	0.06279051952646045	1.0987391582263377	1.5
9.85	-0.6710715486196908	0.15643446503738415	1.0932523295549457	1.5
9.86	-0.6115051088617138	0.24868988716204024	1.0877929007342317	1.5
9.87	-0.5481923206879624	0.33873792024253513	1.0823607349361912	1.5
9.88	-0.48150193559194393	0.42577929156240063	1.0769556960161037	1.5
9.89	-0.4118241359574626	0.5090414157478091	1.0715776485091244	1.5
9.9	-0.3395686131610152	0.5877852522900457	1.0662264576268827	1.5
9.91	-0.26516253735976714	0.6613118653213835	1.0609019892541094	1.5
9.92	-0.18904841971766595	0.7289686274193253	1.0556041099452727	1.5
9.93	-0.11168186639171337	0.7901550123737993	1.0503326869212344	1.5
9.94	-0.033529222393811356	0.8443279255003492	1.0450875880659223	1.5
9.95	0.044934897326380625	0.8910065241869456	1.039868681923019	1.5
9.96	0.12323019234097535	0.9297764858870999	1.034675837692666	1.5
9.97	0.20087337872988767	0.9602936856760599	1.0295089252281893	1.5
9.98	0.2773810087253381	0.9822872507280911	1.024367815032832	1.5
9.99	0.352272405106264	0.9955619646027777	1.0192523782565126	1.5
10.0	0.42507270319254986	1.0	1.014162486692595	1.5
10.01	0.4953159879685001	0.9955619646033882	1.0090980127746747	1.5
10.02	0.5625485077225869	0.9822872507293067	1.004058829573382	1.5
10.03	0.6263319390188358	0.9602936856778698	0.9990448107932008	1.5
10.04	0.6862466712947715	0.9297764858894829	0.9940558307693032	1.5
10.05	0.7418950734424232	0.8910065241898909	0.989091764464399	1.5
10.06	0.792904699875079	0.8443279255038253	0.9841524874656057	1.5
10.07	0.8389313902364197	0.7901550123777755	0.9792378759813253	1.5
10.08	0.8796622153524395	0.7289686274237566	0.9743478068381445	1.5
10.09	0.9148182223819061	0.66131186532625	0.9694821574777474	1.5
10.1	0.9441569343350272	0.5877852522952943	0.9646408059538438	1.5
10.11	0.9674745630047713	0.5090414157534054	0.9598236309291127	1.5
10.12	0.9846078995799127	0.42577929156827066	0.9550305116721612	1.5
10.13	0.995435853410658	0.3387379202486257	0.9502613280544984	1.5
10.14	0.9998806153462031	0.24868988716832394	0.9455158420836254	1.5
10.15	0.9968709263263956	0.15643446504377773	1.438777373116379	1.5
10.16	0.984417725162786	0.06279051953293514	1.4315924786093808	1.5
10.17	0.9627042554764157	-0.031410759074477546	1.4244434636693262	1.5
10.18	0.9320556320919177	-0.12533323356065706	1.4173301491226287	1.5
10.19	0.8928732363268798	-0.21814324139291796	1.4102523566904486	1.5
10.2	0.845628628677345	-0.30901699437140623	1.4032099089842267	1.5
10.21	0.7908570585092328	-0.3971478906313417	1.396202629501237	1.5
10.22	0.7291506518842734	-0.48175367409841097	1.3892303426201662	1.5
10.23	0.6611513564892856	-0.5620833778489924	1.3822928735967084	1.5
10.24	0.5875437198870859	-0.6374239897457479	1.375390048559186	1.5
10.25	0.5090475740507043	-0.7071067811838211	1.3685216945041947	1.5
10.26	0.42641069546036287	-0.7705132427733254	1.3616876392922652	1.5
10.27	0.3404015060115742	-0.827080574272368	1.354887711643551	1.5
10.28	0.25180187567305945	-0.8763066800419719	1.3481217411335322	1.5
10.29	0.16140008331013198	-0.9177546256824123	1.3413895581887478	1.5
10.3	0.06998398741417339	-0.95105651629393	1.3346909940825427	1.5
10.31	-0.021665546295475586	-0.9759167619378754	1.3280258809308445	1.5
10.32	-0.11278091825297346	-0.9921147013139756	1.3213940516879472	1.5
10.33	-0.20261373209378095	-0.9995065603656045	1.3147953401423318	1.5
10.34	-0.2904403628429948	-0.998026728428527	1.308229580912497	1.5
10.35	-0.3755671284414795	-0.9876883405957778	1.3016966094428162	1.5
10.36	-0.4573350414280452	-0.9685831611296547	1.2951962619994126	1.5
10.37	-0.5351241220920318	-0.9408807689556277	1.288728375666054	1.5
10.38	-0.608357258756163	-0.9048270524677859	1.2822927883400717	1.5
10.39	-0.676503605028095	-0.8607420270060748	1.2758893387282997	1.5
10.4	-0.7390815078524442	-0.8090169943774221	1.2695178663430267	1.5
10.41	-0.7956609639908927	-0.7501110696332595	1.263178211497977	1.5
10.42	-0.8458656061468189	-0.6845471059317922	1.25687021530431	1.5
10.43	-0.8893742233217644	-0.6129070536563592	1.2505937196666352	1.5
10.44	-0.9259218231405583	-0.5358267949826432	1.244348567279051	1.5
10.45	-0.9553002468033057	-0.4539904997434034	1.2381346016212023	1.5
10.46	-0.9773583500141654	-0.36812455268871114	1.2319516669543564	1.5
10.47	-0.9920017656965875	-0.27899110604343114	1.2257996083175042	1.5
10.48	-0.9991922665321299	-0.18738131459003202	1.2196782715234695	1.5
10.49	-0.9989467473557632	-0.09410831332291758	1.2135875031550507	1.5
10.5	-0.9913358492060679	-4.446526092757341e-12	1.207527150561171	1.5
10.51	-0.976482248365638	0.094108313314064	1.2014970618530574	1.5
10.52	-0.9545586350380747	0.18738131458129648	1.1954970859004297	1.5
10.53	-0.9257854073959286	0.27899110603487753	1.1895270723277154	1.5
10.54	-0.8904281076018037	0.3681245526804426	1.18358687151028	1.5
10.55	-0.8487946270559377	0.45399049973547967	1.1776763345706753	1.5
10.56	-0.8012322085606379	0.5358267949751225	1.1717953133749142	1.5
10.57	-0.7481242733185167	0.6129070536493324	1.1659436605287494	1.5
10.58	-0.6898871006996867	0.6845471059252991	1.160121229373985	1.5
10.59	-0.6269663885257125	0.750111069627369	1.1543278739847995	1.5
10.6	-0.559833721226757	0.8090169943721865	1.148563449164089	1.5
10.61	-0.4889829726354143	0.8607420270015407	1.1428278104398268	1.5
10.62	-0.41492666938602984	0.9048270524639995	1.1371208140614444	1.5
10.63	-0.33819233989436154	0.9408807689526152	1.131442316996225	1.5
10.64	-0.25931887270048337	0.9685831611274395	1.1257921769257258	1.5
10.65	-0.1788529065674064	0.9876883405943867	1.1201702522422041	1.5
10.66	-0.09734527314786012	0.9980267284279677	1.1145764020450704	1.5
10.67	-0.015347511261333276	0.9995065603658843	1.1090104861373586	1.5
10.68	0.06659153012024614	0.9921147013150902	1.1034723650222116	1.5
10.69	0.14792898518387362	0.9759167619398215	1.0979618998993828	1.5
10.7	0.22813114812837945	0.9510565162966781	1.0924789526617613	1.5
10.71	0.3066765231370617	0.9177546256859441	1.0870233858919065	1.5
10.72	0.3830587394294265	0.876306680046263	1.0815950628586097	1.5
10.73	0.4567893257076842	0.8270805742773666	1.0761938475134605	1.5
10.74	0.5274003405583841	0.7705132427789941	1.070819604487441	1.5
10.75	0.594446857394319	0.7071067811901195	1.0654721990875327	1.5
10.76	0.6575093042003499	0.6374239897526002	1.0601514972933401	1.5
10.77	0.7161956595382716	0.5620833778563594	1.0548573657537326	1.5
10.78	0.7701435068328545	0.481753674106204	1.0495896717835007	1.5
10.79	0.819021948769157	0.3971478906395164	1.0443482833600324	1.5
10.8	0.8625333825879175	0.309016994379864	1.0391330691200036	1.5
10.81	0.9004151351264889	0.21814324140161073	1.0339438983560862	1.5
10.82	0.9324409536532562	0.12533323356947998	1.0287806410136717	1.5
10.83	0.9584223450167942	0.03141075908338041	1.0236431676876108	1.5
10.84	0.9782097516148647	-0.06279051952405963	1.0185313496189714	1.5
10.85	0.9916935485207835	-0.15643446503499417	1.0134450586918127	1.5
10.86	0.9988048422019974	-0.2486898871596965	1.0083841674299714	1.5
10.87	0.9992232664941176	-0.3387379202402584	1.5023752447875405	1.5
10.88	0.9901526637046263	-0.425779291560224	1.4948727584088826	1.5
10.89	0.9710800716803465	-0.5090414157457386	1.4874077375715795	1.5
10.9	0.9423186213021124	-0.5877852522880996	1.4799799951820827	1.5
10.91	0.9042736094264118	-0.6613118653195684	1.4725893450811434	1.5
10.92	0.8574357109708424	-0.7289686274176689	1.4652356020391457	1.5
10.93	0.8023735398316633	-0.7901550123723249	1.4579185817514642	1.5
10.94	0.7397256694741544	-0.8443279254990602	1.4506381008338438	1.5
10.95	0.6701922240236994	-0.8910065241858536	1.4433939768178061	1.5
10.96	0.5945261493478239	-0.9297764858862092	1.4361860281460723	1.5
10.97	0.5135242710771538	-0.9602936856753888	1.429014074168019	1.5
10.98	0.4280182428930498	-0.9822872507276403	1.421877935135144	1.5
10.99	0.33886548384127174	-0.99556196460255	1.414777432196564	1.5
11.0	0.24694019804533054	-1.0	1.4077123873945336	1.5
11.01	0.15312456411749778	-0.9955619646036146	1.4006826236599834	1.5
11.02	0.05830017493037161	-0.9822872507297574	1.3936879648080829	1.5
11.03	-0.036660198665464196	-0.9602936856785409	1.3867282355338235	1.5
11.04	-0.13090045399200775	-0.9297764858903684	1.3798032614076274	1.5
11.05	-0.22358855399233468	-0.891006524190983	1.372912868870973	1.5
11.06	-0.3139234251328918	-0.8443279255051219	1.3660568852320498	1.5
11.07	-0.4011413126634535	-0.7901550123792586	1.3592351386614236	1.5
11.08	-0.48452155781710965	-0.728968627425413	1.3524474581877346	1.5
11.09	-0.5633917690709745	-0.6613118653280543	1.3456936736934106	1.5
11.1	-0.6371323669144684	-0.587785252297252	1.3389736159104055	1.5
11.11	-0.7051804886284572	-0.5090414157554637	1.332287116415954	1.5
11.12	-0.7670332463152171	-0.42577929157046013	1.3256340076283533	1.5
11.13	-0.8222503377908996	-0.33873792025088906	1.319014122802759	1.5
11.14	-0.8704560159265718	-0.2486898871706539	1.312427296027014	1.5
11.15	-0.9113404275716255	-0.1564344650461677	1.3058733622174803	1.5
11.16	-0.9446603382932228	-0.06279051953533595	1.299352157114908	1.5
11.17	-0.970239263804389	0.03141075907207318	1.292863517280317	1.5
11.18	-0.9879670331204577	0.12533323355827047	1.2864072800908994	1.5
11.19	-0.9977988121760883	0.21814324139057037	1.2799832837359468	1.5
11.2	-0.9997536198543465	0.3090169943691049	1.2735913672127914	1.5
11.21	-0.9939123711292257	0.397147890629134	1.2672313703227727	1.5
11.22	-0.9804154843135946	0.481753674096303	1.2609031336672245	1.5
11.23	-0.9594600912469179	0.5620833778470028	1.2546064986434748	1.5
11.24	-0.9312968906664949	0.6374239897438945	1.2483413074408751	1.5
11.25	-0.8962266859991598	0.7071067811821301	1.2421074030368433	1.5
11.26	-0.8545966494063083	0.770513242771783	1.2359046291929294	1.5
11.27	-0.8067963541343444	0.8270805742710239	1.2297328304508985	1.5
11.28	-0.7532536170865615	0.876306680040813	1.2235918521288351	1.5
11.29	-0.6944301930641167	0.9177546256814513	1.2174815403172676	1.5
11.3	-0.6308173613453547	0.9510565162931865	1.2114017418753087	1.5
11.31	-0.5629314442085157	0.9759167619373537	1.2053523044268197	1.5
11.32	-0.4913092956757224	0.9921147013136723	1.1993330763565895	1.5
11.33	-0.41650379719013264	0.9995065603655294	1.193343906806535	1.5
11.34	-0.33907939515523194	0.9980267284286781	1.1873846456719208	1.5
11.35	-0.25960771328884424	0.9876883405961542	1.1814551435975977	1.5
11.36	-0.17866327059686019	0.9685831611302529	1.175555251974258	1.5
11.37	-0.09681933347274188	0.9408807689564473	1.1696848229347128	1.5
11.38	-0.014643928000430372	0.9048270524688102	1.1638437093501823	1.5
11.39	0.06730396399996408	0.8607420270072993	1.158031764826616	1.5
11.4	0.14847800427534003	0.8090169943788361	1.1522488437010143	1.5
11.41	0.22834787458526173	0.7501110696348503	1.1464948010377833	1.5
11.42	0.30640241484304964	0.6845471059335458	1.1407694926251017	1.5
11.43	0.38215251030107933	0.6129070536582713	1.135072774971306	1.5
11.44	0.4551337179452021	0.5358267949846743	1.129404505301294	1.5
11.45	0.5249086250809695	0.45399049974555944	1.1237645415529467	1.5
11.46	0.5910689358935448	0.368124552690961	1.1181527423735664	1.5
11.47	0.6532372845211177	0.2789911060457412	1.1125689671163397	1.5
11.48	0.7110687758735774	0.18738131459240892	1.1070130758368035	1.5
11.49	0.7642522580218035	0.09410831332531247	1.1014849292893443	1.5
11.5	0.8125113324428391	6.852080647345024e-12	1.0959843889237064	1.5
11.51	0.8556051106886876	-0.09410831331165498	1.0905113168815195	1.5
11.52	0.893328728097948	-0.18738131457893353	1.0850655759928434	1.5
11.53	0.9255136269321141	-0.27899110603256755	1.07964702977273	1.5
11.54	0.9520276227226326	-0.368124552678206	1.0742555424178033	1.5
11.55	0.9727747685894659	-0.4539904997333363	1.0688909788028544	1.5
11.56	0.9876950327643124	-0.5358267949730795	1.063553204477459	1.5
11.57	0.9967638044562935	-0.6129070536474204	1.0582420856626005	1.5
11.58	0.9999912497210132	-0.6845471059235455	1.0529573229620366	1.5
11.59	0.9955431899227716	-0.7501110696257781	1.5453390347518314	1.5
11.6	0.9812406560028317	-0.809016994370781	1.5376219979470407	1.5
11.61	0.9573354200190408	-0.8607420270003161	1.529943498094794	1.5
11.62	0.9241770046292644	-0.9048270524629752	1.5223033427511843	1.5
11.63	0.8822002275412287	-0.9408807689518004	1.5147013404333205	1.5
11.64	0.8319184244606275	-0.9685831611268448	1.5071373006145334	1.5
11.65	0.7739160754092925	-0.9876883405940081	1.4996110337195907	1.5
11.66	0.7088409403372311	-0.9980267284278167	1.4921223511199548	1.5
11.67	0.6373958104673195	-0.9995065603659599	1.484671065129051	1.5
11.68	0.5603299810107515	-0.9921147013153917	1.477256988997564	1.5
11.69	0.478430548870831	-0.9759167619403432	1.469879936908759	1.5
11.7	0.392513635813865	-0.9510565162974214	1.462539723973822	1.5
11.71	0.30341563344398903	-0.9177546256869051	1.455236166227228	1.5
11.72	0.21198456128676427	-0.8763066800474218	1.447969080622132	1.5
11.73	0.11907162348777038	-0.8270805742787267	1.4407382850257766	1.5
11.74	0.025523043186455166	-0.7705132427805184	1.4335435982149305	1.5
11.75	-0.06782775334797313	-0.7071067811918205	1.426384839871346	1.5
11.76	-0.16016753811218165	-0.6374239897544646	1.4192618305772395	1.5
11.77	-0.2507102112660764	-0.5620833778583489	1.412174391810796	1.5
11.78	-0.3387032103627528	-0.4817536741083245	1.405122345941692	1.5
11.79	-0.4234333576847917	-0.3971478906417241	1.398105516226647	1.5
11.8	-0.5042321123895046	-0.30901699438215186	1.3911237268049903	1.5
11.81	-0.5804802019922872	-0.21814324140395835	1.384176802694259	1.5
11.82	-0.6516116153590225	-0.12533323357186657	1.3772645697858055	1.5
11.83	-0.7171169467659699	-0.031410759085770575	1.3703868548404392	1.5
11.84	-0.7765460876525544	0.06279051952164465	1.3635434854840809	1.5
11.85	-0.829510269385826	0.15643446503261824	1.3567342902034458	1.5
11.86	-0.8756834666261248	0.24868988715736653	1.3499590983417438	1.5
11.87	-0.9148031766961487	0.33873792023799504	1.3432177400944008	1.5
11.88	-0.9466705956768986	0.4257792915580474	1.3365100465048043	1.5
11.89	-0.971150216763039	0.509041415743668	1.3298358494600724	1.5
11.9	-0.9881688806907992	0.5877852522861535	1.323194981686832	1.5
11.91	-0.9977143117948263	0.6613118653177746	1.3165872767470344	1.5
11.92	-0.999833176454153	0.7289686274160221	1.3100125690337803	1.5
11.93	-0.9946287033544732	0.7901550123708505	1.303470693767169	1.5
11.94	-0.9822579071329455	0.8443279254977712	1.2969614869901704	1.5
11.95	-0.9629284585955485	0.8910065241847615	1.2904847855645145	1.5
11.96	-0.9368952458227237	0.9297764858853184	1.2840404271666017	1.5
11.97	-0.904456671127539	0.9602936856747136	1.2776282502834395	1.5
11.98	-0.8659507290249902	0.9822872507271896	1.271248094208588	1.5
11.99	-0.8217509101385952	0.9955619646023235	1.2648997990381348	1.5
12.0	-0.772268790115423	1.0	1.2585838923205583	1.5
