0.0	1.0	1.0	1.25	1.0
0.01	0.9975770669429876	0.9980254953469184	1.2437655989908527	1.000625
0.02	0.9903792018646597	0.9921048546054106	1.2375622921864593	1.00125
0.03	0.9785261697226574	0.9822541223798313	1.231389924503828	1.001875
0.04	0.9621544573687223	0.9685049850999996	1.2252483416334439	1.0025
0.05	0.941415923882144	0.9509047133569187	1.2191373900354157	1.003125
0.06	0.916476480256109	0.9295160417162917	1.213056916935635	1.00375
0.07	0.8875148026542984	0.9044169860625494	1.2070067703219578	1.004375
0.08	0.8547210827928824	0.8757005987779091	1.2009867989404044	1.005
0.09	0.8182958184051824	0.8434746623138734	1.194996852291377	1.005625
0.1	0.7784486462060122	0.8078613219656051	1.1890367806258915	1.00625
0.11	0.7353972192856482	0.7689966589119829	1.183106434941863	1.006875
0.12	0.689366130422711	0.7270302048332578	1.1772056669803246	1.0075
0.13	0.6405858824103482	0.6821243996673347	1.1713343292217766	1.008125
0.14	0.5892919061271394	0.6344539943066002	1.1654922748825074	1.00875
0.15	0.5357236267248274	0.5842054002743594	1.159679357910691	1.009375
0.16	0.48012357749130985	0.531575988662238	1.1538954329832947	1.01
0.17	0.4227365732639854	0.47677334080946815	1.1481403555018215	1.010625
0.18	0.36380889923488313	0.4200144534561949	1.142413981589035	1.01125
0.19	0.3035875702016766	0.36152490128081655	1.136716168085289	1.011875
0.2	0.24231964285280194	0.3015379599444958	1.1310467725449493	1.0125
0.21	0.18025156790582808	0.24029369294779993	1.125405653232832	1.013125
0.22	0.11762858129160154	0.17803800577966394	1.1197926691206603	1.01375
0.23	0.054694133606508315	0.11502167100084237	1.1142076798835392	1.014375
0.24	-0.008310643239201644	0.05149932805243478	1.108650545896447	1.015
0.25	-0.07114743381359293	-0.012271538285717159	1.1031211282307443	1.015625
0.26	-0.13358120380501023	-0.07603163674275823	1.0976192886507015	1.01625
0.27	-0.19538063483646426	-0.1395209215629892	1.0921448896100445	1.016875
0.28	-0.2563185337590135	-0.20247965343559943	1.086697794248508	1.0175
0.29	-0.316172221713092	-0.2646494650418736	1.0812778663884264	1.018125
0.3	-0.3747239091594996	-0.32577442686108116	1.0758849705313245	1.01875
0.31	-0.431761063855433	-0.3856021088398736	1.0705189718545236	1.019375
0.32	-0.4870767793248152	-0.4438846335121083	1.0651797362077662	1.02
0.33	-0.5404701516890563	-0.500379716155969	1.0598671301099059	1.020625
0.34	-0.591746672738073	-0.554851687596077	1.0545810207454906	1.02125
0.35	-0.640718646782629	-0.6070724952909349	1.0493212759615222	1.021875
0.36	-0.6872056381241454	-0.6568226784072838	1.0440877642641135	1.0225
0.37	-0.731034954868757	-0.7038923126532818	1.0388803548151566	1.023125
0.38	-0.7720421733045936	-0.7480819207342022	1.0336989174292421	1.02375
0.39	-0.8100717051676364	-0.7892033444133979	1.0285433225700784	1.024375
0.4	-0.8449774078328041	-0.827080574274368	1.023413441347502	1.025
0.41	-0.8766232348744825	-0.8615505334423793	1.0183091455142737	1.025625
0.42	-0.9048839215442895	-0.8924638116785787	1.0132303074628075	1.02625
0.43	-0.9296456966195749	-0.9196853464408404	1.0081768002218123	1.026875
0.44	-0.9508070088599583	-0.9430950477001552	1.0031484974530598	1.0275
0.45	-0.9682792530789671	-0.9625883635118965	0.9981452734493316	1.028125
0.46	-0.9819874777310602	-0.978076783585233	0.9931670031294636	1.02875
0.47	-0.9918710528219706	-0.9894882782930251	0.9882135620359194	1.029375
0.48	-0.9978842716985511	-0.9967676708576361	0.9832848263331917	1.03
0.49	-0.9999968857111678	-0.9998769407013729	0.9783806728023352	1.030625
0.5	-0.9981945453081007	-0.9987954562051724	0.973500978839256	1.03125
0.51	-0.9924791456861602	-0.9935201354335221	0.9686456224513511	1.031875
0.52	-0.9828690541289441	-0.9840655336600298	0.9638144822544578	1.0325
0.53	-0.9693992109236413	-0.9704638568355001	0.9590074374698195	1.033125
0.54	-0.9521211033893264	-0.9527649004478184	0.9542243679210664	1.03375
0.55	-0.9311026148091722	-0.9310359135362869	0.9494651540312105	1.034375
0.56	-0.9064277520979377	-0.9053613879402623	0.9447296768196567	1.035
0.57	-0.878196257821227	-0.8758427731816779	0.9400178178992281	1.035625
0.58	-0.84652311369097	-0.842598117701948	0.9353294594732064	1.03625
0.59	-0.8115379438789885	-0.8057616374944623	0.9306644843323864	1.036875
0.6	-0.7733843274139316	-0.7654832134930897	0.9260227758521471	1.0375
0.61	-0.7322190295618332	-0.7219278193931655	0.9214042179895348	1.038125
0.62	-0.6882111624516617	-0.6752748818934047	0.9168086952803614	1.03875
0.63	-0.6415412853154774	-0.6257175756531758	0.9122360928363209	1.039375
0.64	-0.5924004545957537	-0.5734620555583699	0.9076862963421144	1.04
0.65	-0.5409892338622994	-0.5187266291797559	0.9031591920525955	1.040625
0.66	-0.48751667301176255	-0.461740872587707	0.8986546667899087	1.04125
0.67	-0.43219926563286626	-0.4027446929579462	0.8941726079407029	1.041875
0.68	-0.3752598927406024	-0.34198734165707817	0.8897129034532728	1.0425
0.69	-0.3169267603570713	-0.2797263817426991	0.885275441834747	1.043125
0.7	-0.2574323376696123	-0.2162266140414401	0.8808601121483911	1.04375
0.71	-0.19701230175412304	-0.15175896617436377	0.8764668040107183	1.044375
0.72	-0.13590449415809233	-0.08659934910440091	0.8720954075887957	1.045
0.73	-0.07434789397995659	-0.021027485948085418	0.8677458135974786	1.045625
0.74	-0.012581611504599037	0.044674282043618514	0.86341791329669	1.04625
0.75	0.04915609405164548	0.11022220729364901	0.8591115984887294	1.046875
0.76	0.11062876956144173	0.17533236034014024	0.8548267615155135	1.0475
0.77	0.17160269299570133	0.2397218616573864	0.8505632952557515	1.048125
0.78	0.23184776591501047	0.30311011551949585	0.8463210931227725	1.04875
0.79	0.29113837119554214	0.36522004055718427	0.8421000490610908	1.049375
0.8	0.34925419385806666	0.4257792915651377	0.837900057544539	1.05
0.81	0.40598100309797613	0.4845214671901977	0.8337210135731076	1.050625
0.82	0.46111139370377546	0.5411872980889535	0.8295628126705414	1.05125
0.83	0.5144454852561382	0.595525810225238	0.8254253508813085	1.051875
0.84	0.565791577669702	0.6472954580142847	0.8213085247687452	1.0525
0.85	0.614966761943518	0.6962652221561776	0.8172122314124193	1.053125
0.86	0.6617974852979632	0.7422156670919658	0.813136368404124	1.05375
0.87	0.7061200702477612	0.7849399531087673	0.8090808338472286	1.054375
0.88	0.7477811909770069	0.8242447983908967	0.8050455263539271	1.055
0.89	0.7866383308413162	0.8599513864231889	0.8010303450403989	1.055625
0.9	0.8225601575078302	0.891896214322821	0.7970351895272171	1.05625
0.91	0.8554268649404752	0.9199318780311251	0.7930599599352856	1.056875
0.92	0.8851304740507481	0.9439277904218609	0.7891045568836582	1.0575
0.93	0.9115750870278914	0.9637708287169072	0.7851688814870522	1.058125
0.94	0.9346770973978448	0.9793659078685212	0.7812528353533778	1.05875
0.95	0.9543653562471981	0.9906364768744496	0.7773563205812762	1.059375
0.96	0.9705812951281898	0.9975249353131277	0.7734792397576783	1.06
0.97	0.9832790062359958	0.9999929677223398	0.7696214959553702	1.060625
0.98	0.9924252805203195	0.998021793794253	0.7657829927305319	1.06125
0.99	0.9979996044599673	0.9916123327216894	0.7619636341203896	1.061875
1.0	0.9999941162939592	0.980785280403747	0.7581633246409458	1.0625
1.01	0.9975931671779531	0.9655810985960867	1.2520309306259498	1.063125
1.02	0.9898509215727476	0.946059915495073	1.2457864003080477	1.06375
1.03	0.9768972607833788	0.9223013376110937	1.239573014715038	1.064375
1.04	0.9588871336637842	0.8944041732212268	1.2333906185119572	1.065
1.05	0.935995775884573	0.8624860680640343	1.2272390571385783	1.065625
1.06	0.9084170251735144	0.8266830543554048	1.2211181768055466	1.06625
1.07	0.8763616569013414	0.7871490146006662	1.215027824490535	1.066875
1.08	0.8400557495877208	0.7440550620759452	1.2089678479344186	1.0675
1.09	0.7997390878590896	0.6975888402439592	1.2029380956374673	1.068125
1.1	0.7556636086157971	0.6479537437547609	1.1969384168555606	1.06875
1.11	0.7080918946769396	0.5953680640585886	1.1909686615964152	1.069375
1.12	0.6572957189645335	0.5400640630241187	1.1850286806158394	1.07
1.13	0.6035546413455725	0.482286978309189	1.1791183254139994	1.070625
1.14	0.5471546595409517	0.42229396457092166	1.1732374482317078	1.07125
1.15	0.4883869149949257	0.36035297492613383	1.1673859020467279	1.071875
1.16	0.427546454234378	0.29674158737967077	1.1615635405701006	1.0725
1.17	0.36493104598731024	0.23174578122588668	1.155770218242487	1.073125
1.18	0.3008400541297066	0.1656586686957035	1.150005790230527	1.07375
1.19	0.23557336634712495	0.09877918736695128	1.1442701124232124	1.074375
1.2	0.16943037819517104	0.03141075907815683	1.1385630414283114	1.075
1.21	0.10270903198822919	-0.03614007871819224	1.132884434568745	1.075625
1.22	0.03570490962210039	-0.10356506305240208	1.1272341498790492	1.07625
1.23	-0.03128962198098111	-0.17055561073170694	1.1216120461018069	1.076875
1.24	-0.0979862146212816	-0.23680423245932986	1.1160179826841352	1.0775
1.25	-0.16410129417931846	-0.30200594931914504	1.1104518197741617	1.078125
1.26	-0.22935677066901183	-0.36585970510546173	1.1049134182175273	1.07875
1.27	-0.2934807068023286	-0.42806976794857765	1.0994026395538652	1.079375
1.28	-0.35620794963317337	-0.48834711468422226	1.0939193460134806	1.08
1.29	-0.4172807306018689	-0.5464107914535085	1.0884634005137037	1.080625
1.3	-0.47644923998097816	-0.6019892440680619	1.0830346666556456	1.08125
1.31	-0.5334721823361745	-0.6548216117823478	1.0776330087206798	1.081875
1.32	-0.5881173200532823	-0.7046589782255185	1.072258291666994	1.0825
1.33	-0.6401620122386329	-0.7512655734018329	1.0669103811265035	1.083125
1.34	-0.6893937563171083	-0.7944199208587351	1.0615891434011446	1.08375
1.35	-0.7356107393454958	-0.8339159243189987	1.056294445459605	1.084375
1.36	-0.778622405447357	-0.8695638883244307	1.051026154934151	1.085
1.37	-0.8182500447745155	-0.9011914677046697	1.0457841401173928	1.085625
1.38	-0.8543274080024075	-0.9286445409813989	1.0405682699586576	1.08625
1.39	-0.8867013485425203	-0.9517880031296663	1.0353784140606261	1.086875
1.4	-0.9152324924262653	-0.9705064734682075	1.0302144426772624	1.0875
1.41	-0.9397959332107838	-0.9847049148350971	1.0250762267084157	1.088125
1.42	-0.9602819461922738	-0.9943091605505473	1.0199636376986772	1.08875
1.43	-0.9765967129896622	-0.9992663461305559	1.0148765478328448	1.089375
1.44	-0.9886630439596006	-0.9995452431007893	1.009814829933875	1.09
1.45	-0.9964210822928432	-0.9951364927245048	1.004778357457798	1.090625
1.46	-0.9998289699573161	-0.9860527379076837	0.9997670044932332	1.09125
1.47	-0.9988634522003516	-0.9723286520136311	0.9947806457555648	1.091875
1.48	-0.9935203961303614	-0.9540208638079738	0.9898191565864162	1.0925
1.49	-0.9838152091566118	-0.9312077782177686	0.9848824129474598	1.093125
1.5	-0.9697831332297824	-0.9039892931234441	0.9799702914201232	1.09375
1.51	-0.9514794322635617	-0.8724864128489697	0.9750826692011121	1.094375
1.52	-0.9289794235344028	-0.8368407595510412	0.9702194240996167	1.095
1.53	-0.9023783437134053	-0.7972139841850097	0.965380434534256	1.095625
1.54	-0.8717910520699376	-0.7537870792223801	0.960565579530039	1.09625
1.55	-0.8373515753357615	-0.7067595957797332	0.9557747387153397	1.096875
1.56	-0.79921250102701	-0.6563487682959805	0.9510077923188882	1.0975
1.57	-0.7575442280359929	-0.6027885503608991	0.9462646211667765	1.098125
1.58	-0.7125340850028913	-0.5463285657506781	0.9415451066794784	1.09875
1.59	-0.6643853283460913	-0.4872329791632086	0.9368491308688863	1.099375
1.6	-0.6133160328657682	-0.4257792915650772	0.9321765763353601	1.1
1.61	-0.5595578885445115	-0.36225706546122355	0.9275273262647934	1.100625
1.62	-0.5033549175653267	-0.2969665857749973	0.9229012644256921	1.10125
1.63	-0.4449621256732163	-0.23021746237894616	0.9182982751662695	1.101875
1.64	-0.38464410184921627	-0.16232718064280222	0.9137182434115536	1.1025
1.65	-0.3226735798783042	-0.09361960666352293	0.9091610546605124	1.103125
1.66	-0.25932997481037456	-0.02442345411045955	0.9046265949831896	1.10375
1.67	-0.1948979065748466	0.04492928014403897	0.9001147510178604	1.104375
1.68	-0.12966572215204394	0.11410490423451128	0.8956254099681825	1.105
1.69	-0.06392402676756755	0.18276963580738817	0.8911584596004071	1.105625
1.7	0.0020357664100876392	0.2505912151437276	0.8867137882405342	1.10625
1.71	0.0679228595813848	0.31724051912005236	0.8822912847715474	1.106875
1.72	0.1334484591338801	0.3823931681698432	0.8778908386306412	1.1075
1.73	0.1983271234036845	0.44573111838362744	0.8735123398064115	1.108125
1.74	0.26227806369689943	0.5069442308980796	0.8691556788361813	1.10875
1.75	0.32502639370229564	0.5657318107834585	0.8648207468031919	1.109375
1.76	0.3863043231461288	0.6218041077241112	0.8605074353339168	1.11
1.77	0.44585229218528755	0.6748837709225471	0.8562156365953357	1.110625
1.78	0.5034200435857386	0.724707250823535	0.8519452432922865	1.11125
1.79	0.5587676302102721	0.7710261404653934	0.8476961486646444	1.111875
1.8	0.6116663557283839	0.8136084495004359	0.8434682464849246	1.1125
1.81	0.6618996468192366	0.8522398042239323	0.8392614310552597	1.113125
1.82	0.7092638553997918	0.8867245672435835	0.8350755972051201	1.11375
1.83	0.753568989697124	0.9168868707955132	0.8309106402883455	1.114375
1.84	0.7946393731929661	0.942571558073104	0.8267664561808588	1.115
1.85	0.83231423073025	0.9636450273674491	0.8226429412779173	1.115625
1.86	0.8664482013020816	0.9799959742475437	0.8185399924912365	1.11625
1.87	0.89691177731553	0.9915360274811194	0.8144575072471955	1.116875
1.88	0.9235916704580631	0.9982002749034461	0.8103953834830705	1.1175
1.89	0.946391104596721	0.9999476759389645	0.8063535196457368	1.118125
1.9	0.9652300365979479	0.9967613580438813	0.8023318146885382	1.11875
1.91	0.9800453063572473	0.988648794875225	0.7983301680684749	1.119375
1.92	0.9907907178370999	0.9756418645764827	0.7943484797440564	1.12
1.93	0.9974370534414569	0.9577967871555609	0.7903866501732777	1.120625
1.94	0.9999720246039662	0.9351939405115174	0.7864445803095887	1.12125
1.95	0.9976271596180608	0.9079375553053519	1.280318827714642	1.121875
1.96	0.9892912174793139	0.8761552894241972	1.2739332109214145	1.1225
1.97	0.9751037568199877	0.8399976834526653	1.267579442524811	1.123125
1.98	0.9552468096605645	0.7996374991292089	1.2612573636802904	1.12375
1.99	0.9299289313093161	0.7552689433902994	1.2549668163355523	1.124375
2.0	0.8993829573451058	0.7071067811897528	1.2487076432265853	1.125
2.01	0.8638637662199659	0.6553853408651752	1.2424796878737363	1.1256249999999999
2.02	0.8236460625670483	0.6003574163915197	1.236282794577796	1.12625
2.03	0.7790221938147261	0.542293071412786	1.2301168084161105	1.126875
2.04	0.7303000104423978	0.48147835047379517	1.2239815752387035	1.1275
2.05	0.6778007782058515	0.4182139033819085	1.217876941664427	1.128125
2.06	0.6218571489272275	0.35281352911054026	1.2118027550771229	1.12875
2.07	0.5628111949877561	0.28560264610991576	1.205758863621811	1.129375
2.08	0.5010125114660379	0.21691669631283833	1.1997451162008896	1.13
2.09	0.4368163889069111	0.1470994905122892	1.193761362470359	1.130625
2.1	0.3705820589524106	0.07650150314051513	1.187807452836067	1.13125
2.11	0.3026710144795166	0.0054781247942570065	1.1818832384499605	1.131875
2.12	0.23344540542986406	-0.0656121188738135	1.1759885712063698	1.1325
2.13	0.16326651114271207	-0.13640937304440684	1.1701233037383119	1.133125
2.14	0.09249328967734907	-0.20655427535880225	1.164287289413792	1.13375
2.15	0.021481004301117462	-0.27568978409497397	1.1584803823321466	1.134375
2.16	-0.0494200730070934	-0.343463003605199	1.152702437320397	1.135
2.17	-0.11986588155043719	-0.4095269976746583	1.1469533099296148	1.135625
2.18	-0.18951971633316023	-0.4735425814555252	1.1412328564313117	1.13625
2.19	-0.2580532983101623	-0.5351800826737029	1.135540933813878	1.136875
2.2	-0.325147772413033	-0.5941210628983548	1.1298773997789138	1.1375
2.21	-0.3904946358861187	-0.6500599897989104	1.1242421127378126	1.138125
2.22	-0.45379660011102907	-0.7027058515096845	1.1186349318080695	1.13875
2.23	-0.5147683897409997	-0.7517837044469128	1.1130557168098922	1.139375
2.24	-0.5731374836293346	-0.797036146214321	1.1075043282626051	1.1400000000000001
2.25	-0.6286448026417989	-0.8382247055520623	1.1019806273812114	1.140625
2.26	-0.6810453499952926	-0.8751311416609835	1.0964844760729038	1.1412499999999999
2.27	-0.7301088102034106	-0.9075586456451257	1.0910157369335483	1.141875
2.28	-0.7756201130052319	-0.9353329372703091	1.0855742732445093	1.1425
2.29	-0.8173799687850967	-0.9583032507369046	1.0801599489687612	1.143125
2.3	-0.8552053818724092	-0.9763432036829998	1.0747726287481016	1.14375
2.31	-0.8889301478033842	-0.9893515442180696	1.069412177899166	1.144375
2.32	-0.9184053399799839	-0.9972527713658735	1.064078462410192	1.145
2.33	-0.9434997902753247	-0.999997624934603	1.058771348938363	1.145625
2.34	-0.964100566931081	-0.9975634414821408	1.0534907048053033	1.14625
2.35	-0.9801134515411186	-0.989954373712928	1.0482363979947444	1.146875
2.36	-0.991463415134807	-0.9772014713464945	1.043008297148878	1.1475
2.37	-0.998095091248429	-0.9593626222003204	1.0378062715646417	1.148125
2.38	-0.9999732415384155	-0.9365223529619205	1.0326301911915177	1.14875
2.39	-0.9970832069571297	-0.9087914898386578	1.0274799266264751	1.149375
2.4	-0.9894313348373761	-0.8763066800487482	1.022355349113561	1.15
2.41	-0.9770453695194121	-0.8392297757813706	1.0172563305369706	1.150625
2.42	-0.9599747915078853	-0.7977470831104401	1.0121827434226673	1.15125
2.43	-0.9382910786632194	-0.752068478881678	1.0071344609284087	1.151875
2.44	-0.9120878058838264	-0.7024263996057366	1.0021113568487616	1.1525
2.45	-0.8814806937751264	-0.6490747066985381	0.997113305605229	1.153125
2.46	-0.8466075009090674	-0.5922874335010766	0.9921401822462698	1.15375
2.47	-0.8076277487505759	-0.5323574198754535	0.9871918624435404	1.154375
2.48	-0.764722274919607	-0.4695948409541397	0.9822682224887886	1.155
2.49	-0.7180926047212596	-0.40432563718535847	0.9773691392907587	1.1556250000000001
2.5	-0.6679601386571022	-0.33688985339648786	0.972494490372116	1.15625
2.51	-0.6145651585993058	-0.26763989513463154	0.9676441538663832	1.1568749999999999
2.52	-0.5581656598155194	-0.196938711041323	0.9628180085148954	1.1575
2.53	-0.49903601997942576	-0.12515791047329777	0.9580159336637674	1.158125
2.54	-0.43746551962058466	-0.05267582599094054	0.9532378092608771	1.15875
2.55	-0.3737567311153576	0.02012446930245936	0.9484835158528666	1.159375
2.56	-0.30822379528356375	0.09285717927665091	0.9437529345821526	1.16
2.57	-0.24119060594461925	0.16513582659276285	0.939045947183957	1.160625
2.58	-0.17298892343511738	0.2365753080676586	0.9343624359833502	1.16125
2.59	-0.10395643815171629	0.30679395267971804	0.9297022838923086	1.161875
2.6	-0.034434804728440224	0.3754155712210676	0.9250653744067838	1.1625
2.61	0.03523233343255252	0.4420714865687378	0.920451591603803	1.163125
2.62	0.10470131079539144	0.5064025335752858	0.9158608201385499	1.16375
2.63	0.1736303804989869	0.568061017663734	0.9112929452415043	1.164375
2.64	0.2416816140086962	0.6267126213603496	0.9067478527155476	1.165
2.65	0.30852274601601865	0.6820382482011755	0.902225428933146	1.165625
2.66	0.37382895273960826	0.7337357937156493	0.8977255608334507	1.16625
2.67	0.4372845534618916	0.7815218335081447	0.8932481359195342	1.166875
2.68	0.4985846267185068	0.8251332188415255	0.8887930422555548	1.1675
2.69	0.5574365339872418	0.8643285705576473	0.8843601684638942	1.168125
2.7	0.6135613449865177	0.8988896626547953	0.8799494037225187	1.16875
2.71	0.6666951597973843	0.928622687386287	0.8755606377620888	1.169375
2.72	0.7165903239429046	0.9533593943240616	0.8711937608631529	1.17
2.73	0.7630165333438724	0.9729580964649688	0.8668486638536621	1.170625
2.74	0.8057618267519313	0.9873045371390902	0.8625252381058947	1.1712500000000001
2.75	0.8446334638275719	0.9963126121823876	0.8582233755339707	1.171875
2.76	0.8794586876034172	0.9999249425974261	0.8539429685911766	1.1724999999999999
2.77	0.9100853706207298	0.9981132937027144	0.8496839102671583	1.173125
2.78	0.9363825446308301	0.990878837582303	0.8454460940849808	1.17375
2.79	0.9582408144359634	0.9782522564863444	0.8412294140993885	1.174375
2.8	0.9755726572698293	0.9602936856782793	0.8370337648926867	1.175
2.81	0.9883126100034736	0.9370924951129243	0.8328590415739783	1.175625
2.82	0.9964173475982835	0.9087669101728356	0.8287051397742075	1.17625
2.83	0.9998656573701571	0.8754634726383976	0.8245719556462587	1.176875
2.84	0.9980355035195156	0.8373563438713909	1.3185634829860184	1.1775
2.85	0.9895387024474077	0.7946464531267737	1.3119871201788562	1.178125
2.86	0.9744862452228669	0.7475604948255803	1.3054435571180314	1.17875
2.87	0.9530895692512835	0.6963497793367658	1.2989326302141264	1.179375
2.88	0.9255944171439909	0.641288942812793	1.2924541766936297	1.18
2.89	0.8922778701774456	0.5826745223486214	1.2860080345948652	1.180625
2.9	0.8534453570123417	0.5208234035513469	1.2795940427639456	1.18125
2.91	0.8094276633289491	0.4560711483590883	1.2732120408507404	1.181875
2.92	0.760577964645773	0.3887702116656566	1.2668618693048697	1.1825
2.93	0.7072689013139463	0.319288055983412	1.2605433693717139	1.183125
2.94	0.649889711609154	0.24800517400674305	1.2542563830884457	1.18375
2.95	0.5888434360399248	0.1753130295184892	1.2480007532800803	1.184375
2.96	0.5245442034955236	0.10161192760806433	1.2417763235555472	1.185
2.97	0.45741460768663494	0.027308825639224776	1.2355829383037789	1.185625
2.98	0.38788318048789494	-0.04718490318548201	1.2294204426898219	1.18625
2.99	0.3163819672580038	-0.12145574147055284	1.2232886826509644	1.1868750000000001
3.0	0.2433442079641571	-0.1950903220101214	1.217187504892886	1.1875
3.01	0.16920212693771414	-0.26767773222110425	1.2111167568858257	1.1881249999999999
3.02	0.09438483329665351	-0.3388118157974849	1.2050762868607665	1.18875
3.03	0.01931633344455273	-0.4080934586839083	1.199065943805644	1.189375
3.04	-0.05558634344834531	-0.4751328464666663	1.1930855774615687	1.19
3.05	-0.129914906499954	-0.539551680352433	1.1871350383190695	1.190625
3.06	-0.20327145060542665	-0.6009853390501625	1.1812141776143568	1.19125
3.07	-0.2752699906291476	-0.6590849740898187	1.1753228473256077	1.191875
3.08	-0.34553788295364685	-0.7135195264015158	1.169460900169254	1.1925
3.09	-0.41371713545829936	-0.7639776523394641	1.1636281895963199	1.193125
3.1	-0.47946560746755645	-0.8101695477669348	1.1578245697887282	1.19375
3.11	-0.5424581017211317	-0.8518286593157675	1.1520498956556808	1.194375
3.12	-0.6023873509819352	-0.8887132724998821	1.1463040228300387	1.195
3.13	-0.6589649024943087	-0.9206079669890054	1.1405868076646564	1.195625
3.14	-0.7119219041196303	-0.947324930035147	1.1348981072288853	1.19625
3.15	-0.7610097965972438	-0.9687051197915189	1.1292377793049087	1.196875
3.16	-0.8060009169596052	-0.9846192710565546	1.1236056823841902	1.1975
3.17	-0.8466890186652263	-0.9949687368243669	1.1180016756640843	1.198125
3.18	-0.8828897144599644	-0.9996861599129435	1.1124256190441035	1.19875
3.19	-0.9144408482937184	-0.9987359698689502	1.1068773731225527	1.199375
3.2	-0.9412028028056424	-0.9921147013152216	1.1013567991929019	1.2
3.21	-0.9630587488806278	-0.979851130900324	1.09586375924067	1.200625
3.22	-0.9799148435862679	-0.9620062310258619	1.090398115939486	1.20125
3.23	-0.9917003823561631	-0.9386729395674799	1.0849597326480205	1.201875
3.24	-0.9983679106331177	-0.9099757458498495	1.0795484734063105	1.2025000000000001
3.25	-0.9998932992609003	-0.8760700941987991	1.074164202932712	1.203125
3.26	-0.9962757867578467	-0.837141607438961	1.0688067866201718	1.2037499999999999
3.27	-0.987537990199702	-0.7934051337690177	1.0634760905328609	1.204375
3.28	-0.9737258848229354	-0.7451036214822534	1.0581719814032868	1.205
3.29	-0.9549087506404743	-0.6925068270084644	1.0528943266283117	1.205625
3.3	-0.9311790824030639	-0.6359098627778941	1.0476429942663432	1.20625
3.31	-0.9026524571662443	-0.5756315923524444	1.0424178530338322	1.206875
3.32	-0.8694673516197948	-0.5120128812072436	1.0372187723017263	1.2075
3.33	-0.8317848992754571	-0.4454147124598922	1.032045622093014	1.208125
3.34	-0.7897885756373145	-0.3762161776457281	1.0268982730790477	1.20875
3.35	-0.7436837977492377	-0.3048123534496863	1.0217765965749908	1.209375
3.36	-0.6936974231347901	-0.2316120761071721	1.0166804645390917	1.21
3.37	-0.6400771320401488	-0.1570356257033409	1.0116097495678051	1.210625
3.38	-0.583090676522405	-0.08151233336571274	1.0065643248929923	1.21125
3.39	-0.5230249800330348	-0.005478124807800115	1.0015440643795228	1.211875
3.4	-0.46018497843302697	0.07062698592506154	0.9965488425180782	1.2125
3.41	-0.394892063148034	0.14636143797538273	0.9915785344305108	1.213125
3.42	-0.32748287770902706	0.22128468622234274	0.9866330158579492	1.21375
3.43	-0.258307579614904	0.2949597696398284	0.9817121631621709	1.214375
3.44	-0.18772799096321216	0.36695587073601516	0.9768158533216029	1.215
3.45	-0.11611559830921966	0.43685085097827586	0.9719439639282436	1.215625
3.46	-0.043849413582784484	0.5042337472409436	0.9670963731846047	1.21625
3.47	0.028686279219327183	0.5687072144301323	0.962272959900665	1.216875
3.48	0.10110426433954742	0.6298898996563783	0.9574736034908415	1.2175
3.49	0.1730167929016388	0.6874187336306915	0.9526981839709735	1.2181250000000001
3.5	0.2440380107765469	0.7409511253508481	0.9479465819553243	1.21875
3.51	0.3137863869851282	0.7901670466214723	0.943218678653597	1.2193749999999999
3.52	0.3818871151190037	0.8347709935113027	0.9385143558679634	1.22
3.53	0.4479744620280131	0.874493812491268	0.9338334959901063	1.220625
3.54	0.5116940402403178	0.9090943797149568	0.9291759819982821	1.22125
3.55	0.5727049831025929	0.9383611226946691	0.9245416974544092	1.221875
3.56	0.6306820043174165	0.9621133744883489	0.9199305265011268	1.2225
3.57	0.6853173262864644	0.9802025514383743	0.9153423538589004	1.223125
3.58	0.7363224643445376	0.9925131464913997	0.9107770648232247	1.22375
3.59	0.7834298565102239	0.9989635311712848	0.9062345452616006	1.224375
3.6	0.8263943307113559	0.9995065603659292	0.9017146816107896	1.225
3.61	0.864994403568101	0.9941299752269763	0.897217360874012	1.225625
3.62	0.899033406689445	0.9828566006502234	0.8927424706180236	1.22625
3.63	0.9283404380899681	0.9657443350063415	0.8882898989702277	1.226875
3.64	0.9527711377890646	0.9428859310189462	0.8838595346162215	1.2275
3.65	0.972208287965412	0.9144085679201674	0.8794512667964546	1.228125
3.66	0.9865622392149357	0.880473216278282	0.875064985304265	1.22875
3.67	0.9957711656302168	0.8412737981175438	0.8707005804823705	1.229375
3.68	0.9998011525329853	0.7970361462226672	0.8663579432203871	1.23
3.69	0.9980212252652394	0.7480167677287901	1.3602325234473074	1.230625
3.7	0.9888470017971435	0.6945014183336737	1.3534483354338234	1.23125
3.71	0.9723844917050783	0.6368034945923302	1.346697983699218	1.231875
3.72	0.9488800590484474	0.5752622529830089	1.3399812994843452	1.2325
3.73	0.9186234836745691	0.5102408654581118	1.3332981148717504	1.233125
3.74	0.8819441051552823	0.4421243222843756	1.32664826278147	1.2337500000000001
3.75	0.8392068962934442	0.3713171939576863	1.3200315769668554	1.234375
3.76	0.7908085060162201	0.29824126490822367	1.3134478920104165	1.2349999999999999
3.77	0.7371733072594868	0.2233330525711531	1.3068970433196863	1.235625
3.78	0.6787494811609136	0.14704122618130552	1.300378867123107	1.23625
3.79	0.6160051646621355	0.06982394035238451	1.2938932004659331	1.236875
3.8	0.5494246845878991	-0.007853900882410149	1.2874398812061614	1.2375
3.81	0.4795048975086304	-0.08552343336648849	1.2810187480104738	1.238125
3.82	0.4067516512632887	-0.1627146588198155	1.2746296403502064	1.23875
3.83	0.3316763809574196	-0.23895929057739243	1.2682723984973348	1.239375
3.84	0.25479284957156734	-0.31379360186919997	1.2619468635204816	1.24
3.85	0.17661404101409262	-0.386761259316168	1.2556528772809428	1.240625
3.86	0.09764921151126944	-0.45741612429326817	1.2493902824287344	1.24125
3.87	0.01840110361621789	-0.5253250048932495	1.2431589223986603	1.241875
3.88	-0.06063667420204133	-0.5900703414135031	1.2369586414063942	1.2425
3.89	-0.13898210050011342	-0.6512528085833266	1.2307892844445878	1.243125
3.9	-0.21616702531395404	-0.7084938181491761	1.2246506972789972	1.24375
3.91	-0.2917392858215718	-0.7614379059393858	1.2185427264446238	1.244375
3.92	-0.3652646535140934	-0.8097549881349105	1.212465219241875	1.245
3.93	-0.436328613705756	-0.8531424721764582	1.2064180237327613	1.245625
3.94	-0.5045379787070006	-0.8913272085378526	1.2004009887370748	1.24625
3.95	-0.5695223364670223	-0.9240672704842212	1.1944139638286235	1.246875
3.96	-0.6309353369882531	-0.9511535499107917	1.1884567993314747	1.2475
3.97	-0.6884558193344896	-0.9724111584143771	1.1825293463162172	1.248125
3.98	-0.7417887826062289	-0.9877006238819925	1.1766314565962097	1.24875
3.99	-0.7906662048378914	-0.9969188740811992	1.170762982723888	1.2493750000000001
4.0	-0.8348477143790293	-1.0	1.1649237779871218	1.25
4.01	-0.8741211189392846	-0.9969157930007244	1.1591136964054793	1.2506249999999999
4.02	-0.90830279808474	-0.9876760512157087	1.1533325927265998	1.25125
4.03	-0.9372379655577944	-0.9723286520157651	1.147580322422622	1.251875
4.04	-0.960800808323092	-0.9509593888140866	1.1418567416864889	1.2525
4.05	-0.9788945096913514	-0.9236915719230697	1.1361617074283492	1.253125
4.06	-0.9914511642232625	-0.8906853946486677	1.1304950772720646	1.25375
4.07	-0.9984315923351158	-0.8521370672761172	1.124856709551597	1.254375
4.08	-0.9998250625938132	-0.8082777230670573	1.119246463307491	1.255
4.09	-0.9956489295860247	-0.759372101835632	1.113664198283174	1.255625
4.1	-0.9859481949556353	-0.7057170181065923	1.108109774921955	1.25625
4.11	-0.9707949987127136	-0.647639622227004	1.1025830543627082	1.256875
4.12	-0.9502880472317009	-0.5854954641967438	1.0970838984372893	1.2575
4.13	-0.9245519834568648	-0.519666371227729	1.0916121696664693	1.258125
4.14	-0.8937367037593638	-0.4505581513336976	1.0861677312566764	1.25875
4.15	-0.8580166246296146	-0.3785981363937415	1.0807504470969784	1.259375
4.16	-0.8175899009668403	-0.30423257921665653	1.0753601817544294	1.26
4.17	-0.7726775962448447	-0.22792392022241548	1.0699968004726326	1.260625
4.18	-0.7235228031494483	-0.15014794013672478	1.0646601691663624	1.26125
4.19	-0.6703897117498228	-0.07139081609983582	1.0593501544201047	1.261875
4.2	-0.6135626205350615	0.007853900881294508	1.0540666234826452	1.2625
4.21	-0.5533448842560392	0.08708836838931044	1.0488094442658393	1.263125
4.22	-0.4900577909877489	0.16581357593114454	1.0435784853395176	1.26375
4.23	-0.4240393598283407	0.24353248952816284	1.0383736159299564	1.264375
4.24	-0.35564304964527854	0.3197531978739578	1.0331947059146942	1.2650000000000001
4.25	-0.2852363689534544	0.39399204005120686	1.0280416258210774	1.265625
4.26	-0.2131993768189663	0.4657766949534983	1.0229142468213221	1.2662499999999999
4.27	-0.13992306531734428	0.5346492125278354	1.0178124407313855	1.266875
4.28	-0.06580761495107475	0.600168967350527	1.0127360800049527	1.2675
4.29	0.008739483642832132	0.6619155152128746	1.0076850377338948	1.268125
4.3	0.08330544632413459	0.7194913341503043	1.002659187641754	1.26875
4.31	0.1574743517313343	0.7725244317217037	0.9976584040800789	1.269375
4.32	0.2308294348697253	0.8206708011423751	0.9926825620315194	1.27
4.33	0.30295589711707266	0.8636167099969906	0.9877315370976204	1.270625
4.34	0.37344367140387397	0.9010808056744753	0.9828052055043023	1.27125
4.35	0.44188944454272594	0.9328160233709819	0.9779034440923096	1.271875
4.36	0.5078995443010788	0.9586112831550657	0.9730261303173513	1.2725
4.37	0.5710925990694806	0.9782929641951086	0.9681731422463298	1.273125
4.38	0.6311021617396305	0.9917261454456984	0.9633443585542901	1.27375
4.39	0.6875792625746355	0.9988156035691945	0.9585396585213888	1.274375
4.4	0.7401948568974432	0.9995065603659298	0.9537589220298741	1.275
4.41	0.7886421361588254	0.9937851735507489	0.9490020295610876	1.275625
4.42	0.8326386743551192	0.9816787663291622	0.9442688621924655	1.27625
4.43	0.8719283856409632	0.9632557928833063	0.9395593015945773	1.276875
4.44	0.9062832731264167	0.9386255385657076	0.9348732300281789	1.2775
4.45	0.9355049530743066	0.9079375553061138	0.9302105303411953	1.278125
4.46	0.9594259428562428	0.8713808344563211	0.9255710859659458	1.27875
4.47	0.9779107049579225	0.8291827210077557	0.9209547809160039	1.279375
4.48	0.9908564429170047	0.7816075748294997	0.9163614997836342	1.28
4.49	0.9981936482893112	0.7289551862356947	0.9117911277365336	1.2806250000000001
4.5	0.999831499563756	0.6715589548516978	1.406742550369504	1.28125
4.51	0.9940004269267901	0.6097838423489069	1.3997263926289971	1.2818749999999999
4.52	0.9800064295549861	0.5440241111103192	1.3927452281212083	1.2825
4.53	0.958104164342077	0.4747008624404609	1.385798882316661	1.283125
4.54	0.9286046868887177	0.40225938925504456	1.378887181556349	1.28375
4.55	0.8918706202140351	0.3271663595303361	1.3720099530473933	1.284375
4.56	0.848311171091032	0.24990684799034665	1.3651670248587222	1.285
4.57	0.7983770503489714	0.17098123461483444	1.3583582259167744	1.285625
4.58	0.7425553489430528	0.09090198954108047	1.3515833860012227	1.28625
4.59	0.6813644168369413	0.01019036480090656	1.344842335740716	1.286875
4.6	0.615348786910465	-0.07062698592486626	1.3381349066086465	1.2875
4.61	0.5450741813071938	-0.15102143774574808	1.3314609309189362	1.288125
4.62	0.4711226329698112	-0.23046585293811936	1.3248202418218462	1.28875
4.63	0.39408775065082163	-0.30843804467803326	1.318212673299803	1.289375
4.64	0.31457015148938733	-0.38442422337134813	1.3116380601632487	1.29
4.65	0.23317308135199025	-0.4579224027934856	1.3050962380465132	1.290625
4.66	0.15049823956811834	-0.5284457433724629	1.2985870434037028	1.29125
4.67	0.06714182146454387	-0.5955258102212109	1.2921103135046126	1.291875
4.68	-0.016309210791325506	-0.6587157239476189	1.285665886430658	1.2925
4.69	-0.09928062109599703	-0.7175931828421312	1.2792536010708258	1.293125
4.7	-0.1812141503820576	-0.7717633357598437	1.2728732971176482	1.29375
4.71	-0.2615705219591506	-0.8208614858741606	1.2665248150631951	1.294375
4.72	-0.33983219925427605	-0.864555606476772	1.2602079961950823	1.295
4.73	-0.4155058954891605	-0.9025486511290691	1.2539226825925123	1.295625
4.74	-0.48812483614899516	-0.9345806417267215	1.2476687171223153	1.2962500000000001
4.75	-0.5572507762516533	-0.9604305194138009	1.2414459434350313	1.296875
4.76	-0.6224757754500072	-0.9799177447688143	1.2352542059609881	1.2974999999999999
4.77	-0.6834237349140042	-0.9929036352714865	1.229093349906439	1.298125
4.78	-0.739751700771126	-0.9992924297383137	1.2229632212496426	1.29875
4.79	-0.7911509396427816	-0.999032071173841	1.2168636667370818	1.299375
4.8	-0.8373477925276345	-0.9921147013152827	1.210794533879569	1.3
4.81	-0.8781043139430121	-0.9785768620352663	1.204755670948455	1.300625
4.82	-0.913218703864619	-0.9584994007023555	1.198746926971869	1.30125
4.83	-0.942525540593784	-0.9320070785657898	1.1927681517309034	1.301875
4.84	-0.9658958232300167	-0.8992678832194009	1.1868191957558298	1.3025
4.85	-0.983236832933445	-0.8604920481957612	1.1808999103225015	1.303125
4.86	-0.9944918226178321	-0.8159307847270212	1.1750101474483947	1.30375
4.87	-0.9996395451028901	-0.7658747326861569	1.1691497598891976	1.304375
4.88	-0.9986936300810353	-0.7106521396469362	1.163318601134874	1.305
4.89	-0.9917018204849353	-0.6506267789045085	1.157516525406164	1.305625
4.9	-0.978745078986874	-0.5861956191165509	1.151743387650909	1.30625
4.91	-0.9599365753931773	-0.5177862599890584	1.145999043540317	1.306875
4.92	-0.9354205656173799	-0.44585415010547136	1.1402833494655136	1.3075
4.93	-0.9053711727073358	-0.37087960456347385	1.1345961625337997	1.308125
4.94	-0.8699910800697673	-0.29336464156586917	1.1289373405652559	1.30875
4.95	-0.8295101465623482	-0.21382965844112278	1.1233067420890912	1.309375
4.96	-0.7841839525254443	-0.13280996880087023	1.1177042263398964	1.31
4.97	-0.7342922851028513	-0.050852223625039036	1.1121296532546292	1.310625
4.98	-0.680137570330726	0.031489260034372385	1.1065828834686642	1.31125
4.99	-0.6220432585356653	0.11365623822025045	1.1010637783122854	1.3118750000000001
5.0	-0.5603521685184846	0.19509032201000578	1.0955721998076715	1.3125
5.01	-0.4954247948584184	0.275236776681076	1.0901080106652883	1.3131249999999999
5.02	-0.4276375814952168	0.35354831228330214	1.084671074279961	1.31375
5.03	-0.3573811635550266	0.4294888396604897	1.0792612547277258	1.314375
5.04	-0.2850585781628819	0.5025371660862111	1.0738784167632835	1.315
5.05	-0.21108344378786403	0.5721906049347145	1.0685224258151123	1.315625
5.06	-0.13587810667395206	0.6379684741696001	1.063193147983461	1.31625
5.07	-0.059871751806993945	0.6994154591437657	1.057890450035417	1.316875
5.08	0.016501524787527595	0.756104815862493	1.0526141994040932	1.3175
5.09	0.09280468644132517	0.8076413919643077	1.0473642641828314	1.318125
5.1	0.16859977311041638	0.8536644436265783	1.0421405131220354	1.31875
5.11	0.24344996985989803	0.8938502279582659	1.0369428156288927	1.319375
5.12	0.3169217308060089	0.927914351925618	1.031771041759522	1.32
5.13	0.38858696176115326	0.955613860229122	1.0266250622212865	1.320625
5.14	0.45802526434463653	0.9767490465061269	1.0215047483611017	1.32125
5.15	0.5248262421085769	0.9911649737393885	1.0164099721747946	1.321875
5.16	0.5885918683412542	0.9987526920374705	1.0113406062896702	1.3225
5.17	0.6489389116213828	0.999450143606314	1.0062965239722375	1.323125
5.18	0.7055016042162929	0.993242747140283	1.00127759912047	1.32375
5.19	0.7579346804620591	0.980163655853619	0.9962837062609553	1.324375
5.2	0.8059150790884212	0.9602936856787058	0.9913147205459873	1.325
5.21	0.849144563377384	0.9337609124180232	0.9863705177506643	1.325625
5.22	0.8873520664703715	0.9007399389263364	0.9814509742696579	1.32625
5.23	0.9202958736602272	0.8614508357095236	0.9765559671141266	1.326875
5.24	0.947765631514857	0.816157760622921	0.9716853739086363	1.3275000000000001
5.25	0.969584148428369	0.7651672656265344	0.9668390728880982	1.328125
5.26	0.9856089548772915	0.7088263007895712	0.9620169428947478	1.3287499999999999
5.27	0.9957335964471744	0.64751992791503	0.9572188633751035	1.329375
5.28	0.9998886382435674	0.5816687582630613	0.9524447143768987	1.33
5.29	0.997023284319046	0.51172613087453	1.4456796480375225	1.330625
5.3	0.9851997135275367	0.43817504992129086	1.4384692907122199	1.33125
5.31	0.9646171228647005	0.36152490128670944	1.431294895194105	1.331875
5.32	0.9356044576865857	0.2823079703020988	1.424156282122916	1.3325
5.33	0.8985558043881076	0.20107578405000381	1.4170532730329553	1.333125
5.34	0.8539243040219541	0.11839530304952953	1.4099856903486252	1.33375
5.35	0.8022158567217565	0.03484498834304684	1.4029533573799904	1.334375
5.36	0.7439826938107883	-0.04898922895816332	1.3959560983183599	1.335
5.37	0.6798168889232268	-0.13251804775807474	1.3889937382318938	1.335625
5.38	0.6103438734717211	-0.21515293811711583	1.3820661030612267	1.33625
5.39	0.5362160155469076	-0.29631029441262136	1.3751730196151188	1.336875
5.4	0.45810631499482213	-0.3754155712194237	1.3683143155661246	1.3375
5.41	0.3767022611276005	-0.45190737255505553	1.3614898194462863	1.338125
5.42	0.29269989339875224	-0.5252414652863854	1.3546993606428455	1.33875
5.43	0.20679809951097522	-0.5948946878548665	1.3479427693939778	1.339375
5.44	0.11969317989312767	-0.6603687260458528	1.3412198767845505	1.34
5.45	0.03207370233478341	-0.7211937283009795	1.3345305147418987	1.340625
5.46	-0.05538433416723775	-0.7769317340473778	1.3278745160316228	1.34125
5.47	-0.14202201159992545	-0.8271798896882769	1.3212517142534086	1.341875
5.48	-0.22720167028739505	-0.871573428259682	1.3146619438368659	1.3425
5.49	-0.31031074398693376	-0.9097883902986167	1.308105040037391	1.3431250000000001
5.5	-0.39076524836778165	-0.9415440651808884	1.3015808389320496	1.34375
5.51	-0.4680129212017254	-0.9666051340590311	1.2950891774154722	1.3443749999999999
5.52	-0.5415360149475537	-0.9847834975520003	1.2886298931957816	1.345
5.53	-0.6108537444633189	-0.9959397734943575	1.282202824790542	1.345625
5.54	-0.6755243943678029	-0.99998445232907	1.275807811522702	1.34625
5.55	-0.7351470921296909	-0.9968787001094511	1.2694446935165988	1.346875
5.56	-0.7893632543282639	-0.9866348015464094	1.2631133116939512	1.3475
5.57	-0.8378577147277613	-0.9693162380788684	1.2568135077698825	1.348125
5.58	-0.8803595438715978	-0.9450373985412757	1.2505451242489654	1.34875
5.59	-0.9166425708523469	-0.913962922633567	1.2443080044212955	1.349375
5.6	-0.9465256187690644	-0.876306680046955	1.2381019923585403	1.35
5.61	-0.96987246615667	-0.8323303907458216	1.2319269329100766	1.350625
5.62	-0.9865915473764716	-0.7823418945296406	1.2257826716990985	1.35125
5.63	-0.9966354055920073	-0.7266930805840089	1.21966905511875	1.351875
5.64	-0.9999999125261664	-0.6657774902542851	1.213585930328319	1.3525
5.65	-0.9967232696995791	-0.6000276087202074	1.2075331452493443	1.353125
5.66	-0.9868848062817046	-0.5299118636027459	1.2015105485618958	1.35375
5.67	-0.9706035890392477	-0.4559313507642292	1.1955179897007548	1.354375
5.68	-0.9480368601308216	-0.37861630966922155	1.1895553188515742	1.355
5.69	-0.9193783186676461	-0.298522372631586	1.1836223869474027	1.355625
5.7	-0.8848562620164346	-0.21622661404778487	1.177719045664476	1.35625
5.71	-0.8447316027811839	-0.13232342736297933	1.171845147419029	1.356875
5.72	-0.7992957772120278	-0.047420258895505676	1.1660005453633409	1.3575
5.73	-0.7488685605019058	0.03786677109947368	1.160185093382066	1.358125
5.74	-0.6937958039948238	0.12291732876181467	1.1543986460884346	1.3587500000000001
5.75	-0.6344471087800461	0.20711137618602213	1.1486410588211216	1.359375
5.76	-0.5712134494357183	0.28983369752405197	1.142912187640154	1.3599999999999999
5.77	-0.5045047609044127	0.3704784085859356	1.1372118893233898	1.360625
5.78	-0.4347475005451936	0.4484534168422702	1.1315400213630382	1.36125
5.79	-0.36238219638813385	0.5231847988955309	1.1258964419621824	1.361875
5.8	-0.28786099151039146	0.5941210628958291	1.1202810100310705	1.3625
5.81	-0.21164519329212897	0.6607372640202438	1.1146935851834383	1.363125
5.82	-0.13420283510785114	0.7225389420251678	1.1091340277336068	1.36375
5.83	-0.056006256742620796	0.7790658510356682	1.1036021986921076	1.364375
5.84	0.022470291312835646	0.8298954530259748	1.0980979597631269	1.365
5.85	0.10075301579996289	0.8746461480974617	1.0926211733404463	1.365625
5.86	0.1783709179980459	0.912980216374742	1.0871717025036025	1.36625
5.87	0.2548580985256834	0.9446064483446882	1.0817494110163344	1.366875
5.88	0.3297560287346561	0.969282442672631	1.0763541633206053	1.3675
5.89	0.40261578826550404	0.9868165527718412	1.0709858245350965	1.368125
5.9	0.4730002690357558	0.9970694659939494	1.065644260450603	1.36875
5.91	0.5404863459882464	0.9999554018639193	1.0603293375287346	1.369375
5.92	0.6046670151100481	0.9954429185762157	1.055040922894985	1.37
5.93	0.6651534986542951	0.9835553197815612	1.0497788843398792	1.370625
5.94	0.7215773172505576	0.9643706566384384	1.044543090311262	1.37125
5.95	0.7735923272837419	0.9380213230876582	1.0393334099140468	1.371875
5.96	0.8208767209792811	0.9046932453115152	1.034149712906433	1.3725
5.97	0.8631349848785433	0.8646246693784095	1.0289918696954294	1.373125
5.98	0.9000998105189901	0.8181045541020755	1.0238597513348893	1.37375
5.99	0.931533948978359	0.765470579123439	1.0187532295209352	1.3743750000000001
6.0	0.9572319984076422	0.707106781193037	1.0136721765913808	1.375
6.01	0.9770221110670462	0.6434408343948326	1.0086164655192744	1.3756249999999999
6.02	0.9907676034035361	0.5749409929542506	1.0035859699109402	1.37625
6.03	0.9983684498329688	0.502112717836297	0.9985805640039542	1.376875
6.04	0.9996220426194417	0.42549501076879903	1.4929102191152068	1.3775
6.05	0.9919828446513119	0.34565648181416375	1.4854642983339128	1.378125
6.06	0.9747075191239212	0.26319117865110797	1.478055514237445	1.37875
6.07	0.9481192844791869	0.17871420774371985	1.4706836816058144	1.379375
6.08	0.912622654896182	0.09285717929491676	1.4633486161428226	1.38
6.09	0.8686963135370859	0.006263509411649212	1.4560501344714505	1.380625
6.1	0.8168856296677901	-0.08041638582156484	1.448788054129276	1.38125
6.11	0.7577949202963236	-0.16652996864290365	1.4415621935639116	1.381875
6.12	0.6920795511021972	-0.25142749381162766	1.434372372128468	1.3825
6.13	0.6204379650788097	-0.3344669217430153	1.4272184100770346	1.383125
6.14	0.5436037206128113	-0.4150187934081224	1.420100128560187	1.38375
6.15	0.4623376137981187	-0.4924710298982435	1.4130173496205165	1.384375
6.16	0.37741995273708895	-0.5662336199067186	1.4059698961881817	1.385
6.17	0.28964304451238215	-0.6357431590159179	1.3989575920764794	1.385625
6.18	0.19980394850623043	-0.7004672055909258	1.3919802619774415	1.38625
6.19	0.10869754287217397	-0.7599084192694209	1.3850377314574513	1.386875
6.2	0.017109944292732614	-0.8136084494927572	1.3781298269528863	1.3875
6.21	-0.07418768526259811	-0.8611515432364033	1.371256375765772	1.388125
6.22	-0.16444491718442597	-0.902167843058385	1.364417206059473	1.38875
6.23	-0.2529373984692265	-0.9363363487789235	1.3576121468543885	1.389375
6.24	-0.3389717411831715	-0.9633875185174139	1.3508410280236842	1.3900000000000001
6.25	-0.42188994781066885	-0.9831054874286861	1.3441036802890391	1.390625
6.26	-0.5010733658088794	-0.9953298852792257	1.3373999352164063	1.3912499999999999
6.27	-0.5759461689467166	-0.9999572369665704	1.3307296252118108	1.391875
6.28	-0.6459783668684778	-0.996941933189779	1.3240925835171544	1.3925
6.29	-0.7106883477921211	-0.9862967617024261	1.3174886442060532	1.393125
6.3	-0.7696449623435784	-0.9680929928986612	1.3109176421796742	1.39375
6.31	-0.8224691592535666	-0.9424600168724725	1.3043794131626234	1.394375
6.32	-0.8688351860227955	-0.9095845325245826	1.2978737936988427	1.395
6.33	-0.9084713697131689	-0.8697092927443052	1.291400621147502	1.395625
6.34	-0.9411604947696381	-0.8231314131394527	1.2849597336789502	1.39625
6.35	-0.966739796245003	-0.7702002551975995	1.2785509702706708	1.396875
6.36	-0.9851005880091505	-0.7113148981114296	1.2721741707032292	1.3975
6.37	-0.9961875465003973	-0.6469212167642474	1.2658291755563202	1.398125
6.38	-0.9999976713443424	-0.5775085865175342	1.25951582620474	1.39875
6.39	-0.9965789447432946	-0.5036062384537991	1.2532339648143775	1.399375
6.4	-0.9860287119524169	-0.4257792915777681	1.2469834343384654	1.4
6.41	-0.9684918054212764	-0.3446244911248922	1.240764078513313	1.400625
6.42	-0.9441584353140259	-0.26076568460246324	1.2345757418547785	1.40125
6.43	-0.9132618691333402	-0.17484906937766498	1.2284182696540706	1.401875
6.44	-0.8760759230892933	-0.08753824763162592	1.2222915079740808	1.4025
6.45	-0.8329122876660519	0.0004908738180453188	1.2161953036454873	1.403125
6.46	-0.7841177095701495	0.08855529988708234	1.2101295042627778	1.40375
6.47	-0.7300710518972316	0.17597023970865158	1.204093958180736	1.404375
6.48	-0.6711802539116156	0.26205443435065534	1.198088514510332	1.405
6.49	-0.6078792113447943	0.3461354783414211	1.1921130231152008	1.4056250000000001
6.5	-0.5406245975208468	0.4275550934173651	1.1861673346077635	1.40625
6.51	-0.4698926449711188	0.5056743130193093	1.1802513003453612	1.4068749999999999
6.52	-0.39617590647316364	0.5798785365231306	1.1743647724270816	1.4075
6.53	-0.31998001360645106	0.6495824130043327	1.1685076036892266	1.408125
6.54	-0.24182045008787734	0.7142345153835592	1.1626796477024008	1.40875
6.55	-0.1622193561142065	0.7733217672842664	1.1568807587672854	1.409375
6.56	-0.08170237895201338	0.826373586612462	1.151110791911141	1.41
6.57	-0.0007955838808634272	0.8729657119012679	1.145369602885181	1.410625
6.58	0.0799775616593157	0.9127236798052574	1.1396570481587354	1.41125
6.59	0.16009911895277046	0.9453259245989256	1.1339729849177114	1.411875
6.6	0.23905951366555012	0.9705064734647183	1.1283172710606126	1.4125
6.61	0.3163602672476513	0.9880572143168044	1.1226897651938934	1.413125
6.62	0.3915166164094773	0.9978297161632065	1.1170903266298828	1.41375
6.63	0.46406001450171946	0.9997365854629333	1.1115188153820164	1.414375
6.64	0.5335405098655037	0.9937523454763229	1.105975092162689	1.415
6.65	0.5995289976934404	0.9799138293334796	1.1004590183785528	1.415625
6.66	0.6616193431155761	0.9583200813322706	1.0949704561265075	1.41625
6.67	0.7194303744331205	0.9291317648749429	1.0895092681929688	1.416875
6.68	0.7726077466013185	0.8925700793234661	1.0840753180487135	1.4175
6.69	0.820825675838205	0.8489151919817863	1.0786684698429723	1.418125
6.7	0.8637885469463685	0.7985041953856861	1.0732885884057057	1.41875
6.71	0.9012323956732273	0.7417286037259609	1.067935539238302	1.419375
6.72	0.9329262683202468	0.6790314062618084	1.0626091885152795	1.42
6.73	0.9586734610979235	0.6109036989132026	1.0573094030777734	1.420625
6.74	0.9783126411049031	0.5378809189531698	1.0520360504297048	1.4212500000000001
6.75	0.9917188501862234	0.4605387109736426	1.0467889987386012	1.421875
6.76	0.9988043918440673	0.3794884552280526	1.0415681168265452	1.4224999999999999
6.77	0.999194889971026	0.29537249267704796	1.535400292444391	1.423125
6.78	0.9898259747703672	0.2088590833831897	1.5277424515382625	1.42375
6.79	0.9701687179971237	0.1206371373572868	1.520122804272993	1.424375
6.8	0.9405866874611265	0.03141075909433672	1.5125411601570034	1.425
6.81	0.9015371562162877	-0.058106351371583355	1.504997329648796	1.425625
6.82	0.8535627906206947	-0.14719659657866732	1.4974911241522142	1.42625
6.83	0.79728284107936	-0.23514423357622666	1.4900223560117312	1.426875
6.84	0.7333839654076039	-0.32124113365674717	1.4825908385077535	1.4275
6.85	0.662610808563458	-0.40479250352085683	1.4751963858519568	1.428125
6.86	0.5857564553483857	-0.48512252156256597	1.4678388131826385	1.42875
6.87	0.5036528647741434	-0.5615798433829529	1.4605179365601004	1.429375
6.88	0.41716138633204325	-0.6335429314367502	1.453233572962045	1.43
6.89	0.32716344955532506	-0.7004251648815318	1.4459855402790027	1.430625
6.9	0.23455150919595993	-0.7616796872296087	1.4387736573097782	1.43125
6.91	0.1402203191873591	-0.8168039512857461	1.4315977437569234	1.431875
6.92	0.04505859946049402	-0.8653439230792632	1.4244576202222254	1.4325
6.93	-0.05005884926569916	-0.9068979090492842	1.4173531082022235	1.433125
6.94	-0.1442785362951909	-0.9411199736002621	1.4102840300837474	1.43375
6.95	-0.2367751393085665	-0.9677229172892794	1.4032502091394756	1.434375
6.96	-0.32675780017202255	-0.9864807893137565	1.3962514695235182	1.435
6.97	-0.4134758356398581	-0.9972309116127649	1.3892876362670221	1.435625
6.98	-0.4962238474301621	-0.9998753957482303	1.3823585352737908	1.43625
6.99	-0.5743462226838834	-0.9943821377647396	1.3754639933159396	1.4368750000000001
7.0	-0.6472410218221675	-0.9807852804063963	1.3686038380295622	1.4375
7.01	-0.7143632562869535	-0.9591851363630052	1.3617778979104147	1.4381249999999999
7.02	-0.7752275635881984	-0.9297475705918541	1.3549860023096487	1.43875
7.03	-0.8294102914976794	-0.892702844179285	1.348227981429502	1.439375
7.04	-0.8765510071333912	-0.8483439266343689	1.341503666319123	1.44
7.05	-0.9163534501002726	-0.7970242879041647	1.3348128888702648	1.440625
7.06	-0.9485859518003268	-0.7391551857385087	1.3281554818131582	1.44125
7.07	-0.9730813455433562	-0.675202468263313	1.321531278712266	1.441875
7.08	-0.9897363941883333	-0.605682915724401	1.3149401139621602	1.4425
7.09	-0.9985107637701222	-0.5311601492899057	1.3083818227834194	1.443125
7.1	-0.9994255729366212	-0.45224013852131617	1.3018562412183683	1.44375
7.11	-0.9925615490715042	-0.36956634261924587	1.2953632061271647	1.444375
7.12	-0.9780568227385183	-0.2838145237562409	1.2889025551835769	1.445
7.13	-0.9561043925774136	-0.1956872737475799	1.2824741268709947	1.445625
7.14	-0.9269492930407579	-0.10590829790296756	1.2760777604783988	1.44625
7.15	-0.8908854974051583	-0.015216502161461504	1.2697132960962665	1.446875
7.16	-0.8482525883465367	0.07564006849691784	1.2633805746126372	1.4475
7.17	-0.7994322280515607	0.16591039087145018	1.2570794377091996	1.448125
7.18	-0.7448444593656373	0.2548466730013317	1.2508097278571542	1.44875
7.19	-0.6849438688777512	0.3417105609745997	1.2445712883135145	1.449375
7.2	-0.6202156420975715	0.4257792915500193	1.238363963116871	1.45
7.21	-0.5511715400525612	0.5063517391888923	1.2321875970837353	1.450625
7.22	-0.478345825669352	0.5827543067083997	1.2260420358048125	1.45125
7.23	-0.40229116725456654	0.6543466097844272	1.2199271256405644	1.451875
7.24	-0.32357454528939894	0.7205269069396164	1.213842713718099	1.4525000000000001
7.25	-0.24277318747779728	0.7807372285615041	1.2077886479266153	1.453125
7.26	-0.16047055576036617	0.8344681606864193	1.2017647769142445	1.4537499999999999
7.27	-0.07725240757291064	0.8812632419788784	1.1957709500839133	1.454375
7.28	0.00629704776330457	0.9207229352992762	1.1898070175894153	1.455
7.29	0.0895988781352323	0.9525081386136316	1.1838728303325614	1.455625
7.3	0.17208302544309106	0.9763432036801678	1.1779682399581919	1.45625
7.31	0.25319175385449355	0.9920184348579657	1.1720930988509046	1.456875
7.32	0.3323829349629684	0.9993920446319443	1.166247260132227	1.4575
7.33	0.4091331570024213	0.9983915468714641	1.1604305776559323	1.458125
7.34	0.4829406468969374	0.9890145734465206	1.154642906004528	1.45875
7.35	0.5533279956968198	0.9713291046181418	1.1488841004857184	1.459375
7.36	0.6198446796406558	0.945473108498618	1.1431540171293832	1.46
7.37	0.6820693707995225	0.9116535898232464	1.1374525126829746	1.460625
7.38	0.7396120328525173	0.8701450532809625	1.1317794446088705	1.46125
7.39	0.7921157992304203	0.8212873915945098	1.1261346710796123	1.461875
7.4	0.8392586323020642	0.7654832135072194	1.120518050975799	1.4625
7.41	0.880754763821462	0.7031946315868871	1.114929443881256	1.463125
7.42	0.9163559180791441	0.6349395345385841	1.1093687100814318	1.46375
7.43	0.9458523205193339	0.5612873730740036	1.1038357105565944	1.464375
7.44	0.9690734954931036	0.4828544928969823	1.0983303069821146	1.465
7.45	0.9858888578674041	0.4002990521475716	1.0928523617233106	1.465625
7.46	0.9962081037856804	0.31431556450952886	1.087401737829927	1.46625
7.47	0.9999814064152432	0.22562911271447114	1.081978299036294	1.466875
7.48	0.9951899210892627	0.1349886823415746	1.574273437903931	1.4675
7.49	0.9793389519426275	0.04316288415877701	1.5664217163759777	1.4681250000000001
7.5	0.9527561279539579	-0.04906715180367001	1.5586091554725185	1.46875
7.51	0.9158928349543165	-0.14091636377973288	1.5508355598791235	1.4693749999999999
7.52	0.8693024231800234	-0.23160212372642067	1.5431007352554982	1.47
7.53	0.813630393127189	-0.32035058166405217	1.5354044882306235	1.470625
7.54	0.749603994863094	-0.4064029820235639	1.5277466263979238	1.47125
7.55	0.6780214017954573	-0.48902192641461584	1.5201269583104542	1.471875
7.56	0.599740612748984	-0.5674975464447739	1.5125452934761154	1.4725
7.57	0.5156682275102782	-0.6411535408853883	1.5050014423528912	1.473125
7.58	0.42674823111476784	-0.709353023977962	1.497495216344112	1.47375
7.59	0.3339509113762482	-0.7715041262698218	1.4900264277937356	1.474375
7.6	0.23826202278670175	-0.8270652862057861	1.4825948899816594	1.475
7.61	0.14067229819731775	-0.8755501698217649	1.475200417119051	1.475625
7.62	0.04216739785443388	-0.9165321572216552	1.4678428243437045	1.47625
7.63	-0.05628162640117247	-0.9496483379201952	1.4605219277154171	1.476875
7.64	-0.15372728549577686	-0.974602962374057	1.453237544211391	1.4775
7.65	-0.24925397093760196	-0.9911703038166317	1.4459894917216605	1.478125
7.66	-0.3419855916784721	-0.9991968925307187	1.438777589044535	1.47875
7.67	-0.43109249576718417	-0.9986030935850196	1.4316016558820717	1.479375
7.68	-0.5157976520877366	-0.9893840084653103	1.4244615128355689	1.48
7.69	-0.5953820763780087	-0.9716096905975297	1.4173569814010805	1.480625
7.7	-0.6691894939616174	-0.945424674160508	1.4102878839649446	1.48125
7.71	-0.7366302391861334	-0.9110468245298756	1.4032540437993632	1.481875
7.72	-0.797184398449056	-0.868765526937389	1.3962552850579646	1.4825
7.73	-0.8504042099143887	-0.818939237283728	1.389291432771413	1.483125
7.74	-0.8959157385994552	-0.7619924253762622	1.3823623128430382	1.4837500000000001
7.75	-0.9334198504602744	-0.6984119461086177	1.3754677520444825	1.484375
7.76	-0.9626925134510091	-0.6287428782451747	1.3686075780113764	1.4849999999999999
7.77	-0.98358445730473	-0.553583873566069	1.3617816192389933	1.485625
7.78	-0.9960202270052427	-0.4735820612624904	1.3549897050780182	1.48625
7.79	-0.9999966676238814	-0.3894275537747992	1.3482316657302418	1.486875
7.8	-0.9955808804040532	-0.3018476009113152	1.3415073322443432	1.4875
7.81	-0.9829076917222817	-0.211600439243269	1.3348165365115991	1.488125
7.82	-0.9621766778616921	-0.11946888364575327	1.3281591112617954	1.48875
7.83	-0.9336487894290874	-0.026253707611171143	1.3215348900589712	1.489375
7.84	-0.8976426197571001	0.06723314120061732	1.3149437072972125	1.49
7.85	-0.8545303617850859	0.1601754436670125	1.30838539819662	1.490625
7.86	-0.8047334977269378	0.2517596832856188	1.301859798799138	1.49125
7.87	-0.7487182653439226	0.3411820439777742	1.2953667459644098	1.491875
7.88	-0.6869909438679254	0.42765538274431647	1.2889060773658072	1.4925
7.89	-0.6200930015843232	0.5104161266919226	1.2824776314862532	1.493125
7.9	-0.5485961458288172	0.5887310419676923	1.2760812476143475	1.49375
7.91	-0.47309731467283467	0.6619038199575528	1.269716765840038	1.494375
7.92	-0.3942136479457314	0.7292814238108744	1.263384027051027	1.495
7.93	-0.31257747341197184	0.7902601362408712	1.2570828729283998	1.495625
7.94	-0.2288313420322497	0.8442912477210873	1.2508131459432401	1.49625
7.95	-0.14362314415500319	0.8908863230399992	1.2445746893517677	1.496875
7.96	-0.057601336453491914	0.929621983776033	1.238367347192447	1.4975
7.97	0.02858969283509494	0.9601441450549918	1.2321909642811713	1.498125
7.98	0.11431409490681599	0.982171646955818	1.2260453862081848	1.49875
7.99	0.19894884445540692	0.9954992245389059	1.2199304593339568	1.4993750000000001
8.0	0.2818878157945528	0.9999997656616355	1.2138460307843781	1.5
8.01	0.36254563216244373	0.9956258126940006	1.2077919484489428	1.5
8.02	0.44036127161533956	0.9824102729409472	1.2017680609752843	1.5
8.03	0.5148014148484039	0.9604663129063036	1.195774217765559	1.5
8.04	0.585363522419383	0.9299864234121584	1.1898102689735992	1.5
8.05	0.6515786308421097	0.8912406557052465	1.183876065500341	1.5
8.06	0.7130138588763842	0.8445740427726862	1.1779714589905041	1.5
8.07	0.7692746172586672	0.7904032347229542	1.1720963018283779	1.5
8.08	0.8200065168768796	0.7292123918402884	1.1662504471349533	1.5
8.09	0.8648969721937866	0.6615483932273896	1.1604337487635268	1.5
8.1	0.9036764983795862	0.5880154324061185	1.154646061295841	1.5
8.11	0.9361197023116508	0.5092690831835602	1.1488872400400534	1.5
8.12	0.9620459692838496	0.4260099290300556	1.1431571410248331	1.5
8.13	0.9813198488255109	0.3389768568739414	1.1374556209980526	1.5
8.14	0.9938511447672053	0.2489401207890288	1.131782537420627	1.5
8.15	0.9995947162554372	0.1566942827720919	1.126137748466317	1.5
8.16	0.9974503681201039	0.06329379957345947	1.6188849367906508	1.5
8.17	0.9838535201724746	-0.030906720801950748	1.6108107144837545	1.5
8.18	0.9588301202668609	-0.12483291093553156	1.6027767625286167	1.5
8.19	0.922835508541108	-0.2176510753142335	1.59478288007602	1.5
8.2	0.8764423082836389	-0.3085373533401048	1.586828867278487	1.5
8.21	0.820329589032848	-0.396685031975185	1.5789145252852816	1.5
8.22	0.7552712255958329	-0.4813117061835965	1.5710396562374451	1.5
8.23	0.6821236477969906	-0.5616662236140062	1.563204063262839	1.5
8.24	0.6018131699854168	-0.6370353518811213	1.5554075504712315	1.5
8.25	0.5153230812803412	-0.7067501092667602	1.5476499229493963	1.5
8.26	0.4236806675813815	-0.7701917026489835	1.5399309867562416	1.5
8.27	0.3279443248698428	-0.8267970199536756	1.53225054891796	1.5
8.28	0.22919091061977204	-0.8760636283771153	1.5246084174232066	1.5
8.29	0.1285034665454848	-0.917554234015173	1.517004401218295	1.5
8.3	0.02695943173356849	-0.9509005633149349	1.5094383102024238	1.5
8.31	-0.07438054928494166	-0.9758066318968015	1.5019099552229254	1.5
8.32	-0.17448313352906583	-0.9920513717328571	1.494419148070532	1.5
8.33	-0.2723520260513372	-0.9994905933622843	1.4869657014746753	1.5
8.34	-0.3670369044164417	-0.9980582657272518	1.4795494290988014	1.5
8.35	-0.45764147327372234	-0.9877671022692482	1.472170145535717	1.5
8.36	-0.5433306140930765	-0.9687084480836785	1.464827666302945	1.5
8.37	-0.6233366073786806	-0.9410514691343288	1.4575218078381258	1.5
8.38	-0.6969644161129873	-0.9050416507242733	1.4502523874944107	1.5
8.39	-0.7635960297547536	-0.8609986185510505	1.4430192235359245	1.5
8.4	-0.8226938777848146	-0.8093133016861515	1.4358221351331804	1.5
8.41	-0.8738033305340207	-0.7504444626610889	1.428660942358597	1.5
8.42	-0.9165543128434405	-0.6849146254586317	1.4215354661819863	1.5
8.43	-0.9506620629956613	-0.6133054375528497	1.414445528466068	1.5
8.44	-0.9759270753441484	-0.5362525071650908	1.4073909519620273	1.5
8.45	-0.9922342701804915	-0.45443976156032184	1.4003715603050861	1.5
8.46	-0.9995514386526654	-0.3685933764605886	1.3933871780101028	1.5
8.47	-0.99792701402357	-0.27947533045702927	1.3864376304671242	1.5
8.48	-0.9874872232831968	-0.18787664163529444	1.3795227439371263	1.5
8.49	-0.9684326751490518	-0.0946103464419669	1.372642345547579	1.5
8.5	-0.9410344418569477	-0.0005042831155363995	1.365796263288146	1.5
8.51	-0.9056296929114107	0.09360625626332969	1.3589843260064451	1.5
8.52	-0.862616939178811	0.18688593988457733	1.352206363403694	1.5
8.53	-0.8124509454226881	0.2785068106734428	1.3454622060304247	1.5
8.54	-0.7556373686457016	0.367655635293604	1.3387516852824342	1.5
8.55	-0.6927271784536232	0.45354112246846123	1.3320746333961897	1.5
8.56	-0.624310914176535	0.5354009465312137	1.3254308834452608	1.5
8.57	-0.5510128316323284	0.61250851388992	1.3188202693353948	1.5
8.58	-0.47348499037364183	0.6841794123171195	1.3122426258010058	1.5
8.59	-0.3924013298818769	0.7497774858446506	1.3056977884006349	1.5
8.6	-0.3084517806804837	0.8087204813293744	1.2991855935128525	1.5
8.61	-0.22233645363059548	0.8604852165686901	1.2927058783326366	1.5
8.62	-0.134759947815993	0.9046122241083716	1.2862584808667723	1.5
8.63	-0.04642581452158615	0.940709829506265	1.2798432399298845	1.5
8.64	0.04196878823945722	0.9684576278608621	1.2734599951406889	1.5
8.65	0.12973821928487725	0.9876093277503034	1.2671085869175294	1.5
8.66	0.21621322761963088	0.9979949373296734	1.2607888564750205	1.5
8.67	0.3007455504814972	0.9995222731932514	1.2545006458199357	1.5
8.68	0.3827122140657578	0.9921777785999605	1.248243797746001	1.5
8.69	0.46151951795638124	0.9760266438038057	1.242018155832155	1.5
8.7	0.5366066875029972	0.9512122274210038	1.2358235644369915	1.5
8.71	0.6074491812144025	0.9179547839670855	1.2296598686951175	1.5
8.72	0.6735616432659869	0.8765495088669993	1.2235269145143635	1.5
8.73	0.7345004940948049	0.8273639182688937	1.2174245485696742	1.5
8.74	0.7898661546771294	0.7708345869637491	1.2113526183026289	1.5
8.75	0.8393049029575482	0.7074632732892328	1.2053109719134971	1.5
8.76	0.8825103631597957	0.6378124655167595	1.1992994583615169	1.5
8.77	0.9192246314042681	0.5625003891519249	1.1933179273589283	1.5
8.78	0.9492390431315961	0.4821955195102976	1.1873662293664808	1.5
8.79	0.9723945900615885	0.3976106482972483	1.1814442155914073	1.5
8.8	0.9885819964377616	0.30949655682349814	1.1755517379834117	1.5
8.81	0.9977414661181304	0.21863535201395376	1.1696886492310856	1.5
8.82	0.9997560945250166	0.12583352432301076	1.663359803222455	1.5
8.83	0.9911350906617209	0.03191478936887176	1.6550637615938273	1.5
8.84	0.9704117446324212	-0.062287223515061683	1.6468090966454407	1.5
8.85	0.9380181484362673	-0.15593637059353785	1.638595602010242	1.5
8.86	0.894519234035079	-0.24820141540727741	1.6304230723504367	1.5
8.87	0.8406009672508571	-0.3382634068867445	1.622291303352358	1.5
8.88	0.7770575282704296	-0.42532294841971907	1.6142000917213561	1.5
8.89	0.7047777143711936	-0.5086072933522751	1.6061492351767215	1.5
8.9	0.624730794336936	-0.5873772039427609	1.5981385324466195	1.5
8.91	0.5379520347687922	-0.6609335128883749	1.5901677832630652	1.5
8.92	0.4455281066056592	-0.7286233291835598	1.5822367883569135	1.5
8.93	0.3485825661419692	-0.7898458332268782	1.574345349452879	1.5
8.94	0.24826158913736318	-0.8440576097382468	1.5664932692645777	1.5
8.95	0.14572011969991994	-0.8907774711515075	1.558680351489596	1.5
8.96	0.04210857790579569	-0.9295907286692742	1.5509064008045814	1.5
8.97	-0.06143974802914731	-0.9601528730700636	1.5431712228603653	1.5
8.98	-0.16382051744763718	-0.9821926325965789	1.5354746242770936	1.5
8.99	-0.26396927127187264	-0.995514380782975	1.527816412639403	1.5
9.0	-0.3608714123697953	-0.9999998728492604	1.5201963964916008	1.5
9.01	-0.4535711771826048	-0.9956092952503064	1.5126143853328913	1.5
9.02	-0.5411795595742146	-0.9823816190636995	1.5050701896125922	1.5
9.03	-0.6228811629176628	-0.9604342540797335	1.4975636207254297	1.5
9.04	-0.697939970401128	-0.9299620066637103	1.4900944910067782	1.5
9.05	-0.7657040363357622	-0.891235350640968	1.4826626137280148	1.5
9.06	-0.8256091128484284	-0.8445980265519577	1.475267803091815	1.5
9.07	-0.8771812367114313	-0.790463990586934	1.4679098742275298	1.5
9.08	-0.9200383102139094	-0.7293137402814689	1.4605886431865536	1.5
9.09	-0.9538907179265183	-0.6616900495863959	1.4533039269377344	1.5
9.1	-0.9785410279942185	-0.5881931511675751	1.4460555433627786	1.5
9.11	-0.9938828322539649	-0.5094754086985875	1.4388433112517263	1.5
9.12	-0.9998987840759929	-0.4262355264341214	1.4316670502983821	1.5
9.13	-0.9966578964280642	-0.3392123474623674	1.4245265810958783	1.5
9.14	-0.9843121653340425	-0.2491782956802199	1.4174217251320793	1.5
9.15	-0.9630925857092975	-0.15693251970553268	1.4103523047852544	1.5
9.16	-0.9333046275797143	-0.06329379957603039	1.4033181433194954	1.5
9.17	-0.8953232410018894	0.030906720799205444	1.3963190648804202	1.5
9.18	-0.849587457666324	0.12483291093294743	1.3893548944906655	1.5
9.19	-0.7965946562604298	0.2176510753115666	1.3824254580456576	1.5
9.2	-0.7368945572468868	0.3085373533379788	1.3755305823090538	1.5
9.21	-0.6710830108620007	0.3966850319728594	1.3686700949087087	1.5
9.22	-0.599795639879039	0.48131170618095226	1.361843824332037	1.5
9.23	-0.5237013961260946	0.561666223611287	1.3550515999218864	1.5
9.24	-0.44349608688480424	0.6370353518785878	1.3482932518722868	1.5
9.25	-0.35989592422386163	0.706750109264616	1.3415686112241914	1.5
9.26	-0.27363114706104563	0.7701917026472316	1.3348775098612342	1.5
9.27	-0.18543976234514584	0.8267970199519388	1.3282197805056106	1.5
9.28	-0.09606144823381518	0.8760636283759348	1.3215952567135918	1.5
9.29	-0.006231658587538493	0.9175542340136685	1.315003772871987	1.5
9.3	0.0833240355701042	0.9509005633140672	1.30844516419302	1.5
9.31	0.17189533552376643	0.9758066318960426	1.3019192667114223	1.5
9.32	0.25879230689870175	0.9920513717323862	1.2954259172792677	1.5
9.33	0.34335014935336455	0.9994905933621254	1.2889649535625698	1.5
9.34	0.4249336226582349	0.9980582657274857	1.2825362140367063	1.5
9.35	0.5029411112718518	0.9877671022701264	1.27613953798319	1.5
9.36	0.5768083129730185	0.9687084480850762	1.2697747654844582	1.5
9.37	0.6460115402847201	0.9410514691349647	1.2634417374207285	1.5
9.38	0.7100706266656744	0.905041650725647	1.2571402954665492	1.5
9.39	0.7685514324580872	0.8609986185564951	1.2508702820858086	1.5
9.4	0.8210679484540055	0.8093133016870051	1.2446315405259174	1.5
9.41	0.8672839976552874	0.7504444626639374	1.2384239148203418	1.5
9.42	0.9069145386694953	0.6849146254624346	1.2322472497769092	1.5
9.43	0.9397265762414254	0.613305437558465	1.2261013909790532	1.5
9.44	0.9655396871195054	0.5362525071679368	1.2199861847793905	1.5
9.45	0.984226171362881	0.4544397615602747	1.2139014782978343	1.5
9.46	0.9957108413163063	0.368593376466669	1.2078471194173634	1.5
9.47	0.9999704622544473	0.27947533046586104	1.2018229567773189	1.5
9.48	0.9947271295375575	0.18787664163965312	1.693560845886154	1.5
9.49	0.976945508991393	0.09461034644631397	1.6851141759288386	1.5
9.5	0.9470290053734192	0.0005042831200735816	1.6767096339136875	1.5
9.51	0.9055469709726189	-0.09360625625882657	1.6683470097267132	1.5
9.52	0.8531984829810236	-0.1868859398804412	1.6600260943018752	1.5
9.53	0.7907983465975086	-0.27850681066928984	1.6517466796158542	1.5
9.54	0.7192622894116782	-0.36765563529008505	1.643508558682852	1.5
9.55	0.6395916070738898	-0.45354112246430356	1.6353115255494148	1.5
9.56	0.5528575071962234	-0.5354009465275856	1.62715537528929	1.5
9.57	0.46018538257246866	-0.6125085138864121	1.619039903998295	1.5
9.58	0.362739226773623	-0.6841794123141421	1.6109649087892246	1.5
9.59	0.2617063855527514	-0.7497774858424853	1.6029301877867788	1.5
9.6	0.1582828168202919	-0.8087204813268728	1.594935540122513	1.5
9.61	0.05365901071414837	-0.8604852165665667	1.5869807659298203	1.5
9.62	-0.05099330007514171	-0.9046122241069707	1.5790656663389309	1.5
9.63	-0.1545335306820063	-0.9407098295052322	1.5711900434719412	1.5
9.64	-0.255863646651995	-0.9684576278603335	1.5633537004378741	1.5
9.65	-0.3539385099600123	-0.987609327749714	1.5555564413277425	1.5
9.66	-0.44777511835277634	-0.9979949373293331	1.5477980712096628	1.5
9.67	-0.5364607053715805	-0.9995222731933244	1.5400783961239781	1.5
9.68	-0.6191596845443742	-0.9921777786004329	1.5323972230784102	1.5
9.69	-0.6951194359662215	-0.9760266438046076	1.52475436004323	1.5
9.7	-0.7636749467666768	-0.9512122274216978	1.5171496159464661	1.5
9.71	-0.8242523287838927	-0.9179547839682372	1.509582800669122	1.5
9.72	-0.8763712471381238	-0.8765495088667208	1.5020537250404165	1.5
9.73	-0.9196463023604189	-0.8273639182701809	1.4945622008330681	1.5
9.74	-0.9537874163371987	-0.7708345869628371	1.4871080407585866	1.5
9.75	-0.9785992786438492	-0.7074632732912743	1.4796910584625775	1.5
9.76	-0.9939799149371956	-0.6378124655219723	1.472311068520101	1.5
9.77	-0.999918443041564	-0.5625003891555235	1.4649678864310225	1.5
9.78	-0.9964920852814081	-0.48219551951315204	1.4576613286153852	1.5
9.79	-0.983862507576823	-0.39761064830348464	1.4503912124089153	1.5
9.8	-0.9622715569135774	-0.3094965568306908	1.4431573560582633	1.5
9.81	-0.9320364691180227	-0.21863535200928438	1.4359595787167003	1.5
9.82	-0.8935446184883473	-0.12583352432548178	1.4287977004393988	1.5
9.83	-0.8472478798483617	-0.031914789371418124	1.4216715421790171	1.5
9.84	-0.7936566720648793	0.06228722351251897	1.4145809257812307	1.5
9.85	-0.7333337500852064	0.1559363705914144	1.4075256739802324	1.5
9.86	-0.6668878101740771	0.24820141540533258	1.4005056103944133	1.5
9.87	-0.5949669703135876	0.3382634068841598	1.3935205595218654	1.5
9.88	-0.5182521847477866	0.4253229484170403	1.3865703467358423	1.5
9.89	-0.437450648450818	0.5086072933504975	1.3796547982806184	1.5
9.9	-0.3532892439072139	0.5873772039405841	1.3727737412673215	1.5
9.91	-0.266508079075347	0.6609335128854286	1.365927003669118	1.5
9.92	-0.17785416182200656	0.7286233291817662	1.359114414316937	1.5
9.93	-0.08807525244329449	0.7898458332262919	1.3523358028958716	1.5
9.94	0.0020860678290509113	0.8440576097367359	1.3455909999405926	1.5
9.95	0.09189807809739714	0.8907774711501432	1.3388798368302686	1.5
9.96	0.18064531824117863	0.9295907286683246	1.3322021457855417	1.5
9.97	0.26763368162673906	0.9601528730680727	1.3255577598642183	1.5
9.98	0.352195176688353	0.9821926325958091	1.3189465129553701	1.5
9.99	0.4336923373700766	0.9955143807825432	1.3123682397782988	1.5
10.0	0.5115222660181797	0.9999998728492594	1.3058227758753205	1.5
10.01	0.5851202952881833	0.9956092952510252	1.2993099576104443	1.5
10.02	0.6539632590828584	0.9823816190645128	1.2928296221614068	1.5
10.03	0.7175723652371941	0.9604342540810684	1.2863816075206347	1.5
10.04	0.7755156659321893	0.9299620066661465	1.279965752487118	1.5
10.05	0.8274101242112649	0.8912353506463838	1.273581896664332	1.5
10.06	0.8729232778500522	0.84459802655285	1.267229880454114	1.5
10.07	0.9117745041103544	0.7904639905870147	1.2609095450575638	1.5
10.08	0.9437358914430266	0.7293137402817534	1.2546207324655032	1.5
10.09	0.9686327261119638	0.6616900495917369	1.2483632854574847	1.5
10.1	0.9863436039697572	0.5881931511679805	1.2421370475957074	1.5
10.11	0.9968001793499733	0.5094754087017213	1.2359418632253805	1.5
10.12	0.9999759903475736	0.42623552643863716	1.7296255305510875	1.5
10.13	0.9927498348913495	0.3392123474669564	1.7209989872285947	1.5
10.14	0.9728920504891084	0.24917829568502683	1.7124154689704196	1.5
10.15	0.9408794943649292	0.15693251971032243	1.703874761188157	1.5
10.16	0.8973301041951888	0.06329379958079959	1.6953766503636678	1.5
10.17	0.8429888226338419	-0.03090672079459941	1.6869209240437386	1.5
10.18	0.7787126123338718	-0.12483291092823424	1.6785073708347709	1.5
10.19	0.7054548404682743	-0.21765107530705496	1.670135780397496	1.5
10.2	0.6242492962057176	-0.3085373533331088	1.6618059434417174	1.5
10.21	0.5361940862743468	-0.39668503196843363	1.6535176517210755	1.5
10.22	0.44243563335893255	-0.4813117061771496	1.6452706980278484	1.5
10.23	0.34415298026956254	-0.5616662236079211	1.6370648761877633	1.5
10.24	0.24254258018039832	-0.6370353518754519	1.6288999810548466	1.5
10.25	0.1388037302788576	-0.7067501092615468	1.6207758085062949	1.5
10.26	0.03412478333870222	-0.7701917026442924	1.6126921554373712	1.5
10.27	-0.07032975059068003	-0.8267970199495385	1.6046488197563276	1.5
10.28	-0.17343112168780958	-0.876063628373562	1.5966456003793548	1.5
10.29	-0.2740972067987912	-0.9175542340122543	1.5886822972255483	1.5
10.3	-0.3713022737326904	-0.9509005633126586	1.5807587112119161	1.5
10.31	-0.4640856101123923	-0.9758066318951935	1.572874644248399	1.5
10.32	-0.5515589997732421	-0.9920513717319297	1.5650298992329068	1.5
10.33	-0.6329130444550146	-0.9994905933620492	1.5572242800464098	1.5
10.34	-0.7074223417352451	-0.9980582657277107	1.5494575915480175	1.5
10.35	-0.7744495418105463	-0.9877671022703995	1.5417296395701179	1.5
10.36	-0.8334483158931301	-0.9687084480855039	1.534040230913503	1.5
10.37	-0.8839652777016354	-0.9410514691368119	1.5263891733425607	1.5
10.38	-0.9256409068674499	-0.9050416507274317	1.5187762755804546	1.5
10.39	-0.9582095291253717	-0.8609986185547985	1.5112013473043384	1.5
10.4	-0.9814984130060336	-0.8093133016904799	1.5036641991406139	1.5
10.41	-0.995426046487803	-0.7504444626660063	1.4961646426601882	1.5
10.42	-0.9999996597935494	-0.6849146254640113	1.4887024903737494	1.5
10.43	-0.9953120623295278	-0.6133054375586702	1.4812775557271076	1.5
10.44	-0.9815378627519695	-0.5362525071714667	1.4738896530965238	1.5
10.45	-0.9589291414014286	-0.45443976156697463	1.4665385977840062	1.5
10.46	-0.9278106439539575	-0.3685933764675181	1.4592242060128402	1.5
10.47	-0.8885745641771915	-0.279475330464132	1.4519462949227995	1.5
10.48	-0.8416749822344305	-0.18787664164269977	1.4447046825657788	1.5
10.49	-0.787622023104453	-0.09461034644934535	1.4374991879010541	1.5
10.5	-0.7269757974661197	-0.000504283122948094	1.4303296307908804	1.5
10.51	-0.6603401848687651	0.09360625625559682	1.4231958319960225	1.5
10.52	-0.5883565162428365	0.1868859398773102	1.416097613171047	1.5
10.53	-0.5116972098529435	0.2785068106663653	1.4090347968601524	1.5
10.54	-0.4310594116665853	0.3676556352871608	1.4020072064925833	1.5
10.55	-0.3471586878984798	0.45354112246098177	1.39501466637824	1.5
10.56	-0.26072281417600646	0.5354009465247618	1.3880570017031235	1.5
10.57	-0.1724857024313668	0.6125085138837579	1.3811340385253923	1.5
10.58	-0.08318150322354025	0.6841794123111647	1.3742456037706083	1.5
10.59	0.006461082145987842	0.7497774858403294	1.367391525227394	1.5
10.6	0.09572424872153364	0.808720481324714	1.3605716315435945	1.5
10.61	0.18390626651196998	0.8604852165643783	1.3537857522214725	1.5
10.62	0.270326366175112	0.904612224105588	1.3470337176135345	1.5
10.63	0.3543293105074011	0.9407098295041414	1.340315358918792	1.5
10.64	0.43528963359126155	0.9684576278592172	1.3336305081778876	1.5
10.65	0.5126155324104142	0.9876093277484891	1.3269789982693354	1.5
10.66	0.5857523987071797	0.9979949373290414	1.3203606629043576	1.5
10.67	0.6541859815716219	0.999522273193516	1.3137753366250573	1.5
10.68	0.7174451740881492	0.9921777786009496	1.3072228547973288	1.5
10.69	0.7751044197211154	0.9760266438066746	1.3007030536096493	1.5
10.7	0.8267857368200036	0.9512122274232335	1.294215770065274	1.5
10.71	0.8721603616938829	0.917954783970595	1.2877608419830273	1.5
10.72	0.9109500132028615	0.8765495088725707	1.2813381079892279	1.5
10.73	0.9429277836376718	0.827363918271564	1.274947407513702	1.5
10.74	0.967918662763081	0.7708345869702449	1.2685885807911839	1.5
10.75	0.9857997038090112	0.707463273297002	1.2622614688483038	1.5
10.76	0.9964998416880162	0.6378124655378676	1.2559659135090868	1.5
10.77	0.999998890670143	0.5625003891594276	1.7496690268930173	1.5
10.78	0.9934077720220942	0.48219551951745054	1.7409425162154692	1.5
10.79	0.9742205904724067	0.39761064830775206	1.7322595291915008	1.5
10.8	0.9429199879517572	0.3094965568352755	1.7236198487459826	1.5
10.81	0.9001268134340575	0.21863535201390594	1.7150232588864562	1.5
10.82	0.8465858089253092	0.1258335243300111	1.7064695446977265	1.5
10.83	0.78315052241862	0.03191478937593879	1.6979584923364925	1.5
10.84	0.710767718480485	-0.06228722350801896	1.6894898890260022	1.5
10.85	0.6304615384588749	-0.1559363705865537	1.6810635230507316	1.5
10.86	0.5433176416201785	-0.2482014154004418	1.6726791837510926	1.5
10.87	0.4504675364990261	-0.33826340688009066	1.6643366615181658	1.5
10.88	0.3530732889730485	-0.4253229484133327	1.6560357477884597	1.5
10.89	0.2523127705701872	-0.5086072933461873	1.6477762350387015	1.5
10.9	0.14936558771715533	-0.5873772039370501	1.6395579167806411	1.5
10.91	0.04539981041040222	-0.6609335128830687	1.6313805875558938	1.5
10.92	-0.058440402569496834	-0.7286233291787269	1.6232440429308033	1.5
10.93	-0.16104620504014394	-0.7898458332225418	1.61514807949133	1.5
10.94	-0.2613544335238801	-0.8440576097344629	1.607092494837966	1.5
10.95	-0.3583569057974403	-0.8907774711482944	1.5990770875806775	1.5
10.96	-0.4511086237223517	-0.9295907286666679	1.591101657333861	1.5
10.97	-0.5387348707999685	-0.9601528730680915	1.5831660047113498	1.5
10.98	-0.6204372079854398	-0.9821926325952477	1.5752699313214154	1.5
10.99	-0.6954983828878477	-0.9955143807823061	1.567413239761809	1.5
11.0	-0.7632861776253964	-0.9999998728492568	1.5595957336148323	1.5
11.01	-0.8232562293531189	-0.9956092952509643	1.5518172174424238	1.5
11.02	-0.874953864909552	-0.9823816190650394	1.5440774967812863	1.5
11.03	-0.9180149972205102	-0.9604342540816948	1.536376378137974	1.5
11.04	-0.9521661361380228	-0.929962006666315	1.5287136689841443	1.5
11.05	-0.9772235703782282	-0.8912353506441812	1.5210891777516578	1.5
11.06	-0.9930917802334804	-0.8445980265557586	1.5135027138278396	1.5
11.07	-0.9997611428763775	-0.7904639905912821	1.5059540875506952	1.5
11.08	-0.9973049934234854	-0.7293137402864037	1.49844311020418	1.5
11.09	-0.9858761055765342	-0.661690049591676	1.4909695940134504	1.5
11.1	-0.9657026556869065	-0.5881931511732014	1.483533352140226	1.5
11.11	-0.937083733571865	-0.5094754087046839	1.4761341986780934	1.5
11.12	-0.900384462419169	-0.4262355264406847	1.4687719486478004	1.5
11.13	-0.8560307887178203	-0.3392123474689787	1.461446417992707	1.5
11.14	-0.8045040014028715	-0.24917829568709504	1.4541574235741896	1.5
11.15	-0.7463350373606447	-0.15693251971261396	1.446904783167014	1.5
11.16	-0.6820986281562509	-0.0632937995830443	1.4396883154547588	1.5
11.17	-0.6124073403633302	0.030906720791754678	1.43250784002543	1.5
11.18	-0.5379055592256091	0.1248329109261013	1.4253631773665973	1.5
11.19	-0.4592634626379253	0.21765107530466546	1.4182541488615252	1.5
11.2	-0.3771710295420612	0.30853735333118554	1.4111805767839738	1.5
11.21	-0.2923321239705819	0.3966850319657689	1.4041422842944609	1.5
11.22	-0.20545869295904906	0.4813117061747545	1.397139095435091	1.5
11.23	-0.11726511364550192	0.5616662236053312	1.3901708351259208	1.5
11.24	-0.028462721846649466	0.6370353518726666	1.3832373291600486	1.5
11.25	0.06024544848688297	0.706750109259664	1.3763384041993236	1.5
11.26	0.1481696884651323	0.7701917026426403	1.3694738877704578	1.5
11.27	0.23463837650796915	0.826797019947362	1.3626436082602258	1.5
11.28	0.31900245882291905	0.8760636283723952	1.3558473949109657	1.5
11.29	0.40063963002720976	0.9175542340106424	1.349085077817413	1.5
11.3	0.4789581985510364	0.9509005633109026	1.3423564879210863	1.5
11.31	0.5534006239455489	0.9758066318950963	1.335661457006328	1.5
11.32	0.6234467157739824	0.9920513717314804	1.3289998176982243	1.5
11.33	0.6886164862532957	0.9994905933617705	1.3223714034549645	1.5
11.34	0.748472650939341	0.9980582657280828	1.3157760485649954	1.5
11.35	0.8026227741498501	0.9877671022708744	1.3092135881447329	1.5
11.36	0.8507210579296512	0.968708448087131	1.30268385813293	1.5
11.37	0.8924697753270384	0.9410514691398754	1.2961866952853158	1.5
11.38	0.9276203507212969	0.9050416507292587	1.2897219371719928	1.5
11.39	0.9559740918304449	0.8609986185578579	1.2832894221748834	1.5
11.4	0.9773825797623295	0.809313301692018	1.276888989479715	1.5
11.41	0.9917477250460106	0.7504444626733537	1.270520479076754	1.5
11.42	0.9990214992758865	0.6849146254644904	1.2641837317503937	1.5
11.43	0.9985620981962907	0.6133054375614344	1.7566945774571887	1.5
11.44	0.9862229202201513	0.5362525071742648	1.747933026700019	1.5
11.45	0.9616094101123411	0.4544397615700542	1.7392151743595552	1.5
11.46	0.9252701079643235	0.3685933764705865	1.730540802489033	1.5
11.47	0.877881270148071	0.2794753304674514	1.7219096942287069	1.5
11.48	0.820232326476543	0.1878766416459418	1.7133216338004194	1.5
11.49	0.7532107914125407	0.09461034645268798	1.7047764065022122	1.5
11.5	0.6777868768937713	0.0005042831264763057	1.696273798702958	1.5
11.51	0.5949980338470476	-0.09360625625245196	1.6878135978370188	1.5
11.52	0.5059336278113415	-0.18688593987415125	1.6793955923989328	1.5
11.53	0.41171993184257594	-0.2785068106631405	1.6710195719381247	1.5
11.54	0.31350559751691875	-0.36765563528413076	1.6626853270536475	1.5
11.55	0.21244774279111503	-0.4535411224585846	1.654392649388944	1.5
11.56	0.10969877405155896	-0.5354009465221778	1.6461413316266427	1.5
11.57	0.006394039155010067	-0.6125085138813398	1.6379311674833685	1.5
11.58	-0.09635961116187745	-0.6841794123094725	1.6297619517045903	1.5
11.59	-0.19749429429992185	-0.7497774858382487	1.621633480059488	1.5
11.6	-0.2959905568553546	-0.8087204813231151	1.613545549335847	1.5
11.61	-0.39088579873390167	-0.8604852165633048	1.6054979573349812	1.5
11.62	-0.4812816472980539	-0.9046122241042356	1.5974905028666677	1.5
11.63	-0.5663502810480189	-0.9407098295030555	1.589522985744126	1.5
11.64	-0.6453397134507477	-0.9684576278587275	1.5815952067790204	1.5
11.65	-0.717578057282216	-0.9876093277487092	1.5737069677764537	1.5
11.66	-0.7824767982931478	-0.997994937328927	1.5658580715300512	1.5
11.67	-0.8395331142254984	-0.9995222731935228	1.5580483218169885	1.5
11.68	-0.8883312812646602	-0.9921777786012357	1.5502775233931236	1.5
11.69	-0.9285432150040501	-0.9760266438060569	1.5425454819881024	1.5
11.7	-0.9599281969997122	-0.9512122274236513	1.5348520043004268	1.5
11.71	-0.9823318410923266	-0.9179547839708503	1.5271968979928496	1.5
11.72	-0.995684355961395	-0.876549508869864	1.5195799716872356	1.5
11.73	-0.9999981619139128	-0.8273639182738569	1.5120010349600606	1.5
11.74	-0.9953649208045116	-0.770834586967079	1.5044598983375221	1.5
11.75	-0.9819520382788505	-0.7074632732960606	1.4969563732908024	1.5
11.76	-0.959998697319245	-0.6378124655270788	1.4894902722313634	1.5
11.77	-0.9298114814041315	-0.5625003891609582	1.482061408506314	1.5
11.78	-0.8917596445330966	-0.48219551951894796	1.4746695963936527	1.5
11.79	-0.8462700839757232	-0.39761064830911175	1.4673146510976984	1.5
11.8	-0.7938220699198053	-0.3094965568372251	1.4599963887445169	1.5
11.81	-0.7349417842699525	-0.21863535201574022	1.4527146263770303	1.5
11.82	-0.6701967187386494	-0.12583352433146708	1.445469181950842	1.5
11.83	-0.6001899800736763	-0.03191478937776077	1.4382598743295498	1.5
11.84	-0.525554547869575	0.06228722350471035	1.4310865232801282	1.5
11.85	-0.44694752789869824	0.15593637058368628	1.4239489494681625	1.5
11.86	-0.3650444413369206	0.24820141539851073	1.416846974454062	1.5
11.87	-0.2805335876010506	0.3382634068764896	1.409780420688322	1.5
11.88	-0.19411051589038725	0.4253229484095479	1.4027491115064301	1.5
11.89	-0.10647263788730534	0.5086072933426233	1.395752871125341	1.5
11.9	-0.01831401136556069	0.587377203932435	1.3887915246388363	1.5
11.91	0.06967967813807438	0.6609335128829804	1.3818648980122188	1.5
11.92	0.15683591297895208	0.7286233291776827	1.3749728180806073	1.5
11.93	0.2424998945024009	0.7898458332181117	1.3681151125414088	1.5
11.94	0.32603882996088046	0.8440576097304676	1.3612916099507641	1.5
11.95	0.40684593823563486	0.8907774711479827	1.3545021397207766	1.5
11.96	0.48434415971503764	0.9295907286636441	1.3477465321159718	1.5
11.97	0.5579895580267438	0.9601528730671929	1.3410246182436119	1.5
11.98	0.6272744033006318	0.9821926325947691	1.3343362300569526	1.5
11.99	0.6917299293176381	0.995514380781936	1.3276812003457183	1.5
12.0	0.7509287584873724	0.9999998728492561	1.3210593627333915	1.5
