2.7533531010709133e-17	0.9996427338206729	5.152180117152954
0.0010000000000000276	0.9983293845636749	5.1264835117720295
0.0020000000000000274	0.9960660973770558	5.100915069013123
0.0030000000000000274	0.9928698461030869	5.0754741497582625
0.004000000000000028	0.9887582175565499	5.05016011804488
0.005000000000000028	0.9837493712776161	5.024972341049484
0.006000000000000028	0.9778619999093895	4.999910189085628
0.007000000000000028	0.9711152902244138	4.97497303557323
0.008000000000000028	0.9635288848264034	4.95016025703654
0.009000000000000027	0.9551228445491501	4.92547123308776
0.010000000000000028	0.9459176115779081	4.900905346410736
0.011000000000000027	0.9359339733103306	4.876461982758595
0.012000000000000028	0.9251930269816225	4.852140530923453
0.013000000000000027	0.9137161450706435	4.827940382734076
0.014000000000000028	0.9015249415145766	4.803860933039544
0.015000000000000027	0.8886412387325274	4.7799015796930036
0.016000000000000028	0.8750870354963036	4.75606172354902
0.01700000000000003	0.8608844756393914	4.73234076843371
0.018000000000000026	0.8460558176423727	4.7087381211421295
0.019000000000000027	0.8306234050839045	4.685253191419361
0.020000000000000028	0.814609637994382	4.661885391957679
0.02100000000000003	0.7980369450908718	4.638634138367029
0.022000000000000026	0.7809277569277693	4.615498849172236
0.023000000000000027	0.7633044799570847	4.592478945796853
0.024000000000000028	0.7451894715082384	4.569573852547097
0.02500000000000003	0.7266050156984569	4.54678299660881
0.026000000000000027	0.7075733002425222	4.524105808018398
0.027000000000000027	0.6881163942150921	4.501541719659849
0.02800000000000003	0.6682562267295139	4.4790901672487236
0.02900000000000003	0.6480145665300178	4.456750589316244
0.030000000000000027	0.6274130025300038	4.434522427206085
0.031000000000000028	0.6064729252331187	4.412405125045795
0.03200000000000003	0.5852155090931777	4.3903981297436605
0.03300000000000003	0.563661695770348	4.36850089097287
0.03400000000000003	0.541832178268672	4.346712861155774
0.035000000000000024	0.5197473859942476	4.325033495460553
0.036000000000000025	0.49742747064464926	4.303462251773131
0.037000000000000026	0.47489229300323077	4.2819985906939255
0.03800000000000003	0.4521614105642803	4.260641975522204
0.03900000000000003	0.42925406599685545	4.2393918722405495
0.04000000000000003	0.40618917645854485	4.218247749511424
0.04100000000000003	0.3829853236742928	4.1972090786496095
0.04200000000000003	0.35966074484785804	4.176275333618854
0.043000000000000024	0.33623332433790865	4.155445991016457
0.044000000000000025	0.312720586075662	4.134720530057961
0.045000000000000026	0.2891396867594893	4.114098432573638
0.04600000000000003	0.265507409733224	4.093579182981466
0.04700000000000003	0.24184015959273245	4.073162268283711
0.04800000000000003	0.21815395746562022	4.052847178049459
0.04900000000000003	0.19446443696366134	4.032633404411051
0.05000000000000003	0.1707868407596913	4.012520442037508
0.051000000000000024	0.14713601780593488	3.992507788131078
0.052000000000000025	0.12352642114139667	3.9725949424122664
0.053000000000000026	0.09997210628359705	3.9527814071049834
0.05400000000000003	0.07648673018575557	3.933066686932963
0.05500000000000003	0.05308355070586205	3.913450289093733
0.05600000000000003	0.02977542662457381	3.893931723255146
0.05700000000000003	0.0065748181348601505	3.8745105015406853
0.05800000000000003	-0.016506212194083554	3.8551861385148776
0.059000000000000025	-0.03945599798129088	3.835958151179725
0.060000000000000026	-0.062263267204004415	3.8168260589492156
0.061000000000000026	-0.084917139926482	3.7977893836458727
0.06200000000000003	-0.10740712565895953	3.77884764948634
0.06300000000000003	-0.1297231203378926	3.760000383067089
0.06400000000000003	-0.15185540296557648	3.7412471133608554
0.06500000000000003	-0.1737946319268895	3.722587371691729
0.06600000000000003	-0.19553184098986987	3.704020691731718
0.06700000000000003	-0.21705843502177785	3.6855466094866367
0.06800000000000003	-0.23836618544271598	3.6671646632821044
0.06900000000000003	-0.25944722540668874	3.648874393760021
0.07000000000000003	-0.28029404478643005	3.630675343854235
0.07100000000000002	-0.3008994849154902	3.6125670587871457
0.07200000000000002	-0.3212567331401789	3.5945490860538243
0.07300000000000002	-0.34135931719589907	3.576620975418576
0.07400000000000002	-0.3612010994168971	3.5587822788910395
0.07500000000000002	-0.38077627080522114	3.5410325507228158
0.07600000000000003	-0.4000793449485194	3.5233713473939243
0.07700000000000003	-0.4191051518436855	3.5057982275993735
0.07800000000000003	-0.4378488315964389	3.4883127522457453
0.07900000000000003	-0.45630582804576336	3.470914484427845
0.08000000000000003	-0.47447188231570225	3.45360298942546
0.08100000000000003	-0.4923430262798236	3.4363778346900804
0.08200000000000003	-0.509915576005467	3.419238589831833
0.08300000000000003	-0.5271861251358841	3.402184826616079
0.08400000000000003	-0.5441515382551908	3.3852161189407024
0.08500000000000003	-0.560808944238247	3.368332042832918
0.08600000000000002	-0.5771557295863442	3.351532176436301
0.08700000000000002	-0.5931895317691389	3.334816099998039
0.08800000000000002	-0.608908232574346	3.318183395865684
0.08900000000000002	-0.6243099514955168	3.3016336484649353
0.09000000000000002	-0.6393930391221887	3.28516644429651
0.09100000000000003	-0.654156070589629	3.2687813719236223
0.09200000000000003	-0.6685978390631219	3.252478021959439
0.09300000000000003	-0.6827173492671875	3.2362559870639727
0.09400000000000003	-0.6965138110889777	3.220114861922454
0.09500000000000003	-0.7099866332327546	3.204054243242243
0.09600000000000003	-0.7231354169474375	3.18807372973886
0.09700000000000003	-0.7359599498206549	3.172172922132829
0.09800000000000003	-0.748460199667924	3.1563514231285312
0.09900000000000003	-0.7606363084941702	3.1406088374112566
0.10000000000000003	-0.7724885865387026	3.124944771635204
0.10100000000000003	-0.7840175064258691	3.109358834411572
0.10200000000000002	-0.7952236973914312	3.093850636305697
0.10300000000000002	-0.8061079396215804	3.0784197898162664
0.10400000000000002	-0.8166711586889446	3.0630659093726105
0.10500000000000002	-0.8269144200789194	3.0477886113229435
0.10600000000000002	-0.8368389238372002	3.032587513922867
0.10700000000000003	-0.8464459993071141	3.0174622373324906
0.10800000000000003	-0.8557370999901709	3.002412403596364
0.10900000000000003	-0.8647137985014309	2.9874376366406494
0.11000000000000003	-0.8733777816390497	2.972537562261912
0.11100000000000003	-0.8817308455686058	2.957711808115815
0.11200000000000003	-0.8897748911074221	2.9429600037143957
0.11300000000000003	-0.8975119191297782	2.928281780406448
0.11400000000000003	-0.9049440260783975	2.913676771375019
0.11500000000000003	-0.9120733995866621	2.899144611626257
0.11600000000000003	-0.9189023142096993	2.884684937978549
0.11700000000000002	-0.9254331272655436	2.870297389059914
0.11800000000000002	-0.9316682747909455	2.8559816052890103
0.11900000000000002	-0.9376102675973687	2.8417372288724185
0.12000000000000002	-0.9432616874398616	2.8275639037926017
0.12100000000000002	-0.9486251832851876	2.8134612758051194
0.12200000000000003	-0.9537034676977095	2.799428992420196
0.12300000000000003	-0.9584993133142152	2.7854667029001288
0.12400000000000003	-0.963015549432154	2.771574058248923
0.12500000000000003	-0.9672550586921812	2.7577507112019224
0.12600000000000003	-0.9712207738612932	2.7439963162234924
0.12700000000000003	-0.9749156747181886	2.7303105294885195
0.12800000000000003	-0.9783427850268362	2.7166930088806276
0.12900000000000003	-0.9815051696091108	2.7031434139816346
0.13000000000000003	-0.9844059315087037	2.6896614060615325
0.13100000000000003	-0.9870482092438283	2.6762466480764053
0.13200000000000003	-0.9894351741505676	2.6628988046505704
0.13300000000000003	-0.9915700278114943	2.6496175420743917
0.13400000000000004	-0.9934559995674428	2.636402528294474
0.13500000000000004	-0.9950963441143773	2.6232534329040607
0.13600000000000004	-0.9964943391779377	2.6101699271404146
0.13700000000000004	-0.9976532832684833	2.5971516838679634
0.13800000000000004	-0.9985764935116908	2.584198377576287
0.13900000000000004	-0.9992673035525492	2.5713096843701866
0.14000000000000004	-0.9997290615329214	2.558485281960408
0.14100000000000001	-0.9999651281383023	2.5457248496616693
0.14200000000000002	-0.9999788747136079	2.5330280683759074
0.14300000000000002	-0.9997736814442313	2.520394620589822
0.14400000000000002	-0.9993529356017454	2.5078241903647736
0.14500000000000002	-0.9987200298519342	2.4953164633344076
0.14600000000000002	-0.9978783606226354	2.4828711266885466
0.14700000000000002	-0.9968313265299255	2.4704878691709586
0.14800000000000002	-0.9955823268611247	2.4581663810704546
0.14900000000000002	-0.9941347601120418	2.445906354211843
0.15000000000000002	-0.9924920225775424	2.4337074819540887
0.15100000000000002	-0.9906575069907967	2.421569459174409
0.15200000000000002	-0.9886346012157625	2.409491982266197
0.15300000000000002	-0.9864266869826936	2.397474749130522
0.15400000000000003	-0.9840371386723427	2.3855174591672084
0.15500000000000003	-0.9814693221446954	2.37361981327292
0.15600000000000003	-0.9787265936060272	2.3617815138260045
0.15700000000000003	-0.9758122985220674	2.350002264684306
0.15800000000000003	-0.9727297705684287	2.3382817711769484
0.15900000000000003	-0.9694823306168334	2.3266197400955484
0.16000000000000003	-0.9660732857638339	2.315015879693
0.16100000000000003	-0.9625059283877135	2.303469899667389
0.16200000000000003	-0.9587835352428635	2.291981511161503
0.16300000000000003	-0.9549093665886075	2.2805504267534498
0.16400000000000003	-0.9508866653443935	2.269176360449344
0.16500000000000004	-0.9467186562802461	2.257859027680756
0.16600000000000004	-0.9424085452325752	2.2465981452905663
0.16700000000000004	-0.9379595183494012	2.235393431531485
0.16800000000000004	-0.9333747413611135	2.2242446060570082
0.16900000000000004	-0.9286573588794449	2.2131513899149393
0.17000000000000004	-0.9238104937214656	2.2021135055440433
0.17100000000000004	-0.9188372462518564	2.1911306767609062
0.17200000000000001	-0.9137406937553515	2.1802026287585017
0.17300000000000001	-0.9085238898263923	2.1693290880956893
0.17400000000000002	-0.9031898637849997	2.1585097826970894
0.17500000000000002	-0.8977416201078051	2.1477444418385456
0.17600000000000002	-0.8921821378822647	2.137032796145929
0.17700000000000002	-0.8865143702789283	2.1263745775860485
0.17800000000000002	-0.8807412440434383	2.1157695194608013
0.17900000000000002	-0.8748656590077987	2.1052173564047436
0.18000000000000002	-0.8688904876123654	2.094717824371735
0.18100000000000002	-0.8628185744534785	2.0842706606328583
0.18200000000000002	-0.8566527358416038	2.073875603769767
0.18300000000000002	-0.8503957593762015	2.0635323936664016
0.18400000000000002	-0.8440504035399014	2.0532407715082615
0.18500000000000003	-0.8376193973040912	2.043000479768361
0.18600000000000003	-0.831105439745966	2.032811262206395
0.18700000000000003	-0.8245111996896297	2.022672863861081
0.18800000000000003	-0.8178393153501042	2.012585031043026
0.18900000000000003	-0.811092394001904	2.002547511333042
0.19000000000000003	-0.8042730116493606	1.992560053569432
0.19100000000000003	-0.7973837127211635	1.9826224078464412
0.19200000000000003	-0.7904270097711361	1.9727343255072487
0.19300000000000003	-0.7834053831898533	1.962895559136319
0.19400000000000003	-0.7763212809404352	1.9531058625589068
0.19500000000000003	-0.7691771182915422	1.9433649908274102
0.19600000000000004	-0.7619752775717301	1.933672700220578
0.19700000000000004	-0.7547181079363244	1.9240287482358283
0.19800000000000004	-0.7474079251417918	1.9144328935856483
0.19900000000000004	-0.7400470113331244	1.904884896188364
0.20000000000000004	-0.732637614847893	1.8953845171651786
0.20100000000000004	-0.7251819500221807	1.885931518832169
0.20200000000000004	-0.7176821970189576	1.876525664694515
0.203	-0.7101405016629913	1.8671667194470416
0.20400000000000001	-0.702558975285611	1.8578544489576183
0.20500000000000002	-0.6949396945816916	1.8485886202703607
0.20600000000000002	-0.6872847014840833	1.8393690015963178
0.20700000000000002	-0.6795960030357749	1.8301953623063136
0.20800000000000002	-0.6718755712964358	1.8210674729324268
0.20900000000000002	-0.6641253432331242	1.8119851051525542
0.21000000000000002	-0.6563472206398682	1.802948031792273
0.21100000000000002	-0.6485430700678128	1.7939560268156338
0.21200000000000002	-0.6407147227587655	1.7850088653203362
0.21300000000000002	-0.6328639746012616	1.776106323534841
0.21400000000000002	-0.6249925860813162	1.767248178808778
0.21500000000000002	-0.6171022822654345	1.7584342096102525
0.21600000000000003	-0.6091947527765851	1.7496641955186392
0.21700000000000003	-0.6012716517925151	1.7409379172199988
0.21800000000000003	-0.593334598058129	1.7322551565053375
0.21900000000000003	-0.5853851748927689	1.7236156962564362
0.22000000000000003	-0.5774249302256066	1.7150193204484587
0.22100000000000003	-0.5694553766389582	1.7064658141413753
0.22200000000000003	-0.5614779914162026	1.6979549634760356
0.22300000000000003	-0.5534942166075073	1.6894865556662833
0.22400000000000003	-0.5455054591043945	1.681060378996642
0.22500000000000003	-0.5375130907305787	1.6726762228147711
0.22600000000000003	-0.5295184483306373	1.664333877526309
0.22700000000000004	-0.5215228338930654	1.6560331345937245
0.22800000000000004	-0.513527514655463	1.6477737865256041
0.22900000000000004	-0.5055337232501734	1.6395556268729288
0.23000000000000004	-0.4975426578377379	1.631378450226157
0.23100000000000004	-0.4895554822651773	1.6232420522061806
0.23200000000000004	-0.48157332623831023	1.6151462294664172
0.23300000000000004	-0.47359728548560776	1.6070907796767724
0.23400000000000004	-0.4656284219545959	1.599075501528925
0.23500000000000001	-0.4576677640090432	1.591100194723202
0.23600000000000002	-0.44971630663615664	1.583164659969123
0.23700000000000002	-0.4417750116782779	1.5752686989800502
0.23800000000000002	-0.4338448080483478	1.5674121144631128
0.23900000000000002	-0.42592659198079846	1.5595947101179983
0.24000000000000002	-0.41802122728538915	1.5518162906309776
0.24100000000000002	-0.41012954561019543	1.5440766616709678
0.24200000000000002	-0.40225234671518634	1.5363756298849411
0.24300000000000002	-0.39439039875619797	1.5287130028894986
0.24400000000000002	-0.3865444385774313	1.5210885892683725
0.24500000000000002	-0.3787151720206478	1.5135021985658237
0.24600000000000002	-0.3709032742442652	1.5059536412894081
0.24700000000000003	-0.3631093900317948	1.498442728889691
0.24800000000000003	-0.3553341341467494	1.4909692737689895
0.24900000000000003	-0.34757809166813197	1.483533089273986
0.25	-0.3398418183415572	1.4761339896823937
0.251	-0.332125840945938	1.468771790207998
0.252	-0.3244306576756499	1.4614463069936536
0.253	-0.3167567385087399	1.4541573571019977
0.254	-0.3091045256037634	1.4469047585128094
0.255	-0.3014744337080685	1.4396883301210037
0.256	-0.2938668505564822	1.432507891729228
0.257	-0.2862821372947143	1.4253632640411862
0.258	-0.27872062890832777	1.4182542686613955
0.259	-0.27118263465525444	1.411180728087106
0.26	-0.26366843850682725	1.4041424657039712
0.261	-0.2561782996076739	1.3971393057860846
0.262	-0.2487124527315119	1.3901710734820085
0.263	-0.24127110873598637	1.3832375948115745
0.264	-0.2338544550675214	1.3763386966769549
0.265	-0.22646265621908435	1.3694742068335959
0.266	-0.21909585423046513	1.3626439539043598
0.267	-0.21175416918509188	1.3558477673670133
0.268	-0.20443769971551112	1.3490854775493308
0.269	-0.19714652351556713	1.342356915624888
0.27	-0.1898806978590801	1.3356619136115957
0.271	-0.18264026013018936	1.3290003043672987
0.272	-0.17542522834014565	1.3223719215756469
0.273	-0.16823560168934726	1.3157765997570432
0.274	-0.16107136109399756	1.3092141742485315
0.275	-0.15393246974692687	1.3026844812116094
0.276	-0.14681887366945212	1.2961873576218435
0.277	-0.13973050227918912	1.289722641264571
0.278	-0.13266726894667233	1.2832901707270272
0.279	-0.12562907159462855	1.2768897854052241
0.28	-0.11861579324966419	1.2705213254896064
0.281	-0.11162730264166706	1.2641846319585697
0.28200000000000003	-0.10466345479855133	1.2578795465880508
0.28300000000000003	-0.09772409162163075	1.251605911929651
0.28400000000000003	-0.09080904250292773	1.2453635713172497
0.28500000000000003	-0.08391812492461771	1.2391523688595605
0.28600000000000003	-0.07705114506754303	1.232972149441439
0.28700000000000003	-0.07020789841413987	1.2268227587054676
0.28800000000000003	-0.06338817038189239	1.2207040430640639
0.28900000000000003	-0.056591736934573166	1.2146158496852895
0.29000000000000004	-0.049818365201911435	1.2085580264917084
0.29100000000000004	-0.04306781411663563	1.202530422153231
0.29200000000000004	-0.03633983504149391	1.1965328860897348
0.29300000000000004	-0.029634172402426346	1.1905652684576746
0.29400000000000004	-0.022950564324098234	1.1846274201513638
0.29500000000000004	-0.016288743285820532	1.1787191928084573
0.29600000000000004	-0.009648436739501182	1.1728404387861442
0.29700000000000004	-0.003029367769470579	1.1669910111658988
0.29800000000000004	0.0035687442641709473	1.161170763757859
0.29900000000000004	0.010146183075215419	1.1553795510818334
0.30000000000000004	0.01670323479964752	1.1496172283787152
0.30100000000000005	0.02324018734821471	1.143883651595016
0.30200000000000005	0.02975732975253086	1.1381786773809637
0.30300000000000005	0.03625495150126412	1.1325021630954062
0.30400000000000005	0.0427333419065936	1.1268539667860304
0.30500000000000005	0.04919278942113117	1.1212339472040878
0.30600000000000005	0.05563358100730792	1.1156419637869925
0.30700000000000005	0.06205600146672086	1.1100778766598802
0.30800000000000005	0.06846033279870266	1.1045415466300144
0.30900000000000005	0.07484685353020273	1.0990328351883996
0.31000000000000005	0.08121583808618289	1.0935516044912736
0.31100000000000005	0.0875675561009568	1.0880977173881003
0.31200000000000006	0.09390227181942797	1.0826710373748094
0.313	0.10022024340351074	1.0772714286319856
0.314	0.10652172231982167	1.0718987559874051
0.315	0.11280695268203016	1.0665528849356543
0.316	0.11907617060433708	1.0612336816344978
0.317	0.1253296036042157	1.0559410128720952
0.318	0.1315674699137881	1.0506747461144945
0.319	0.13778997791865596	1.0454347494485505
0.32	0.14399732548615113	1.0402208916180014
0.321	0.1501896993746275	1.0350330420034188
0.322	0.15636727461223734	1.0298710706250862
0.323	0.16253021391932615	1.0247348481258314
0.324	0.1686786670758911	1.0196242457915785
0.325	0.1748127703387526	1.014539135545931
0.326	0.18093264591741326	1.0094793899051933
0.327	0.18703840131911373	1.0044448820344503
0.328	0.1931301288215545	0.9994354857282524
0.329	0.19920790495680749	0.9944510753655909
0.33	0.20527178990347086	0.989491525966331
0.331	0.21132182700345795	0.9845567131493071
0.332	0.2173580422038978	0.9796465131569434
0.333	0.22338044357246906	0.9747608028336767
0.334	0.22938902083106005	0.9698994596003283
0.335	0.235383744755999	0.9650623615469529
0.336	0.2413645668615649	0.9602493873003102
0.337	0.2473314188338113	0.955460416121154
0.338	0.25328421214194463	0.950695327850168
0.339	0.2592228375851707	0.9459540029379871
0.34	0.26514716489375495	0.941236322428642
0.341	0.27105704236319594	0.9365421679354311
0.342	0.27695229642725	0.9318714216895359
0.343	0.282832731349045	0.9272239664950854
0.34400000000000003	0.28869812886042934	0.9225996857405097
0.34500000000000003	0.2945482478358973	0.9179984634127036
0.34600000000000003	0.3003828240133254	0.9134201840753846
0.34700000000000003	0.3062015697042693	0.9088647328727992
0.34800000000000003	0.3120041735221143	0.9043319955479188
0.34900000000000003	0.3177903001990524	0.8998218583876323
0.35000000000000003	0.3235595902794102	0.8953342083069629
0.35100000000000003	0.3293116600453796	0.890868932744513
0.35200000000000004	0.3350461012214714	0.8864259197684667
0.35300000000000004	0.3407624809111536	0.8820050580091063
0.35400000000000004	0.3464603414759346	0.8776062366539623
0.35500000000000004	0.35213920038875185	0.8732293454855311
0.35600000000000004	0.35779855020341156	0.8688742748505893
0.35700000000000004	0.36343785844705373	0.8645409157081687
0.35800000000000004	0.36905656769413003	0.8602291595387976
0.35900000000000004	0.37465409548181977	0.8559388984281906
0.36000000000000004	0.3802298343355175	0.8516700250566318
0.36100000000000004	0.3857831519043733	0.847422432635164
0.36200000000000004	0.39131339094221684	0.8431960149851241
0.36300000000000004	0.39681986945716285	0.8389906664982671
0.36400000000000005	0.4023018808353674	0.834806282139211
0.36500000000000005	0.40775869397082337	0.8306427574691355
0.36600000000000005	0.41318955351685976	0.8264999885774591
0.36700000000000005	0.4185936799544916	0.8223778722048873
0.36800000000000005	0.4239702699420188	0.8182763056290208
0.36900000000000005	0.42931849652773857	0.8141951867089618
0.37000000000000005	0.4346375093785609	0.8101344139163498
0.37100000000000005	0.4399264351592118	0.8060938862655238
0.37200000000000005	0.4451843777390607	0.8020735034208668
0.37300000000000005	0.450410418657947	0.7980731655757136
0.37400000000000005	0.45560361742057254	0.7940927735143521
0.375	0.4607630117962389	0.7901322286916113
0.376	0.4658876183641284	0.7861914330932995
0.377	0.47097643288366353	0.7822702892778759
0.378	0.4760284306409317	0.7783687004601862
0.379	0.4810440266578919	0.7744865703885646
0.38	0.48602730606191624	0.7706238025027465
0.381	0.49097855786124234	0.7667803002511965
0.382	0.49589774623406196	0.7629559675451711
0.383	0.5007848428294875	0.7591507087757989
0.384	0.5056398265343927	0.755364428811233
0.385	0.5104626832540937	0.7515970329938295
0.386	0.515253405695794	0.7478484271394772
0.387	0.520011993156422	0.7441185175326581
0.388	0.5247384513071577	0.7404072109258066
0.389	0.5294327919964696	0.7367144145365353
0.39	0.5340950330467498	0.7330400360448865
0.391	0.5387251980555549	0.7293839835926816
0.392	0.5433233162106356	0.7257461657787061
0.393	0.5478894220972343	0.7221264916580878
0.394	0.5524235555207061	0.718524870739186
0.395	0.5569257613170039	0.7149412129829551
0.396	0.5613960891951023	0.7113754287982285
0.397	0.5658345935476722	0.7078274290411098
0.398	0.5702413333011485	0.7042971250123269
0.399	0.5746163717432554	0.7007844284546079
0.4	0.578959776367228	0.6972892515520637
0.401	0.5832716187205792	0.6938115069255906
0.402	0.5875519742495567	0.6903511076322786
0.403	0.5918009221541589	0.6869079671628325
0.404	0.5960185452491401	0.6834819994390159
0.405	0.6002049298192936	0.6800731188130501
0.406	0.6043601654837425	0.6766812400631321
0.40700000000000003	0.6084843450719688	0.6733062783928606
0.40800000000000003	0.6125775644840202	0.6699481494287212
0.40900000000000003	0.6166399225740741	0.6666067692175959
0.41000000000000003	0.6206715210239862	0.6632820542261793
0.41100000000000003	0.624672464229903	0.6599739213366071
0.41200000000000003	0.6286428591804248	0.6566822878459
0.41300000000000003	0.6325828153519876	0.6534070714635107
0.41400000000000003	0.6364924445957876	0.6501481903088981
0.41500000000000004	0.6403718610319261	0.646905562910957
0.41600000000000004	0.644221180953414	0.6436791082037592
0.41700000000000004	0.6480405227176439	0.6404687455260085
0.41800000000000004	0.6518300066574876	0.6372743946186535
0.41900000000000004	0.6555897549826536	0.6340959756225194
0.42000000000000004	0.6593198916921666	0.6309334090777556
0.42100000000000004	0.6630205424840754	0.6277866159196809
0.42200000000000004	0.6666918346720165	0.6246555174782558
0.42300000000000004	0.6703338971017304	0.621540035475398
0.42400000000000004	0.6739468600689246	0.6184400920244442
0.42500000000000004	0.6775308552465231	0.6153556096260759
0.42600000000000005	0.6810860156024102	0.6122865111678042
0.42700000000000005	0.6846124753332051	0.6092327199216858
0.42800000000000005	0.6881103697898532	0.6061941595420627
0.42900000000000005	0.6915798354097871	0.6031707540650342
0.43000000000000005	0.6950210096541862	0.6001624279044881
0.43100000000000005	0.698434030939797	0.5971691058515944
0.43200000000000005	0.7018190385771907	0.5941907130725821
0.43300000000000005	0.7051761727165831	0.591227175106533
0.43400000000000005	0.7085055742830332	0.5882784178648685
0.43500000000000005	0.7118073849244031	0.5853443676274783
0.43600000000000005	0.7150817469602523	0.5824249510422269
0.43700000000000006	0.7183288033202782	0.5795200951227875
0.438	0.7215486975079493	0.5766297272464898
0.439	0.7247415735371358	0.5737537751538169
0.44	0.7279075758975503	0.5708921669446346
0.441	0.731046849500899	0.5680448310777085
0.442	0.734159539644238	0.5652116963685895
0.443	0.7372457919617136	0.562392691987518
0.444	0.7403057523871222	0.5595877474589311
0.445	0.7433395671184282	0.5567967926577887
0.446	0.7463473825696658	0.5540197578090983
0.447	0.74932934534683	0.5512565734855399
0.448	0.7522856022049934	0.5485071706069915
0.449	0.7552163000159479	0.545771480436916
0.45	0.7581215857377193	0.5430494345819052
0.451	0.7610016063823707	0.5403409649896567
0.452	0.7638565089868692	0.537646003946964
0.453	0.7666864405799214	0.5349644840792644
0.454	0.7694915481612081	0.5322963383470992
0.455	0.7722719786671618	0.5296415000456841
0.456	0.7750278789513846	0.5269999028029245
0.457	0.777759395757464	0.5243714805774669
0.458	0.7804666756913057	0.5217561676582418
0.459	0.7831498652065939	0.5191538986610299
0.46	0.785809110573655	0.5165646085280243
0.461	0.7884445578670457	0.5139882325259113
0.462	0.7910563529389066	0.511424706243957
0.463	0.7936446413985535	0.5088739655935688
0.464	0.796209568601387	0.5063359468049422
0.465	0.7987512796237924	0.5038105864266356
0.466	0.8012699192485234	0.5012978213236963
0.467	0.8037656319482751	0.498797588675798
0.468	0.8062385618686043	0.49630982597681
0.46900000000000003	0.8086888528123741	0.4938344710315224
0.47000000000000003	0.8111166482288668	0.49137146195523596
0.47100000000000003	0.8135220911946975	0.4889207371716695
0.47200000000000003	0.8159053244036911	0.48648223541249513
0.47300000000000003	0.8182664901517834	0.4840558957141741
0.47400000000000003	0.8206057303254728	0.4816416574175342
0.47500000000000003	0.8229231863916214	0.479239460165977
0.47600000000000003	0.8252189993834237	0.4768492439036859
0.47700000000000004	0.827493309890876	0.474470948875244
0.47800000000000004	0.8297462580504987	0.4721045156224625
0.47900000000000004	0.8319779835333392	0.46974988498403586
0.48000000000000004	0.8341886255373538	0.4674069980937423
0.48100000000000004	0.8363783227790113	0.4650757963787474
0.48200000000000004	0.8385472134811807	0.46275622155917157
0.48300000000000004	0.840695435367321	0.4604482156450525
0.48400000000000004	0.8428231256538815	0.4581517209359785
0.48500000000000004	0.8449304210380738	0.4558666800193294
0.48600000000000004	0.8470174576986296	0.4535930357686346
0.48700000000000004	0.8490843712792004	0.45133073134314583
0.48800000000000004	0.8511312968876246	0.4490797101848803
0.48900000000000005	0.8531583690885538	0.44683991601824663
0.49000000000000005	0.8551657218953937	0.4446112928483503
0.49100000000000005	0.857153488767213	0.4423937849593757
0.49200000000000005	0.8591218026001693	0.44018733691418693
0.49300000000000005	0.8610707957229506	0.4379918935514252
0.49400000000000005	0.8630005998914626	0.43580739998511825
0.49500000000000005	0.8649113462864563	0.4336338016028617
0.49600000000000005	0.8668031655039861	0.43147104406539116
0.49700000000000005	0.8686761875561526	0.4293190733037708
0.49800000000000005	0.8705305418601818	0.4271778355190159
0.49900000000000005	0.8723663572412784	0.42504727718048474
0.5	0.87418376192566	0.42292734502433565
0.501	0.8759828835338775	0.42081798605313625
0.502	0.8777638490831314	0.4187191475330732
0.503	0.8795267849782615	0.41663077699364
0.504	0.8812718170134334	0.4145528222260236
0.505	0.8829990703635342	0.41248523128169384
0.506	0.8847086695861188	0.41042795247180897
0.507	0.8864007386174099	0.40838093436474476
0.508	0.8880754007668182	0.4063441257856492
0.509	0.8897327787183668	0.4043174758148895
0.51	0.891372994527142	0.4023009337866388
0.511	0.8929961696134749	0.4002944492884517
0.512	0.8946024247663479	0.39829797215864626
0.513	0.8961918801378239	0.3963114524859802
0.514	0.8977646552433639	0.39433484060817736
0.515	0.8993208689566095	0.3923680871104062
0.516	0.9008606395123365	0.3904111428250653
0.517	0.9023840845007112	0.3884639588290031
0.518	0.9038913208696291	0.38652648644337334
0.519	0.9053824649200591	0.3845986772319418
0.52	0.9068576323062496	0.3826804830006407
0.521	0.9083169380352271	0.38077185579520273
0.522	0.909760496464871	0.3788727479006824
0.523	0.9111884213036394	0.37698311184016914
0.524	0.9126008256088882	0.37510290037335325
0.525	0.9139978217868137	0.37323206649606366
0.526	0.9153795215910079	0.3713705634381131
0.527	0.9167460361240621	0.36951834466256017
0.528	0.9180974758348498	0.36767536386478
0.529	0.919433950517446	0.36584157497078135
0.53	0.9207555693130209	0.3640169321369487
0.531	0.9220624407110283	0.3622013897477339
0.532	0.9233546725427408	0.36039490241529304
0.533	0.924632371989735	0.3585974249781659
0.534	0.9258956455755711	0.35680891249979335
0.535	0.927144599173646	0.35502932026856193
0.536	0.928379337999894	0.35325860379494645
0.537	0.9295999666200231	0.3514967188117929
0.538	0.9308065889451991	0.3497436212724775
0.539	0.9319993082339819	0.34799926734994885
0.54	0.9331782270929692	0.3462636134362778
0.541	0.9343434474775196	0.34453661614050785
0.542	0.9354950706912698	0.3428182322881016
0.543	0.9366331973889784	0.341108418920075
0.544	0.9377579275755576	0.3394071332910621
0.545	0.9388693606077788	0.3377143328699776
0.546	0.9399675951935355	0.33602997533682594
0.547	0.941052729397426	0.3343540185830368
0.548	0.9421248606358071	0.33268642070986726
0.549	0.9431840856819119	0.3310271400278716
0.55	0.9442305006672417	0.3293761350551496
0.551	0.9452642010800528	0.32773336451680407
0.552	0.946285281769362	0.32609878734361614
0.553	0.9472938369465482	0.32447236267124036
0.554	0.9482899601835504	0.32285404983927934
0.555	0.9492737444187508	0.3212438083899868
0.556	0.9502452819558881	0.3196415980672216
0.557	0.9512046644665528	0.3180473788156456
0.558	0.952151982992703	0.3164611107796874
0.559	0.953087327946445	0.31488275430263635
0.56	0.9540107891143548	0.3133122699255225
0.561	0.9549224556584788	0.311749618385729
0.562	0.9558224161179804	0.31019476061698337
0.5630000000000001	0.9567107584119223	0.30864765774726316
0.5640000000000001	0.9575875698404888	0.3071082710990782
0.5650000000000001	0.9584529370878703	0.30557656218712065
0.5660000000000001	0.9593069462251586	0.30405249271853224
0.5670000000000001	0.9601496827117247	0.30253602459067624
0.5680000000000001	0.9609812313977066	0.30102711989171044
0.5690000000000001	0.9618016765260352	0.29952574089864775
0.5700000000000001	0.9626111017374859	0.29803185007616445
0.5710000000000001	0.9634095900687838	0.2965454100764925
0.5720000000000001	0.9641972239587415	0.295066383738105
0.5730000000000001	0.9649740852503959	0.29359473408475667
0.5740000000000001	0.9657402551927344	0.2921304243244295
0.5750000000000001	0.9664958144429846	0.2906734178484676
0.5760000000000001	0.9672408430708088	0.2892236782312703
0.5770000000000001	0.9679754205610679	0.2877811692284419
0.5780000000000001	0.9686996258152577	0.2863458547766054
0.5790000000000001	0.9694135371552982	0.28491769899199226
0.5800000000000001	0.9701172323268455	0.2834966661699237
0.5810000000000001	0.9708107885017272	0.28208272078356794
0.5820000000000001	0.9714942822808634	0.2806758274831858
0.5830000000000001	0.9721677896976393	0.2792759510962511
0.5840000000000001	0.9728313862204266	0.2778830566245305
0.5850000000000001	0.9734851467572391	0.2764971092445557
0.5860000000000001	0.9741291456557664	0.27511807430710866
0.5870000000000001	0.974763456710543	0.27374591733481546
0.5880000000000001	0.9753881531618157	0.27238060402342634
0.5890000000000001	0.9760033077030469	0.2710221002386771
0.5900000000000001	0.9766089924802858	0.2696703720173338
0.5910000000000001	0.977205279098391	0.26832538556472263
0.5920000000000001	0.977792238621695	0.2669871072556641
0.5930000000000001	0.9783699415790023	0.26565550363226
0.594	0.978938457967713	0.26433054140303214
0.595	0.9794978572534762	0.263012187443442
0.596	0.9800482083777151	0.2617004087929907
0.597	0.9805895797576812	0.2603951726572852
0.598	0.9811220392916816	0.2590964464039689
0.599	0.9816456543617155	0.2578041975638693
0.6	0.9821604918371782	0.2565183938302015
0.601	0.9826666180764979	0.25523900305665215
0.602	0.9831640989335513	0.25396599325779834
0.603	0.983652999757251	0.252699332607903
0.604	0.9841333853982107	0.25143898943916754
0.605	0.9846053202096977	0.2501849322427405
0.606	0.9850688680522139	0.24893712966576897
0.607	0.9855240922957839	0.24769555051375358
0.608	0.9859710558241306	0.24646016374562396
0.609	0.9864098210372536	0.2452309384762199
0.61	0.9868404498549243	0.24400784397489383
0.611	0.9872630037198451	0.2427908496631379
0.612	0.9876775436005033	0.24157992511649118
0.613	0.9880841299951518	0.2403750400607434
0.614	0.9884828229337586	0.23917616437380573
0.615	0.988873681982482	0.23798326808315107
0.616	0.9892567662453265	0.23679632136701423
0.617	0.9896321343687904	0.23561529455096608
0.618	0.9899998445432447	0.2344401581087998
0.619	0.9903599545069782	0.23327088266314866
0.62	0.9907125215493666	0.23210743898167696
0.621	0.9910576025125363	0.23094979797864523
0.622	0.9913952537962389	0.22979793071241317
0.623	0.9917255313589811	0.22865180838784782
0.624	0.9920484907216132	0.22751140235094214
0.625	0.9923641869699158	0.22637668409344325
0.626	0.9926726747582902	0.2252476252459411
0.627	0.9929740083111634	0.224124197584885
0.628	0.9932682414270636	0.22300637302274962
0.629	0.9935554274798277	0.22189412361618022
0.63	0.9938356194228001	0.22078742155948827
0.631	0.9941088697902547	0.21968623918574226
0.632	0.9943752307010753	0.2185905489665353
0.633	0.9946347538603953	0.2175003235101448
0.634	0.9948874905626356	0.21641553556273174
0.635	0.9951334916944621	0.2153361580040981
0.636	0.9953728077359212	0.2142621638532548
0.637	0.9956054887643174	0.21319352626022936
0.638	0.9958315844560564	0.21213021851083702
0.639	0.9960511440892147	0.21107221402378262
0.64	0.996264216545929	0.21001948634876966
0.641	0.9964708503143279	0.20897200917108505
0.642	0.996671093491731	0.20792975630524801
0.643	0.9968649937864217	0.2068927016953358
0.644	0.9970525985205028	0.20586081941676182
0.645	0.9972339546311868	0.20483408367577105
0.646	0.9974091086749126	0.20381246880254045
0.647	0.9975781068277323	0.20279594926041766
0.648	0.9977409948890208	0.20178449963761036
0.649	0.9978978182829469	0.2007780946500346
0.65	0.9980486220617394	0.1997767091380156
0.651	0.9981934509072667	0.1987803180698352
0.652	0.998332349133556	0.19778889653603104
0.653	0.9984653606895347	0.19680241975465707
0.654	0.9985925291613598	0.1958208630632956
0.655	0.9987138977746329	0.19484420192387852
0.656	0.9988295093968285	0.19387241192302507
0.657	0.9989394065404874	0.19290546876781445
0.658	0.9990436313651903	0.19194334828372062
0.659	0.9991422256804562	0.19098602642099027
0.66	0.9992352309485875	0.19003347924428626
0.661	0.9993226882868222	0.189085682944946
0.662	0.9994046384711844	0.1881426138259913
0.663	0.9994811219387523	0.18720424831118643
0.664	0.9995521787907562	0.18627056294375088
0.665	0.9996178487959926	0.18534153437810352
0.666	0.9996781713937875	0.18441713939143678
0.667	0.9997331856976422	0.18349735487168384
0.668	0.9997829304984345	0.18258215782478904
0.669	0.9998274442682974	0.18167152537002007
0.67	0.9998667651643832	0.1807654347387786
0.671	0.9999009310325779	0.17986386327900028
0.672	0.9999299794119089	0.17896678844691116
0.673	0.9999539475386122	0.17807418781459172
0.674	0.9999728723506638	0.17718603906526653
0.675	0.9999867904925621	0.17630231998835322
0.676	0.9999957383200766	0.17542300849024817
0.677	0.999999751905442	0.17454808258552457
0.678	0.9997693903371956	5.156524440808395
0.679	0.998617797093902	5.130806167989526
0.68	0.996513467928381	5.10521616583999
0.681	0.9934732693476722	5.079753794708586
0.682	0.9895146876753417	5.054418418101785
0.683	0.9846557887016448	5.029209402667406
0.684	0.9789151779542912	5.004126118192589
0.685	0.9723119616129041	4.979167937573109
0.686	0.9648657080961752	4.954334236811353
0.687	0.9565964103424865	4.929624394999935
0.6880000000000001	0.9475244488037429	4.905037794305394
0.6890000000000001	0.9376705551869844	4.880573819965833
0.6900000000000001	0.9270557769425818	4.856231860260621
0.6910000000000001	0.9157014425422602	4.832011306508058
0.6920000000000001	0.903629127553442	4.807911553049041
0.6930000000000001	0.8908606215261821	4.783931997230811
0.6940000000000001	0.8774178957202763	4.7600720394043154
0.6950000000000001	0.8633230716721224	4.736331082894327
0.6960000000000001	0.8485983906295868	4.712708533996835
0.6970000000000001	0.8332661838593328	4.689203801960135
0.6980000000000001	0.8173488438458298	4.665816298981995
0.6990000000000001	0.8008687963755025	4.642545440180124
0.7000000000000001	0.7838484735355048	4.619390643589383
0.7010000000000001	0.7663102876213148	4.596351330145631
0.7020000000000001	0.7482766059547459	4.573426923669661
0.7030000000000001	0.7297697266454479	4.55061685086416
0.7040000000000001	0.7108118552413255	4.527920541284638
0.7050000000000001	0.691425082338417	4.505337427336447
0.7060000000000001	0.671631362094495	4.48286694425877
0.7070000000000001	0.6514524916784019	4.460508530108702
0.7080000000000001	0.6309100916452162	4.438261625758047
0.7090000000000001	0.6100255872039442	4.416125674864725
0.7100000000000001	0.5888201904294299	4.394100123869637
0.7110000000000001	0.5673148833543458	4.3721844219808235
0.7120000000000001	0.5455304019745313	4.350378021157721
0.7130000000000001	0.5234872211412256	4.32868037610783
0.7140000000000001	0.5012055403160837	4.307090944258616
0.7150000000000001	0.4787052702085451	4.2856091857542555
0.7160000000000001	0.4560060202726413	4.264234563439996
0.7170000000000001	0.43312708701969943	4.242966542846605
0.7180000000000001	0.410087443194032	4.221804592186941
0.719	0.38690572772306747	4.2007481823283745
0.72	0.363600236492973	4.1797967867894394
0.721	0.3401889138863647	4.158949881722046
0.722	0.3166893450985387	4.1382069459079815
0.723	0.293118749175794	4.117567460731762
0.724	0.2694939727968003	4.097030910177229
0.725	0.24583148474768746	4.076596780812316
0.726	0.22214737110309998	4.056264561773922
0.727	0.19845733105530838	4.0360337447643735
0.728	0.17477667338685757	4.015903824024804
0.729	0.1511203135917628	3.9958742963317135
0.73	0.1275027715749561	3.9759446609819924
0.731	0.10393816995205878	3.9561144197780544
0.732	0.08044023291276864	3.9363830770242636
0.733	0.05702228560510867	3.916750139500879
0.734	0.033697254061149366	3.897215116460581
0.735	0.010477665605249601	3.8777775196137805
0.736	-0.01262435025260758	3.858436863114017
0.737	-0.035597060464699695	3.839192663554382
0.738	-0.05842912667730746	3.8200444399420297
0.739	-0.08110960303600982	3.8009917136947036
0.74	-0.10362793360497279	3.7820340086263258
0.741	-0.12597394940957007	3.763170850932694
0.742	-0.14813786512421376	3.744401769187906
0.743	-0.17011027545749952	3.725726294319448
0.744	-0.19188215119086288	3.7071439596047444
0.745	-0.2134448349529265	3.68865430065494
0.746	-0.23479003669086776	3.670256855411369
0.747	-0.2559098289408322	3.6519511641210896
0.748	-0.27679664180144586	3.6337367693334572
0.749	-0.2974432577380221	3.615613215886258
0.75	-0.31784280616178284	3.597580050891946
0.751	-0.33798875782574844	3.5796368237341505
0.752	-0.3578749190789849	3.561783086043789
0.753	-0.3774954259395853	3.544018391695699
0.754	-0.3968447380483132	3.5263422967950486
0.755	-0.4159176325051196	3.5087543596639374
0.756	-0.43470919758280824	3.4912541408379463
0.757	-0.45321482637644794	3.4738412030428023
0.758	-0.4714302103484417	3.4565151111911065
0.759	-0.48935133282180493	3.4392754323690298
0.76	-0.5069744624202654	3.4221217358232794
0.761	-0.5242961464590383	3.405053592957687
0.762	-0.5413132043194867	3.3880705773104367
0.763	-0.5580227207914389	3.371172264550898
0.764	-0.5744220394152778	3.35435823246666
0.765	-0.590508755819449	3.3376280609507463
0.766	-0.6062807110746309	3.3209813319983885
0.767	-0.6217359850683285	3.304417629684743
0.768	-0.6368728898938634	3.2879365401618204
0.769	-0.6516899632946296	3.271537651644058
0.77	-0.6661859621347843	3.2552205544050485
0.771	-0.6803598559289844	3.238984840755913
0.772	-0.6942108204286306	3.222830105042102
0.773	-0.7077382312640543	3.206755943631181
0.774	-0.7209416576615736	3.1907619549005464
0.775	-0.7338208562322459	3.174847739234404
0.776	-0.7463757648347762	3.1590128990025175
0.777	-0.758606496530497	3.143257038557256
0.778	-0.7705133336144502	3.127579764221645
0.779	-0.7820967217435232	3.1119806842774236
0.78	-0.7933572641517175	3.0964594089620667
0.781	-0.804295715974858	3.0810155504482264
0.782	-0.8149129786631027	3.0656487228407245
0.783	-0.8252100944956122	3.0503585421650286
0.784	-0.8351882412073542	3.035144626355606
0.785	-0.8448487267077849	3.0200065952530872
0.786	-0.8541929839274711	3.004944070584124
0.787	-0.8632225657494255	2.989956675958708
0.788	-0.8719391400652591	2.9750440368587947
0.789	-0.8803444849391465	2.9602057806270126
0.79	-0.8884404838694612	2.9454415364639988
0.791	-0.8962291211842351	2.9307509354087506
0.792	-0.9037124775248049	2.9161336103359843
0.793	-0.9108927254547953	2.9015891959452365
0.794	-0.9177721251711992	2.8871173287498024
0.795	-0.9243530203273098	2.872717647074107
0.796	-0.9306378339697429	2.858389791034729
0.797	-0.9366290645758628	2.8441334025378393
0.798	-0.9423292822056245	2.8299481252668577
0.799	-0.9477411247537433	2.8158336046799226
0.8	-0.9528672943116359	2.8017894879912237
0.801	-0.9577105536322696	2.787815424168708
0.802	-0.9622737226972423	2.773911063923328
0.803	-0.9665596753823082	2.7600760596989447
0.804	-0.9705713362260707	2.7463100656698254
0.805	-0.9743116772963937	2.732612737722452
0.806	-0.9777837151503879	2.718983733453114
0.807	-0.9809905078893711	2.7054227121580734
0.808	-0.983935152309441	2.6919293348230653
0.809	-0.9866207811366654	2.6785032641213338
0.81	-0.9890505603576114	2.6651441643957203
0.811	-0.9912276866321466	2.6518517016566188
0.812	-0.9931553847928126	2.638625543572098
0.8130000000000001	-0.9948369054262063	2.6254653594580306
0.8140000000000001	-0.9962755225346824	2.6123708202759333
0.8150000000000001	-0.9974745312792189	2.5993415986158657
0.8160000000000001	-0.9984372457957491	2.5863773686940643
0.8170000000000001	-0.9991669970882673	2.5734778063437505
0.8180000000000001	-0.9996671309932353	2.56064258900531
0.8190000000000001	-0.9999410062154215	2.5478713957243437
0.8200000000000001	-0.9999919924318031	2.5351639071349403
0.8210000000000001	-0.99982346846196	2.5225198054574385
0.8220000000000001	-0.999438820502984	2.5099387744882455
0.8230000000000001	-0.9988414404271179	2.4974204995971756
0.8240000000000001	-0.9980347241394136	2.4849646677115227
0.8250000000000001	-0.9970220699949994	2.472570967313839
0.8260000000000001	-0.995806877271845	2.460239088433013
0.8270000000000001	-0.9943925446987328	2.4479687226353524
0.8280000000000001	-0.9927824690381872	2.4357595630223643
0.8290000000000001	-0.9909800437170114	2.4236113042151555
0.8300000000000001	-0.9889886575089288	2.4115236423521935
0.8310000000000001	-0.9868116932649552	2.3994962750810918
0.8320000000000001	-0.9844525266877373	2.38752890154915
0.8330000000000001	-0.9819145251537584	2.375621222402105
0.8340000000000001	-0.979201046573993	2.363772939768178
0.8350000000000001	-0.9763154382991269	2.351983757256582
0.8360000000000001	-0.9732610360639224	2.3402533799490546
0.8370000000000001	-0.970041162967439	2.328581514390845
0.8380000000000001	-0.9666591284960203	2.31696786858965
0.8390000000000001	-0.963118227571912	2.3054121519999455
0.8400000000000001	-0.9594217396464757	2.2939140755214247
0.8410000000000001	-0.9555729278181557	2.2824733514911277
0.8420000000000001	-0.9515750379883338	2.2710896936742553
0.8430000000000001	-0.9474312980414186	2.2597628172635655
0.844	-0.9431449170593709	2.248492438863796
0.845	-0.9387190845598326	2.2372782764905703
0.846	-0.9341569697652388	2.2261200495605284
0.847	-0.9294617208975712	2.2150174788904815
0.848	-0.9246364644920144	2.2039702866820985
0.849	-0.9196843047428741	2.192978196520953
0.85	-0.914608322869524	2.182040933368065
0.851	-0.9094115765014522	2.1711582235529896
0.852	-0.9040970990918094	2.160329794770898
0.853	-0.8986678993425048	2.1495553760700115
0.854	-0.8931269606587386	2.1388346978484263
0.855	-0.8874772406172664	2.1281674918481746
0.856	-0.8817216704526311	2.117553491146252
0.857	-0.8758631545667724	2.1069924301535354
0.858	-0.8699045700505983	2.096484044601105
0.859	-0.8638487662251679	2.0860280715388417
0.86	-0.8576985641995605	2.0756242493280634
0.861	-0.8514567564420584	2.0652723176331254
0.862	-0.8451261063734897	2.0549720174213495
0.863	-0.8387093479633575	2.044723090948321
0.864	-0.8322091853579144	2.0345252817577286
0.865	-0.8256282925050847	2.0243783346730386
0.866	-0.8189693128027958	2.014281995790866
0.867	-0.8122348587652103	2.004236012478256
0.868	-0.8054275116907794	1.9942401333624455
0.869	-0.7985498213512382	1.9842941083256243
0.87	-0.7916043056932597	1.9743976884999777
0.871	-0.7845934505524239	1.9645506262645416
0.872	-0.7775197093745949	1.9547526752331028
0.873	-0.7703855029555448	1.9450035902516807
0.874	-0.763193219198017	1.9353031273934818
0.875	-0.7559452128626554	1.9256510439499377
0.876	-0.7486438053518882	1.9160470984307092
0.877	-0.741291284491901	1.9064910505504606
0.878	-0.7338899043310189	1.896982661227173
0.879	-0.7264418849522583	1.8875216925767946
0.88	-0.7189494122899655	1.8781079079050063
0.881	-0.7114146379689601	1.8687410717051662
0.882	-0.7038396791462346	1.859420949648798
0.883	-0.6962266183635055	1.8501473085816889
0.884	-0.6885775034223414	1.8409199165185823
0.885	-0.6808943472572347	1.831738542635545
0.886	-0.6731791278310888	1.822602957269083
0.887	-0.6654337880320504	1.8135129319039565
0.888	-0.6576602355900849	1.8044682391730769
0.889	-0.6498603430026815	1.7954686528494341
0.89	-0.642035947465246	1.7865139478378773
0.891	-0.6341888508309863	1.7776039001796393
0.892	-0.6263208195573147	1.7687382870346107
0.893	-0.6184335846800726	1.7599168866816162
0.894	-0.610528841799166	1.7511394785133594
0.895	-0.6026082510696785	1.7424058430324894
0.896	-0.5946734372053418	1.7337157618403083
0.897	-0.5867259894972656	1.725069017636946
0.898	-0.5787674618376306	1.7164653942146466
0.899	-0.5707993727613552	1.7079046764476358
0.9	-0.5628232055014379	1.6993866502980741
0.901	-0.5548404080413042	1.69091110279814
0.902	-0.5468523931953592	1.6824778220520984
0.903	-0.5388605386892791	1.6740865972292673
0.904	-0.530866187257892	1.665737218556603
0.905	-0.5228706467576894	1.657429477320092
0.906	-0.5148751902752472	1.6491631658497772
0.907	-0.5068810562668629	1.6409380775246398
0.908	-0.49888944869380064	1.6327540067577972
0.909	-0.4909015371745732	1.6246107489975228
0.91	-0.4829184571607097	1.6165081007240079
0.911	-0.47494131009146373	1.6084458594357645
0.912	-0.46697116359855234	1.6004238236520245
0.913	-0.459009051691006	1.5924417929052486
0.914	-0.45105597496923705	1.5844995677328146
0.915	-0.4431129008443022	1.576596949680522
0.916	-0.43518076376199005	1.5687337412884435
0.917	-0.4272604654527574	1.5609097460887558
0.918	-0.419352875169798	1.5531247686023626
0.919	-0.41145882996745414	1.5453786143326393
0.92	-0.40357913495737946	1.5376710897624402
0.921	-0.3957145636048332	1.5300020023443381
0.922	-0.38786585801038165	1.5223711604988104
0.923	-0.3800337292199018	1.5147783736114828
0.924	-0.3722188575411994	1.5072234520247174
0.925	-0.36442189285508103	1.4997062070313736
0.926	-0.3566434549628003	1.4922264508758398
0.927	-0.3488841339208403	1.4847839967431646
0.928	-0.341144490394802	1.477378658755656
0.929	-0.33342505602210953	1.4700102519700686
0.93	-0.32572633378502275	1.4626785923719292
0.931	-0.31804879839203404	1.4553834968688677
0.932	-0.3103928966656872	1.4481247832877036
0.933	-0.3027590479434861	1.440902270368941
0.934	-0.2951476444865412	1.4337157777631293
0.935	-0.2875590518904874	1.4265651260205638
0.936	-0.2799936095210541	1.4194501365968226
0.937	-0.2724516309393317	1.4123706318358784
0.9380000000000001	-0.2649334043512966	1.4053264349774315
0.9390000000000001	-0.2574391930552659	1.398317370143543
0.9400000000000001	-0.24996923589571857	1.3913432623360644
0.9410000000000001	-0.24252374773384106	1.3844039374309602
0.9420000000000001	-0.23510291992410567	1.3774992221768048
0.9430000000000001	-0.22770692079841562	1.370628944190893
0.9440000000000001	-0.2203358961416382	1.3637929319473798
0.9450000000000001	-0.2129899697096715	1.3569910147814888
0.9460000000000001	-0.20566924370659315	1.3502230228744634
0.9470000000000001	-0.1983737993271133	1.3434887872616303
0.9480000000000001	-0.19110369724693232	1.3367881398195265
0.9490000000000001	-0.1838589781656731	1.3301209132615495
0.9500000000000001	-0.17663966332388756	1.3234869411349357
0.9510000000000001	-0.16944575505637471	1.3168860578174715
0.9520000000000001	-0.1622772373136905	1.3103180985068756
0.9530000000000001	-0.155134076251964	1.3037828992348626
0.9540000000000001	-0.14801622073483714	1.2972802968299768
0.9550000000000001	-0.1409236029429009	1.2908101289450165
0.9560000000000001	-0.13385613891636688	1.2843722340336692
0.9570000000000001	-0.12681372913491634	1.2779664513560696
0.9580000000000001	-0.11979625909685399	1.2715926209647885
0.9590000000000001	-0.11280359990458133	1.2652505837118095
0.9600000000000001	-0.10583560884718138	1.2589401812343737
0.9610000000000001	-0.09889213000162601	1.2526612559555121
0.9620000000000001	-0.09197299482353027	1.246413651074746
0.9630000000000001	-0.08507802276890071	1.2401972105795678
0.9640000000000001	-0.07820702187066372	1.2340117792165537
0.9650000000000001	-0.07135978937303152	1.2278572024984822
0.9660000000000001	-0.06453611234751327	1.2217333267131192
0.9670000000000001	-0.05773576830848208	1.2156399988997895
0.9680000000000001	-0.05095852583175941	1.2095770668552
0.969	-0.04420414518151202	1.2035443791204004
0.97	-0.037472378961674824	1.1975417849934789
0.971	-0.030762972719048612	1.1915691345055768
0.972	-0.0240756655923854	1.1856262784268452
0.973	-0.017410190974633685	1.1797130682708135
0.974	-0.010766277113601166	1.1738293562705575
0.975	-0.004143647785430794	1.1679749953873015
0.976	0.0024579770629175038	1.1621498393109464
0.977	0.00903888067690165	1.1563537424402774
0.978	0.015599348834412063	1.1505865598905398
0.979	0.022139669179115695	1.1448481474986787
0.98	0.028660130614597264	1.1391383617851023
0.981	0.0351610225848874	1.133457060002181
0.982	0.04164263448525182	1.1278041000740604
0.983	0.04810525495976011	1.1221793406339833
0.984	0.05454917126402968	1.1165826410049329
0.985	0.06097466861151305	1.1110138611984608
0.986	0.06738202951990002	1.1054728619031318
0.987	0.07377153315421747	1.0999595044910349
0.988	0.08014345465779109	1.0944736510217572
0.989	0.08649806453658206	1.089015164212106
0.99	0.09283562797196557	1.083583907465675
0.991	0.09915640421451341	1.0781797448307175
0.992	0.10546064590132627	1.0728025410284907
0.993	0.11174859841319885	1.0674521614562158
0.994	0.11802049927352475	1.062128472145516
0.995	0.1242765774825102	1.0568313397898939
0.996	0.13051705289372728	1.051560631729128
0.997	0.13674213558983878	1.046316215951439
0.998	0.142952025257809	1.0410979610871882
0.999	0.1491469105621302	1.0359057364160345
1.0	0.15532696855774797	1.030739411846687
1.0010000000000001	0.16149236407455275	1.0255988579216488
1.002	0.16764324912061213	1.0204839458131856
1.0030000000000001	0.17377976227572603	1.0153945473381585
1.004	0.17990202815807624	1.010330534909408
1.0050000000000001	0.18601015677970603	1.0052917815973972
1.006	0.19210424304383178	1.0002781610723819
1.0070000000000001	0.19818436616216456	0.9952895476243766
1.008	0.20425058910551966	0.9903258161700821
1.0090000000000001	0.21030295810210503	0.9853868422153109
1.01	0.21634150205208486	0.9804725019113194
1.0110000000000001	0.22236623209554235	0.9755826719825649
1.012	0.22837714104772572	0.9707172297789848
1.0130000000000001	0.23437420294739025	0.965876053248623
1.014	0.24035737256045786	0.9610590209524217
1.0150000000000001	0.24632658495630905	0.9562660120348747
1.016	0.25228175504555034	0.9514969062378826
1.0170000000000001	0.258222777138177	0.9467515839087746
1.018	0.26414952454173685	0.9420299259940927
1.0190000000000001	0.27006184919781145	0.9373318140079023
1.02	0.27595958123973513	0.9326571300884492
1.0210000000000001	0.2818425287156292	0.92800575691746
1.022	0.2877104771425055	0.9233775778224382
1.0230000000000001	0.29356318929750547	0.918772476662455
1.024	0.2994004048306921	0.9141903379104139
1.0250000000000001	0.305221840019225	0.9096310466159316
1.026	0.31102718750078073	0.9050944884101817
1.0270000000000001	0.3168161160335679	0.9005805495032941
1.028	0.3225882702606698	0.8960891166958413
1.0290000000000001	0.3283432705787807	0.8916200773301277
1.03	0.33408071282565194	0.8871733194008362
1.0310000000000001	0.33980016830431886	0.8827487314100928
1.032	0.3455011835437079	0.8783462024583857
1.033	0.35118328020364553	0.8739656222427881
1.034	0.35684595506124406	0.8696068810026896
1.035	0.3624886798674413	0.865269869587352
1.036	0.3681109013889557	0.8609544794055255
1.037	0.37371204139327985	0.8566606024303898
1.038	0.37929149662158146	0.8523881312427477
1.039	0.38484863891105503	0.8481369589649823
1.04	0.3903828152096803	0.8439069793123597
1.041	0.3958933476640122	0.8396980866048738
1.042	0.4013795338370147	0.8355101756794179
1.043	0.40684064675270065	0.8313431419847523
1.044	0.4122759350804615	0.8271968815744213
1.045	0.4176846234001022	0.8230712910428934
1.046	0.4230659123891218	0.8189662675651119
1.047	0.42841897900888826	0.8148817089431688
1.048	0.4337429768941342	0.8108175135055555
1.049	0.4390370365407706	0.8067735802039175
1.05	0.4443002656668319	0.8027498085625595
1.051	0.4495317495213296	0.7987460987180341
1.052	0.45473055129827716	0.794762351355156
1.053	0.4598957124443209	0.790798467781733
1.054	0.46502625308163825	0.7868543498963785
1.055	0.4701211724155955	0.7829299001960042
1.056	0.4751794491612737	0.7790250217767332
1.057	0.48020085312084654	0.7751396183095731
1.058	0.4851895273028719	0.7712735933338233
1.059	0.4901461806700171	0.7674268502372588
1.06	0.4950707761211043	0.7635992928500805
1.061	0.4999632840576471	0.7597908254827687
1.062	0.504823682164735	0.7560013529232327
1.063	0.5096519551804275	0.7522307804339876
1.064	0.514448094679026	0.7484790137514828
1.065	0.5192120988618325	0.7447459590811583
1.066	0.5239439723414147	0.741031523096803
1.067	0.5286437259381965	0.7373356129377786
1.068	0.533311376481524	0.7336581362062685
1.069	0.5379469466075617	0.7299990009666258
1.07	0.5425504645771441	0.7263581157405558
1.071	0.5471219640781994	0.7227353895064917
1.072	0.5516614840466211	0.7191307316964826
1.073	0.5561690684855993	0.7155440521955552
1.074	0.560644766291093	0.7119752613369946
1.075	0.5650886310833999	0.7084242699017351
1.076	0.5695007210313212	0.7048909891157106
1.077	0.5738810987019876	0.7013753306472295
1.078	0.5782298308882973	0.6978772066063563
1.079	0.582546988464916	0.6943965295403101
1.08	0.5868326462324209	0.6909332124328724
1.081	0.5910868827690664	0.6874871687018065
1.082	0.5953097802886029	0.684058312196298
1.083	0.5995014244997073	0.6806465571963547
1.084	0.6036619044714174	0.6772518184083196
1.085	0.607791312498715	0.6738740109642964
1.086	0.6118897439740888	0.6705130504196338
1.087	0.6159572972635604	0.6671688527504313
1.088	0.619994073578563	0.6638413343529547
1.089	0.624000176865185	0.6605304120392637
1.09	0.6279757136848845	0.6572360030366508
1.091	0.6319207931024892	0.6539580249851904
1.092	0.6358355265757314	0.6506963959353079
1.093	0.6397200278491372	0.6474510343472113
1.094	0.6435744128577771	0.644221859086626
1.095	0.6473987996156996	0.6410087894242519
1.096	0.6511933081309713	0.6378117450330096
1.097	0.654958060302615	0.6346306459874845
1.098	0.6586931798356219	0.631465412759747
1.099	0.6623987921463036	0.6283159662188212
1.1	0.6660750242827481	0.6251822276283417
1.101	0.6697220048370147	0.622064118644232
1.102	0.6733398638681951	0.6189615613141638
1.103	0.6769287328186547	0.6158744780734812
1.104	0.6804887444450387	0.612802791744682
1.105	0.6840200327437292	0.6097464255351355
1.106	0.6875227328736105	0.6067053030348173
1.107	0.6909969810946828	0.6036793482157833
1.108	0.6944429146985084	0.6006684854281945
1.109	0.6978606719464213	0.5976726393998136
1.11	0.7012503920036237	0.5946917352337773
1.111	0.7046122148809565	0.5917256984063888
1.112	0.7079462813777107	0.5887744547666061
1.113	0.7112527330242056	0.5858379305321645
1.114	0.7145317120279899	0.582916052289086
1.115	0.7177833612235874	0.5800087469895064
1.116	0.7210078240181336	0.5771159419495261
1.117	0.7242052443431122	0.5742375648487057
1.118	0.727375766612019	0.5713735437262883
1.119	0.7305195356688748	0.5685238069807228
1.12	0.7336366967477048	0.5656882833672189
1.121	0.7367273954291108	0.5628669019972621
1.122	0.7397917776001827	0.5600595923349061
1.123	0.7428299894140064	0.557266284196303
1.124	0.7458421772536556	0.5544869077476294
1.125	0.7488284876957146	0.5517213935030281
1.1260000000000001	0.7517890674685718	0.5489696723241317
1.127	0.7547240634307563	0.5462316754164472
1.1280000000000001	0.7576336225270757	0.543507334328894
1.129	0.7605178917623414	0.5407965809517912
1.1300000000000001	0.7633770181697526	0.5380993475148408
1.131	0.7662111487835002	0.5354155665866649
1.1320000000000001	0.7690204306084821	0.5327451710712812
1.133	0.7718050105953498	0.5300880942076573
1.1340000000000001	0.7745650356126561	0.5274442695677348
1.135	0.7773006524230969	0.5248136310544709
1.1360000000000001	0.7800120076602955	0.5221961129013882
1.137	0.7826992478016004	0.5195916496691337
1.1380000000000001	0.7853625191516969	0.5170001762450418
1.139	0.788001967819848	0.5144216278412115
1.1400000000000001	0.7906177396954694	0.5118559399926002
1.141	0.7932099804320896	0.5093030485565669
1.1420000000000001	0.7957788354283734	0.5067628897095338
1.143	0.7983244498096218	0.5042353999465572
1.1440000000000001	0.800846968407562	0.5017205160791594
1.145	0.8033465357493412	0.4992181752348902
1.1460000000000001	0.8058232960370678	0.4967283148540576
1.147	0.8082773931322007	0.49425087268929
1.1480000000000001	0.8107089705435483	0.4917857868037059
1.149	0.8131181714134487	0.48933299556908355
1.1500000000000001	0.8155051385001078	0.4868924376654448
1.151	0.817870014166726	0.48446405207783316
1.1520000000000001	0.8202129403709111	0.4820477780959255
1.153	0.8225340586512682	0.47964355531222086
1.1540000000000001	0.824833510113348	0.47725132362026407
1.155	0.8271114354241916	0.4748710232142359
1.1560000000000001	0.8293679747958176	0.4725025945858199
1.157	0.83160326797933	0.47014597852380535
1.158	0.8338174542541555	0.4678011161123399
1.159	0.8360106724166092	0.46546794872918196
1.16	0.8381830607747724	0.46314641804531537
1.161	0.8403347571366063	0.46083646602187406
1.162	0.8424658988043311	0.4585380349097689
1.163	0.844576622563129	0.4562510672479862
1.164	0.8466670646799033	0.45397550586186186
1.165	0.8487373608876233	0.45171129386271547
1.166	0.8507876463874254	0.44945837464488636
1.167	0.8528180558344642	0.44721669188529506
1.168	0.8548287233355969	0.4449861895418475
1.169	0.8568197824443236	0.44276681185173444
1.17	0.8587913661512442	0.4405585033310697
1.171	0.8607436068804211	0.4383612087719565
1.172	0.8626766364867929	0.4361748732421628
1.173	0.8645905862481984	0.43399944208322466
1.174	0.8664855868577018	0.4318348609100598
1.175	0.8683617684261439	0.4296810756081113
1.176	0.8702192604738409	0.42753803233302656
1.177	0.8720581919243939	0.42540567750903274
1.178	0.8738786911040578	0.4232839578273736
1.179	0.8756808857385123	0.42117282024591357
1.18	0.877464902945411	0.4190722119863697
1.181	0.8792308692324459	0.41698208053399555
1.182	0.8809789104980917	0.4149023736359547
1.183	0.8827091520212292	0.4128330392998737
1.184	0.8844217184639479	0.4107740257933611
1.185	0.8861167338666754	0.40872528164140914
1.186	0.887794321646047	0.4066867556259912
1.187	0.8894546045912316	0.4046583967845966
1.188	0.8910977048620973	0.40264015440857964
1.189	0.892723743988309	0.400631978043043
1.19	0.8943328428636212	0.3986338174839901
1.191	0.8959251217485332	0.3966456227781049
1.192	0.8975007002648543	0.3946673442212072
1.193	0.8990596973969182	0.39269893235684644
1.194	0.9006022314848876	0.39074033797586155
1.195	0.9021284202286033	0.38879151211392415
1.196	0.9036383806843088	0.38685240605115306
1.197	0.9051322292615732	0.3849229713104142
1.198	0.9066100817250135	0.38300315965709014
1.199	0.9080720531899071	0.38109292309634424
1.2	0.9095182581241127	0.37919221387311397
1.201	0.9109488103447172	0.37730098447040245
1.202	0.9123638230201162	0.37541918760803383
1.203	0.913763408665419	0.37354677624226973
1.204	0.915147679144736	0.37168370356343056
1.205	0.9165167456705275	0.3698299229954381
1.206	0.9178707188001726	0.36798538819450943
1.207	0.9192097084406562	0.3661500530478058
1.208	0.920533823842463	0.364323871673145
1.209	0.9218431736037114	0.3625067984165065
1.21	0.9231378656678892	0.3606987878516775
1.211	0.9244180073252546	0.35889979477918277
1.212	0.9256837052121997	0.3571097742246243
1.213	0.9269350653086925	0.35532868143855184
1.214	0.9281721929440658	0.35355647189411726
1.215	0.9293951927918841	0.35179310128667435
1.216	0.9306041688744859	0.3500385255325578
1.217	0.9317992245608068	0.3482927007677465
1.218	0.9329804625657278	0.34655558334757836
1.219	0.9341479849560621	0.34482712984439967
1.22	0.9353018931441254	0.34310729704740583
1.221	0.9364422878951485	0.3413960419610676
1.222	0.9375692693224134	0.3396933218047762
1.223	0.9386829368915405	0.3379990940107599
1.224	0.9397833894215736	0.33631331622365074
1.225	0.9408707250836695	0.33463594629933724
1.226	0.9419450414042629	0.33296694230375895
1.227	0.9430064352651721	0.33130626251253703
1.228	0.9440550029050346	0.3296538654084766
1.229	0.9450908399208063	0.32800970968202414
1.23	0.9461140412699102	0.32637375422942455
1.231	0.9471247012694954	0.32474595815164353
1.232	0.9481229136010879	0.32312628075435906
1.233	0.9491087713082613	0.32151468154538376
1.234	0.9500823668025358	0.31991112023468105
1.235	0.9510437918617949	0.31831555673348055
1.236	0.9519931376334051	0.3167279511521173
1.237	0.9529304946356648	0.3151482638009266
1.238	0.9538559527615219	0.3135764551871695
1.239	0.9547696012768337	0.3120124860156718
1.24	0.9556715288258604	0.3104563171867268
1.241	0.9565618234328999	0.30890790979589206
1.242	0.9574405725008499	0.30736722513283854
1.243	0.9583078628193898	0.30583422468011023
1.244	0.9591637805610227	0.304308870112297
1.245	0.9600084112897586	0.30279112329465613
1.246	0.9608418399568592	0.30128094628351254
1.247	0.9616641509085019	0.2997783013239355
1.248	0.9624754278852681	0.29828315084923257
1.249	0.963275754027229	0.2967954574799794
1.25	0.9640652118735946	0.29531518402295437
1.2510000000000001	0.9648438833664066	0.29384229347138485
1.252	0.9656118498556209	0.29237674900176164
1.2530000000000001	0.9663691920975188	0.2909185139748874
1.254	0.9671159902612907	0.2894675519343113
1.2550000000000001	0.9678523239294551	0.2880238266050855
1.256	0.9685782721016273	0.28658730189332227
1.2570000000000001	0.9692939131978067	0.28515794188514426
1.258	0.9699993250603335	0.2837357108456577
1.2590000000000001	0.9706945849572439	0.2823205732183533
1.26	0.9713797695860519	0.2809124936233372
1.2610000000000001	0.9720549550753583	0.27951143685848007
1.262	0.9727202169882638	0.2781173678962188
1.2630000000000001	0.97337563032744	0.2767302518839011
1.264	0.9740212695347173	0.27535005414246905
1.2650000000000001	0.974657208497445	0.2739767401657981
1.266	0.9752835205494055	0.2726102756211374
1.2670000000000001	0.9759002784754719	0.2712506263447796
1.268	0.9765075545142029	0.2698977583450798
1.2690000000000001	0.9771054203612609	0.2685516377992221
1.27	0.9776939471720534	0.2672122310533058
1.2710000000000001	0.9782732055655512	0.26587950462113297
1.272	0.9788432656280652	0.26455342518343494
1.2730000000000001	0.9794041969147745	0.26323395958754603
1.274	0.979956068455374	0.2619210748458918
1.2750000000000001	0.9804989487552407	0.2606147381348789
1.276	0.9810329057999343	0.25931491679603214
1.2770000000000001	0.9815580070582023	0.258021578332145
1.278	0.982074319485342	0.2567346904095329
1.2790000000000001	0.9825819095265441	0.2554542208540904
1.28	0.9830808431192214	0.25418013765461567
1.2810000000000001	0.983571185698361	0.2529124089573753
1.282	0.9840530021978023	0.25165100306865884
1.283	0.9845263570545397	0.2503958884523434
1.284	0.9849913142116633	0.2491470337299967
1.285	0.9854479371219286	0.24790440767973188
1.286	0.9858962887509735	0.24666797923494144
1.287	0.9863364315796171	0.24543771748480514
1.288	0.9867684276085837	0.24421359167213064
1.289	0.9871923383607425	0.2429955711927183
1.29	0.9876082248845545	0.24178362559624744
1.291	0.9880161477566285	0.2405777245840629
1.292	0.9884161670867974	0.23937783800691137
1.293	0.9888083425180905	0.2381839358690011
1.294	0.9891927332328634	0.2369959883211208
1.295	0.9895693979541414	0.23581396566545643
1.296	0.9899383949489126	0.23463783835133967
1.297	0.9902997820321281	0.23346757697471232
1.298	0.9906536165678416	0.23230315227981768
1.299	0.9909999554739287	0.23114453515599065
1.3	0.9913388552242028	0.22999169663814234
1.301	0.9916703718512929	0.22884460790497485
1.302	0.99199456094973	0.22770324028015598
1.303	0.9923114776787579	0.22656756522998556
1.304	0.9926211767649008	0.22543755436250656
1.305	0.9929237125049674	0.22431317942866535
1.306	0.9932191387690047	0.22319441231927872
1.307	0.9935075090023744	0.22208122506635442
1.308	0.9937888762291014	0.22097358983984083
1.309	0.9940632930539304	0.21987147895052983
1.31	0.9943308116656011	0.21877486484647912
1.311	0.9945914838385068	0.21768372011393655
1.312	0.9948453609368625	0.21659801747328555
1.313	0.995092493915034	0.21551772978522832
1.314	0.9953329333220264	0.21444283004242204
1.315	0.9955667293026019	0.21337329137466277
1.316	0.9957939316005858	0.21230908704440943
1.317	0.996014589561231	0.21125019044722615
1.318	0.9962287521327949	0.21019657511297574
1.319	0.9964364678700914	0.2091482147015149
1.32	0.9966377849360717	0.20810508300695696
1.321	0.9968327511042595	0.20706715395303
1.322	0.99702141376189	0.20603440158984554
1.323	0.9972038199110147	0.20500680010226102
1.324	0.9973800161715517	0.203984323802338
1.325	0.9975500487838505	0.202966947129687
1.326	0.9977139636107377	0.20195464465002733
1.327	0.9978718061394032	0.20094739105872472
1.328	0.9980236214846712	0.19994516117503747
1.329	0.9981694543902444	0.19894792994715838
1.33	0.9983093492323439	0.19795567244472112
1.331	0.9984433500214913	0.19696836386043048
1.332	0.9985715004044683	0.19598597951601038
1.333	0.9986938436673792	0.19500849485245353
1.334	0.9988104227381909	0.19403588543404537
1.335	0.9989212801889792	0.19306812694761977
1.336	0.999026458238724	0.19210519519817293
1.337	0.9991259987557445	0.19114706611506216
1.338	0.9992199432603486	0.19019371574726307
1.339	0.9993083329281438	0.1892451202604173
1.34	0.9993912085924386	0.1883012559387558
1.341	0.9994686107470637	0.18736209918891744
1.342	0.9995405795497443	0.18642762653104616
1.343	0.999607154825002	0.18549781460423598
1.344	0.9996683760675982	0.18457264016179875
1.345	0.9997242824456293	0.18365208007391298
1.346	0.9997749128041126	0.182736111327649
1.347	0.9998203056687149	0.18182471102183184
1.348	0.9998604992493828	0.18091785636817548
1.349	0.9998955314441221	0.1800155246978974
1.35	0.9999254398434343	0.17911769344848227
1.351	0.9999502617342778	0.17822434017183997
1.352	0.9999700341046329	0.17733544252989486
1.353	0.9999847936480853	0.17645097829906786
1.354	0.9999945767687259	0.1755709253645671
1.355	0.9999994195862499	0.1746952617180214
1.356	0.9998685109425344	5.160872361721398
1.357	0.9988791318264708	5.1351324035270585
1.358	0.996934237611742	5.109520824137837
1.359	0.9940505863079324	5.08403698336893
1.36	0.9902455626025779	5.058680244195473
1.361	0.9855371374083471	5.033449972736217
1.362	0.9799438280287814	5.008345538251518
1.363	0.9734846589599785	4.983366313112631
1.364	0.9661791233663511	4.958511672799702
1.365	0.9580471452384698	4.9337809958853835
1.366	0.9491090422684298	4.909173664018529
1.367	0.9393854894639236	4.884689061921843
1.368	0.9288974835050539	4.86032657736157
1.369	0.9176663078938142	4.836085601145168
1.37	0.905713498885721	4.811965527102239
1.371	0.8930608122494545	4.787965752081948
1.372	0.8797301908380508	4.764085675923042
1.373	0.8657437330220172	4.740324701451305
1.374	0.8511236619746547	4.71668223446329
1.375	0.8358922958315284	4.693157683710126
1.3760000000000001	0.8200720187398268	4.6697504608947
1.377	0.8036852527892315	4.646459980642106
1.3780000000000001	0.7867544308566334	4.62328566049687
1.379	0.769301970364176	4.600226920906781
1.3800000000000001	0.7513502479394056	4.5772831852068325
1.381	0.7329215750198907	4.554453879616182
1.3820000000000001	0.7140381743501154	4.531738433209069
1.383	0.694722157433942	4.509136277911839
1.3840000000000001	0.6749955028933752	4.486646848486923
1.385	0.6548800357620439	4.464269582516917
1.3860000000000001	0.6343974077035147	4.442003920401383
1.387	0.613569078125551	4.419849305328242
1.3880000000000001	0.5924162962394964	4.397805183270639
1.389	0.5709600840010542	4.3758710029710945
1.3900000000000001	0.5492212199627098	4.354046215925766
1.391	0.5272202240189545	4.332330276381102
1.3920000000000001	0.5049773430115408	4.310722641305741
1.393	0.48251253722345583	4.2892227703872585
1.3940000000000001	0.45984546772809787	4.2678301260140845
1.395	0.436995484577537	4.246544173272085
1.3960000000000001	0.41398161581091913	4.225364379916873
1.397	0.3908225572963797	4.204290216370469
1.3980000000000001	0.36753666336068636	4.183321155705833
1.399	0.3441419381948269	4.162456673631485
1.4000000000000001	0.32065602805295534	4.141696248488008
1.401	0.29709621415266385	4.121039361220893
1.4020000000000001	0.27347940634515866	4.10048549537712
1.403	0.24982213748106227	4.080034137089932
1.4040000000000001	0.22614055844847236	4.059684775063692
1.405	0.20245043392551673	4.039436900570348
1.4060000000000001	0.1787671387236999	4.019290007422794
1.407	0.15510565480406793	3.999243591971431
1.408	0.13148056889317344	3.979297153089183
1.409	0.10790607067064709	3.9594501921566136
1.41	0.08439595154534876	3.939702213058368
1.411	0.06096360394876493	3.920052722157081
1.412	0.03762202117520845	3.900501228289925
1.413	0.014383797706266282	3.881047242753886
1.414	-0.008738869968856675	3.8616902792911696
1.415	-0.03173418208524775	3.842429854085625
1.416	-0.05459073390183002	3.82326548573721
1.417	-0.0772975135746209	3.804196695258562
1.418	-0.09984389963150031	3.7852230060605407
1.419	-0.12221965809593532	3.7663439439379203
1.42	-0.1444149392162679	3.747559037065839
1.421	-0.1664202739090169	3.7288678159748327
1.422	-0.18822656985058828	3.71026981354741
1.423	-0.2098251072978991	3.691764565001802
1.424	-0.23120753460645074	3.6733516078884625
1.425	-0.25236586353732327	3.655030482065537
1.426	-0.2732924642748885	3.6368007296954747
1.427	-0.29398006026170975	3.618661895231137
1.428	-0.31442172281267344	3.600613525402003
1.429	-0.3346108655395019	3.582655169210729
1.43	-0.3545412386361178	3.5647863779091784
1.431	-0.3742069229647215	3.547006704995081
1.432	-0.3936023240473352	3.5293157061984695
1.433	-0.41272216590382416	3.511712939468202
1.434	-0.43156148480010004	3.494197964968545
1.435	-0.45011562289798496	3.4767703450558223
1.436	-0.4683802218154022	3.4594296442751147
1.437	-0.48635121614209476	3.442175429347013
1.438	-0.5040248268679092	3.4250072691544657
1.439	-0.521397554793756	3.4079247347394546
1.44	-0.5384661739068235	3.390927399280158
1.441	-0.5552277247219198	3.3740148380878123
1.442	-0.571679507631656	3.3571866285937113
1.443	-0.5878190762380936	3.3404423503364074
1.444	-0.6036442307014039	3.3237815849584873
1.445	-0.619153011114962	3.3072039161842977
1.446	-0.6343436908945029	3.290708929816839
1.447	-0.6492147702028149	3.2742962137233182
1.448	-0.6637649694212762	3.2579653578319094
1.449	-0.6779932226718606	3.241715954110064
1.45	-0.6918986713879065	3.2255475965613534
1.451	-0.7054806579481482	3.2094598812132284
1.452	-0.7187387193844584	3.1934524061047207
1.453	-0.7316725811489955	3.1775247712834034
1.454	-0.7442821509788494	3.1616765787840957
1.455	-0.7565675128205446	3.1459074326260303
1.456	-0.7685289208552054	3.130216938800749
1.457	-0.7801667936123171	3.1146047052601937
1.458	-0.7914817081610003	3.0990703419138215
1.459	-0.8024743944298427	3.083613460607829
1.46	-0.8131457295891811	3.068233675122349
1.461	-0.8234967325597727	3.0529306011598027
1.462	-0.833528558615619	3.0377038563332315
1.463	-0.8432424940880778	3.022553060163534
1.464	-0.8526399511896722	3.007477834059212
1.465	-0.8617224629351106	2.992477801313812
1.466	-0.8704916781713832	2.9775525870943422
1.467	-0.8789493567246575	2.962701818430211
1.468	-0.8870973646470314	2.9479251242103666
1.469	-0.8949376695900054	2.933222135163699
1.47	-0.9024723362697867	2.918592483856475
1.471	-0.9097035220602707	2.90403580467958
1.472	-0.9166334726788606	2.8895517338459085
1.473	-0.9232645180010914	2.8751399093711356
1.474	-0.9295990679711518	2.8607999710711765
1.475	-0.9356396086237048	2.846531560551432
1.476	-0.9413886982185474	2.8323343211961682
1.477	-0.9468489634714206	2.818207898165722
1.478	-0.9520230959052588	2.804151938378178
1.479	-0.9569138482904815	2.7901660905066183
1.48	-0.961524031197741	2.776250004968893
1.481	-0.9658565096471853	2.76240333391717
1.482	-0.969914199860517	2.748625731235281
1.483	-0.9737000661093315	2.734916852520959
1.484	-0.9772171176594591	2.7212763550832006
1.485	-0.9804684058126669	2.7077038979322263
1.486	-0.9834570210382955	2.694199141769326
1.487	-0.9861860901951323	2.680761748984676
1.488	-0.9886587738474679	2.6673913836395395
1.489	-0.9908782636622366	2.654087711463999
1.49	-0.9928477798947777	2.640850399847268
1.491	-0.9945705689561265	2.62767911782785
1.492	-0.9960499010625056	2.614573536091122
1.493	-0.997289067963175	2.601533326952438
1.494	-0.9982913807456247	2.5885581643548043
1.495	-0.9990601677149653	2.5756477238578634
1.496	-0.9995987723469991	2.562801682635955
1.497	-0.9999105513122996	2.550019719460751
1.498	-0.9999988725684491	2.53730151470011
1.499	-0.9998671135193818	2.5246467503076104
1.5	-0.9995186592396662	2.512055109814443
1.5010000000000001	-0.9989569007617333	2.4995262783264196
1.502	-0.9981852334236089	2.487059942507931
1.5030000000000001	-0.9972070552757898	2.474655790580304
1.504	-0.9960257655455782	2.462313512312188
1.5050000000000001	-0.9946447631552071	2.4500327990112387
1.506	-0.9930674452961729	2.4378133435212623
1.5070000000000001	-0.9912972060507711	2.4256548402069744
1.508	-0.9893374350682422	2.4135569849520224
1.5090000000000001	-0.9871915162842997	2.401519475149999
1.51	-0.9848628266912557	2.389542009695657
1.5110000000000001	-0.9823547351494439	2.3776242889833927
1.512	-0.9796706012435911	2.3657660148914466
1.5130000000000001	-0.9768137741795591	2.3539668907800135
1.514	-0.9737875917225943	2.3422266214831042
1.5150000000000001	-0.9705953791719456	2.3305449132997054
1.516	-0.967240448375427	2.31892147399193
1.5170000000000001	-0.9637260967749963	2.307356012770284
1.518	-0.9600556064924031	2.295848240291701
1.5190000000000001	-0.9562322434429871	2.2843978686497732
1.52	-0.9522592564856743	2.27300461137369
1.5210000000000001	-0.9481398765972675	2.261668183412371
1.522	-0.9438773160829491	2.250388301133566
1.5230000000000001	-0.9394747678114623	2.2391646823161464
1.524	-0.9349354044753291	2.227997046140758
1.5250000000000001	-0.9302623778852569	2.2168851131890612
1.526	-0.9254588182790258	2.205828605429323
1.5270000000000001	-0.9205278336618606	2.1948272462145755
1.528	-0.9154725091696397	2.183880760274274
1.5290000000000001	-0.9102959064493228	2.172988873707482
1.53	-0.9050010630709237	2.1621513139806177
1.5310000000000001	-0.8995909919467806	2.1513678099130824
1.532	-0.8940686807848297	2.1406380916768595
1.533	-0.888437091551086	2.129961890787093
1.534	-0.8826991599557997	2.119338940096586
1.535	-0.8768577949582831	2.108768973791996
1.536	-0.870915878285345	2.098251727382146
1.537	-0.8648762639703166	2.087786937694979
1.538	-0.8587417779080129	2.0773743428707725
1.539	-0.8525152174240356	2.0670136823554897
1.54	-0.8461993508634765	2.056704696896915
1.541	-0.8397969171891991	2.0464471285338997
1.542	-0.8333106255975264	2.036240720593423
1.543	-0.8267431551533425	2.0260852176836495
1.544	-0.8200971544291974	2.015980365686594
1.545	-0.8133752411668905	2.0059259117566044
1.546	-0.8065800019504303	1.995921604308029
1.547	-0.799713991886474	1.9859671930122085
1.548	-0.7927797343057282	1.9760624287907955
1.549	-0.7857797204769076	1.9662070638136981
1.55	-0.7787164093237807	1.9564008514863334
1.551	-0.7715922271660709	1.9466435464479268
1.552	-0.7644095674640308	1.936934904564915
1.553	-0.7571707905834405	1.9272746829235023
1.554	-0.7498782235647606	1.91766263982933
1.555	-0.7425341599076954	1.9080985347935306
1.556	-0.7351408593688509	1.8985821285317863
1.557	-0.7277005477674333	1.889113182958726
1.558	-0.7202154168086109	1.879691461179072
1.559	-0.7126876239108444	1.870316727487979
1.56	-0.7051192920493283	1.8609887473581237
1.561	-0.6975125096131737	1.8517072874370664
1.562	-0.6898693302684574	1.8424721155432056
1.563	-0.6821917728332509	1.8332830006576009
1.564	-0.6744818211726261	1.824139712920894
1.565	-0.6667414240937746	1.8150420236258844
1.566	-0.6589724952608766	1.8059897052111107
1.567	-0.6511769131108488	1.7969825312575791
1.568	-0.6433565207984406	1.7880202764813027
1.569	-0.6355131261351813	1.779102716731654
1.57	-0.62764850154506	1.7702296289788761
1.571	-0.6197643840400382	1.7614007913155758
1.572	-0.6118624751913043	1.752615982946066
1.573	-0.6039444411315354	1.7438749841864332
1.574	-0.5960119125438543	1.7351775764532325
1.575	-0.588066484691968	1.7265235422620466
1.576	-0.5801097174306991	1.7179126652201182
1.577	-0.5721431352534069	1.7093447300217788
1.578	-0.5641682273399078	1.7008195224442266
1.579	-0.5561864476087705	1.692336829340971
1.58	-0.5481992147963735	1.6838964386348718
1.581	-0.5402079125403462	1.6754981393171056
1.582	-0.5322138894623166	1.6671417214353474
1.583	-0.5242184592927114	1.6588269760987346
1.584	-0.5162229009702033	1.6505536954621558
1.585	-0.508228458778392	1.642321672726185
1.586	-0.5002363424828261	1.6341307021312295
1.587	-0.4922477274788692	1.6259805789507014
1.588	-0.48426375496616847	1.6178710994922838
1.589	-0.4762855321069359	1.6098020610825516
1.59	-0.46831413221512663	1.6017732620698442
1.591	-0.46035059495283437	1.5937845018138344
1.592	-0.45239592653846306	1.585835580686199
1.593	-0.4444510999616366	1.5779263000607817
1.594	-0.4365170552110841	1.5700564623105628
1.595	-0.42859469950881657	1.5622258708021737
1.596	-0.4206849075684378	1.554434329887774
1.597	-0.4127885218529361	1.5466816449085719
1.598	-0.40490635283809545	1.5389676221798703
1.599	-0.39703917930458155	1.5312920689945146
1.6	-0.38918774861877786	1.5236547936076525
1.601	-0.3813527770369204	1.5160556052410668
1.602	-0.373534950027608	1.5084943140786495
1.603	-0.3657349225805052	1.5009707312534286
1.604	-0.3579533195412258	1.4934846688498165
1.605	-0.3501907359538371	1.4860359398926706
1.606	-0.3424477374141381	1.478624358347493
1.607	-0.334724860428378	1.4712497391159665
1.608	-0.3270226127839908	1.4639118980249544
1.609	-0.31934147392529194	1.4566106518284077
1.61	-0.3116818953493944	1.4493458181961403
1.611	-0.3040443009980776	1.4421172157182776
1.612	-0.2964290876642583	1.4349246638887818
1.613	-0.28883662541643923	1.427767983110042
1.614	-0.28126725800616054	1.420646994684219
1.615	-0.2737213033190484	1.4135615208077383
1.616	-0.26619905379792796	1.4065113845648716
1.617	-0.25870077690925614	1.39949640993109
1.618	-0.2512267155862898	1.3925164217622177
1.619	-0.2437770887047695	1.385571245787344
1.62	-0.23635209154353684	1.3786607086042895
1.621	-0.22895189628268942	1.371784637689811
1.622	-0.22157665247382327	1.364942861368334
1.623	-0.21422648754923185	1.3581352088345198
1.624	-0.2069015073132946	1.351361510125615
1.625	-0.19960179646368872	1.3446215961333796
1.6260000000000001	-0.19232741910320805	1.3379152985945955
1.627	-0.18507841925254037	1.331242450078033
1.6280000000000001	-0.17785482140314188	1.324602883994312
1.629	-0.1706566310332663	1.3179964345788857
1.6300000000000001	-0.16348383516192594	1.3114229368959416
1.631	-0.15633640289776593	1.3048822268308538
1.6320000000000001	-0.1492142859807683	1.298374141080163
1.633	-0.1421174193741236	1.291898517163066
1.6340000000000001	-0.13504572178386023	1.2854551933915288
1.635	-0.1279990962859054	1.2790440088941915
1.6360000000000001	-0.12097743085163971	1.2726648035881696
1.637	-0.11398059897709917	1.2663174181928882
1.6380000000000001	-0.10700846023901395	1.2600016942139387
1.639	-0.10006086089651632	1.2537174739417667
1.6400000000000001	-0.09313763448786916	1.247464600443085
1.641	-0.08623860244918129	1.2412429175699593
1.6420000000000001	-0.07936357470061924	1.2350522699478197
1.643	-0.07251235026511216	1.2288925029621889
1.6440000000000001	-0.06568471788138748	1.2227634627665567
1.645	-0.058880456625666544	1.2166649962695262
1.6460000000000001	-0.052099336545508086	1.210596951147347
1.647	-0.04534111926204562	1.2045591758163705
1.6480000000000001	-0.03860555862035447	1.198551519441295
1.649	-0.03189240130607343	1.1925738319292134
1.6500000000000001	-0.02520138751533485	1.1866259639376544
1.651	-0.01853225154514519	1.180707766843783
1.6520000000000001	-0.011884722473117032	1.1748190927642375
1.653	-0.005258524780951138	1.168959794535092
1.6540000000000001	0.001346620985770365	1.1631297257234587
1.655	0.0079309975707477	1.1573287406144415
1.6560000000000001	0.014494890376897602	1.1515566941998907
1.657	0.02103858678410937	1.1458134421908808
1.658	0.02756237551686347	1.1400988410026764
1.659	0.03406654598913199	1.1344127477515693
1.66	0.04055138763766974	1.1287550202600638
1.661	0.0470171892820647	1.1231255170392789
1.662	0.05346423846264806	1.117524097292173
1.663	0.059892820783741925	1.11195062091425
1.664	0.06630321926062485	1.1064049484827532
1.665	0.07269571366134563	1.1008869412596693
1.666	0.07907057986356536	1.0953964611830749
1.667	0.08542808919398022	1.0899333708627976
1.668	0.09176850779046775	1.0844975335760623
1.669	0.0980920959328041	1.0790888132745549
1.67	0.10439910741469706	1.0737070745708843
1.671	0.1106897888993654	1.0683521827360911
1.672	0.11696437927526242	1.0630240036996224
1.673	0.12322310902666601	1.0577224040383015
1.674	0.12946619959048805	1.0524472509887683
1.675	0.13569386273031783	1.0471984124362068
1.676	0.14190629994232112	1.0419757568915236
1.677	0.14810370177618293	1.03677915353909
1.678	0.15428624730920823	1.0316084721648062
1.679	0.16045410345871433	1.026463583213845
1.68	0.1666074244408751	1.0213443577505394
1.681	0.17274635114065356	1.01625066748311
1.682	0.17887101055492163	1.0111823847350134
1.683	0.18498151522280273	1.0061393824455322
1.684	0.1910779626151647	1.0011215341992044
1.685	0.1971604346320435	0.9961287141799069
1.686	0.20322899703475417	0.9911607971845342
1.687	0.20928369888305412	0.9862176586447555
1.688	0.21532457206127453	0.98129917457746
1.689	0.2213516307174373	0.9764052216312304
1.69	0.22736487079910675	0.9715356770417856
1.691	0.23336426954401698	0.966690418655971
1.692	0.2393497849952937	0.9618693249357841
1.693	0.2453213555873795	0.9570722749145961
1.694	0.2512788996404291	0.9522991482527718
1.695	0.25722231497210746	0.9475498251888563
1.696	0.2631514784645625	0.9428241865639544
1.697	0.26906624568220056	0.9381221138004721
1.698	0.27496645047898904	0.9334434889151284
1.699	0.2808519046099039	0.9287881945369634
1.7	0.2867223974550584	0.9241561138422529
1.701	0.2925776956207938	0.9195471306268814
1.702	0.29841754268545223	0.9149611292502104
1.703	0.30424165888920324	0.9103979946633265
1.704	0.31004974085217446	0.9058576124127322
1.705	0.3158414613917797	0.9013398685975007
1.706	0.3216164692368204	0.8968446499148195
1.707	0.3273743888499804	0.8923718436419552
1.708	0.33311482026672257	0.8879213376256114
1.709	0.3388373389045552	0.8834930203056013
1.71	0.3445414954767218	0.8790867806828198
1.711	0.35022681584894827	0.8747025083493725
1.712	0.35589280098666864	0.8703400934573997
1.713	0.36153892687290684	0.8659994267459581
1.714	0.3671646444872383	0.8616803995291473
1.715	0.37276937981300945	0.8573829036828897
1.716	0.37835253378160566	0.8531068317071302
1.717	0.38391348245229234	0.8488520766054597
1.718	0.38945157694282295	0.8446185320130875
1.719	0.3949661435881089	0.8404060921314684
1.72	0.40045648408958096	0.8362146517070466
1.721	0.40592187555220627	0.8320441061245587
1.722	0.4113615707808	0.8278943512932901
1.723	0.4167747983973897	0.8237652837246596
1.724	0.42216076306790445	0.8196568005119254
1.725	0.4275186457551696	0.815568799332338
1.726	0.4328476039906377	0.8115011784388022
1.727	0.4381467721508138	0.8074538366751352
1.728	0.4434152617604211	0.8034266734790316
1.729	0.44865216185349854	0.7994195888606885
1.73	0.4538565393093065	0.7954324834181365
1.731	0.4590274391980804	0.7914652583675688
1.732	0.4641638852158681	0.7875178154990756
1.733	0.46926488006878775	0.7835900572031509
1.734	0.474329405886439	0.779681886482531
1.735	0.4793567797152249	0.7757932069277921
1.736	0.48435084733120104	0.7719239221653492
1.737	0.4893129011423716	0.7680739355404651
1.738	0.4942429027591616	0.7642431508022173
1.739	0.49914082133439547	0.7604314721803702
1.74	0.5040066333424051	0.7566388043825232
1.741	0.5088403223466518	0.7528650525912834
1.742	0.5136418787843644	0.7491101224635948
1.743	0.5184112997539516	0.7453739201257892
1.744	0.5231485888021604	0.741656352172945
1.745	0.5278537557173069	0.7379573256656883
1.746	0.5325268163285698	0.7342767481295369
1.747	0.5371677923082651	0.7306145275500534
1.748	0.5417767109832724	0.7269705723722175
1.749	0.5463536051372326	0.7233447914977046
1.75	0.5508985128357434	0.7197370942821896
1.7510000000000001	0.555411477239314	0.716147390534709
1.752	0.5598925464331316	0.7125755905129368
1.7530000000000001	0.5643417732508051	0.7090216049225748
1.754	0.5687592151058125	0.7054853449147014
1.7550000000000001	0.5731449338365244	0.7019667220831433
1.756	0.5774989955333696	0.6984656484638572
1.7570000000000001	0.5818214703945681	0.6949820365303235
1.758	0.5861124325699929	0.691515799192955
1.7590000000000001	0.5903719600082435	0.6880668497965122
1.76	0.5946001343230315	0.6846351021175432
1.7610000000000001	0.5987970406434844	0.6812204703637817
1.762	0.602962767479361	0.6778228691696575
1.7630000000000001	0.6070974065936341	0.6744422135957203
1.764	0.6112010528636032	0.6710784191261219
1.7650000000000001	0.6152738041639135	0.6677314016661211
1.766	0.6193157612323924	0.6644010775414975
1.7670000000000001	0.6233270275661968	0.6610873634941747
1.768	0.6273077092922466	0.6577901766816612
1.7690000000000001	0.6312579150607054	0.6545094346742224
1.77	0.6351777559314237	0.6512450554543098
1.7710000000000001	0.6390673452745969	0.6479969574122706
1.772	0.6429267986602141	0.6447650593458
1.7730000000000001	0.6467562337602728	0.6415492804575373
1.774	0.6505557702537789	0.638349540352682
1.7750000000000001	0.6543255297262532	0.6351657590384365
1.776	0.6580656355845137	0.6319978569198237
1.7770000000000001	0.6617762129631495	0.6288457547991553
1.778	0.6654573886419984	0.6257093738736853
1.7790000000000001	0.6691092909567776	0.6225886357332884
1.78	0.6727320497246587	0.6194834623599171
1.7810000000000001	0.6763257961616045	0.6163937761235232
1.782	0.6798906628091076	0.6133194997815387
1.783	0.6834267834554817	0.610260556476591
1.784	0.6869342930717486	0.6072168697342367
1.785	0.6904133277353919	0.6041883634624348
1.786	0.6938640245712179	0.6011749619475664
1.787	0.6972865216788342	0.5981765898539353
1.788	0.7006809580770659	0.5951931722215329
1.789	0.704047473636382	0.592224634463834
1.79	0.7073862090280487	0.5892709023672791
1.791	0.7106973056639041	0.5863319020873983
1.792	0.713980905641109	0.5834075601483193
1.793	0.717237151690476	0.5804978034405908
1.794	0.7204661871270328	0.5776025592190341
1.795	0.7236681557977548	0.5747217551022339
1.796	0.7268432020365876	0.571855319068764
1.797	0.7299914706190864	0.569003179456703
1.798	0.733113106716714	0.5661652649611952
1.799	0.7362082558545302	0.5633415046339554
1.8	0.7392770638709607	0.5605318278795667
1.801	0.7423196768759436	0.557736164455007
1.802	0.7453362412184517	0.554954444467573
1.803	0.7483269034413668	0.552186598372822
1.804	0.7512918102541888	0.5494325569740901
1.805	0.7542311084919214	0.5466922514188782
1.806	0.7571449450891623	0.5439656131983952
1.807	0.7600334670428748	0.5412525741455284
1.808	0.7628968213830806	0.5385530664328402
1.809	0.7657351551453622	0.5358670225720914
1.81	0.7685486153428028	0.5331943754107302
1.811	0.771337348936242	0.530535058131429
1.812	0.7741015028086873	0.5278890042501182
1.813	0.7768412237437493	0.525256147614022
1.814	0.7795566583977119	0.5226364224012086
1.815	0.7822479532768236	0.5200297631171436
1.816	0.7849152547173778	0.5174361045942621
1.817	0.7875587088595267	0.5148553819900277
1.818	0.7901784616340302	0.5122875307850382
1.819	0.7927746587337484	0.5097324867825671
1.82	0.7953474456035495	0.5071901861052234
1.821	0.7978969674139516	0.5046605651945071
1.822	0.800423369048577	0.5021435608086546
1.823	0.8029267950875523	0.4996391100222076
1.824	0.8054073897870188	0.49714715022271305
1.825	0.8078652970688588	0.4946676191103097
1.826	0.8103006605021256	0.49220045469588647
1.827	0.8127136232913524	0.4897455952992584
1.828	0.8151043282588347	0.4873029795487267
1.829	0.8174729178378987	0.484872546377892
1.83	0.819819534054854	0.48245423502522955
1.831	0.8221443185176955	0.4800479850323037
1.832	0.8244474124092382	0.4776537362419679
1.833	0.82672895646711	0.4752714287979708
1.834	0.8289890909837073	0.47290100314180683
1.835	0.8312279557878849	0.47054240001234376
1.836	0.8334456902392934	0.4681955604440416
1.837	0.8356424332158714	0.4658604257652244
1.838	0.8378183231076908	0.4635369375976791
1.839	0.8399734978099898	0.4612250378536033
1.84	0.8421080947085655	0.4589246687352046
1.841	0.844222250677357	0.4566357727330062
1.842	0.8463161020712376	0.4543582926241366
1.843	0.8483897847142245	0.45209217147195097
1.844	0.8504434338957493	0.4498373526230132
1.845	0.8524771843641907	0.44759377970679504
1.846	0.8544911703206277	0.4453613966336636
1.847	0.8564855254099886	0.44314014759454207
1.848	0.8584603827190521	0.440929977057998
1.849	0.8604158747698768	0.43873082976983707
1.85	0.8623521335107076	0.43654265075150683
1.851	0.8642692903172912	0.43436538529841767
1.852	0.8661674759832296	0.43219897897965087
1.853	0.8680468207179307	0.43004337763501155
1.854	0.8699074541392587	0.4278985273747457
1.855	0.8717495052736082	0.4257643745778793
1.856	0.8735731025480149	0.4236408658907262
1.857	0.8753783737887467	0.42152794822640244
1.858	0.8771654462164683	0.41942556876213927
1.859	0.8789344464433522	0.41733367493886175
1.86	0.8806855004686004	0.4152522144597223
1.861	0.8824187336767366	0.41318113528844114
1.862	0.8841342708342924	0.4111203856490732
1.863	0.8858322360874981	0.4090699140231494
1.864	0.8875127529559069	0.4070296691494774
1.865	0.8891759443363028	0.4049996000225389
1.866	0.8908219324949084	0.4029796558909836
1.867	0.8924508390665195	0.40096978625731283
1.868	0.8940627850537157	0.3989699408752547
1.869	0.8956578908237188	0.39698006974928696
1.87	0.8972362761054267	0.3950001231331568
1.871	0.8987980599906087	0.39303005152935155
1.872	0.9003433609279733	0.39106980568656735
1.873	0.9018722967269727	0.38911933659940817
1.874	0.9033849845505748	0.3871785955068925
1.875	0.9048815409192464	0.38524753389103095
1.8760000000000001	0.9063620817040607	0.3833261034764568
1.877	0.9078267221316116	0.38141425622797476
1.8780000000000001	0.9092755767789317	0.37951194435021923
1.879	0.9107087595724576	0.3776191202860791
1.8800000000000001	0.9121263837893484	0.37573573671559457
1.881	0.9135285620558559	0.37386174655532345
1.8820000000000001	0.9149154063458397	0.37199710295603894
1.883	0.9162870279808842	0.3701417593024774
1.8840000000000001	0.9176435376297649	0.3682956692117406
1.885	0.9189850453080198	0.36645878653219843
1.8860000000000001	0.9203116603783352	0.3646310653428763
1.887	0.9216234915467629	0.36281245995126105
1.8880000000000001	0.9229206468697088	0.36100292489296215
1.889	0.9242032337453979	0.3592024149301989
1.8900000000000001	0.925471358920309	0.3574108850508245
1.891	0.9267251284871952	0.35562829046764555
1.8920000000000001	0.9279646478832986	0.35385458661610886
1.893	0.9291900218927843	0.35208972915444214
1.8940000000000001	0.9304013546491635	0.350333673961439
1.895	0.931598749629103	0.3485863771367646
1.8960000000000001	0.9327823096597648	0.3468477949983464
1.897	0.9339521369161414	0.34511788408211413
1.8980000000000001	0.935108332921215	0.3433966011409038
1.899	0.9362509985494206	0.3416839031428139
1.9000000000000001	0.9373802340230853	0.33997974727119284
1.901	0.9384961389179626	0.3382840909224792
1.9020000000000001	0.9395988121611378	0.33659689170549684
1.903	0.940688352033488	0.33491810744074524
1.9040000000000001	0.9417648561696973	0.3332476961586608
1.905	0.9428284215602231	0.33158561609959797
1.9060000000000001	0.943879144552093	0.3299318257116886
1.907	0.9449171208503933	0.32828628365028845
1.908	0.9459424455204086	0.32664894877706774
1.909	0.9469552129868671	0.3250197801585435
1.91	0.9479555170380064	0.32339873706596833
1.911	0.9489434508255518	0.3217857789731555
1.912	0.9499191068671197	0.32018086555617953
1.913	0.9508825770463913	0.3185839566921174
1.914	0.9518339526184543	0.31699501245807954
1.915	0.9527733242072705	0.315413993130644
1.916	0.9537007818094667	0.31384085918398236
1.917	0.9546164147980785	0.312275571289684
1.918	0.9555203119219535	0.31071809031520514
1.919	0.9564125613085472	0.3091683773230815
1.92	0.9572932504667305	0.30762639357058996
1.921	0.9581624662885687	0.3060921005075352
1.922	0.9590202950511729	0.3045654597763536
1.923	0.9598668224196445	0.30304643321027713
1.924	0.9607021334490183	0.3015349828337513
1.925	0.9615263125877734	0.3000310708595668
1.926	0.9623394436783528	0.29853465968958487
1.927	0.9631416099612679	0.2970457119128312
1.928	0.9639328940772093	0.2955641903047907
1.929	0.9647133780687427	0.2940900578274582
1.93	0.9654831433849421	0.29262327762641077
1.931	0.966242270882651	0.29116381303145006
1.932	0.9669908408292576	0.2897116275552693
1.933	0.9677289329064155	0.2882666848923512
1.934	0.9684566262114667	0.28682894891867766
1.935	0.9691739992625681	0.2853983836898612
1.936	0.9698811299983767	0.2839749534409949
1.937	0.970578095784105	0.2825586225851608
1.938	0.9712649734126266	0.2811493557135376
1.939	0.9719418391087226	0.27974711759359205
1.94	0.9726087685307232	0.2783518731683754
1.941	0.9732658367747704	0.27696358755556605
1.942	0.9739131183781847	0.2755822260475129
1.943	0.9745506873203779	0.27420775410903153
1.944	0.9751786170291703	0.27284013737741974
1.945	0.9757969803813213	0.27147934166121557
1.946	0.9764058497071837	0.2701253329395765
1.947	0.9770052967940948	0.2687780773612254
1.948	0.9775953928874577	0.2674375412443091
1.949	0.9781762086972787	0.2661036910736718
1.95	0.9787478143988597	0.26477649350270327
1.951	0.9793102796373637	0.2634559153504057
1.952	0.9798636735304621	0.2621419236008322
1.953	0.9804080646713842	0.26083448540377296
1.954	0.9809435211333938	0.2595335680724
1.955	0.9814701104724197	0.2582391390827078
1.956	0.981987899729385	0.2569511660729017
1.957	0.9824969554356555	0.2556696168432554
1.958	0.9829973436142899	0.2543944593538412
1.959	0.9834891297840793	0.2531256617250046
1.96	0.9839723789631863	0.2518631922360941
1.961	0.9844471556727377	0.2506070193246107
1.962	0.9849135239381656	0.2493571115858414
1.963	0.9853715472953531	0.24811343777058403
1.964	0.985821288791008	0.24687596678721135
1.965	0.986262810988082	0.24564466769787519
1.966	0.9866961759680131	0.24441950971990634
1.967	0.9871214453336163	0.24320046222313207
1.968	0.9875386802131267	0.24198749473188408
1.969	0.9879479412630107	0.24078057692102084
1.97	0.9883492886705088	0.23957967861769824
1.971	0.9887427821581186	0.23838476979841383
1.972	0.9891284809852414	0.23719582059124888
1.973	0.989506443952313	0.2360128012714391
1.974	0.989876729402736	0.234835682263825
1.975	0.990239395227437	0.23366443414082005
1.976	0.9905944988664976	0.23249902761998087
1.977	0.9909420973126122	0.23133943356750353
1.978	0.9912822471144679	0.2301856229928967
1.979	0.9916150043784017	0.2290375670521484
1.98	0.9919404247731696	0.22789523704288117
1.981	0.9922585635308583	0.22675860440804274
1.982	0.9925694754506501	0.2256276407322737
1.983	0.9928732149020221	0.2245023177417016
1.984	0.9931698358263816	0.22338260730383985
1.985	0.9934593917404773	0.22226848142733246
1.986	0.9937419357392983	0.22115991225870602
1.987	0.9940175204981292	0.2200568720855387
1.988	0.9942861982756331	0.21895933333208972
1.989	0.9945480209159084	0.21786726856103733
1.99	0.9948030398519002	0.21678065047160278
1.991	0.9950513061070526	0.21569945189942574
1.992	0.9952928702984822	0.21462364581590987
1.993	0.9955277826388438	0.21355320532821986
1.994	0.9957560929397852	0.2124881036741615
1.995	0.9959778506131264	0.21142831422933173
1.996	0.9961931046741285	0.21037381049944648
1.997	0.9964019037435531	0.20932456612438421
1.998	0.9966042960502253	0.2082805548737804
1.999	0.9968003294335708	0.2072417506490729
2.0	0.9969900513454233	0.2062081274811135
