0.0	0.8591215581080411	1.0	0.6644533804599315	-1.0
0.01	0.887718860663159	0.9980267284939396	0.6575595194424859	-0.9980267284929408
0.02	0.9131067216399582	0.9921147014455578	0.6501247912672726	-0.9921147014435643
0.03	0.9352427563353357	0.9822872509246665	0.6421726308879614	-0.9822872509216648
0.04	0.9541039798503438	0.9685831613887081	0.6337298627295369	-0.9685831613847243
0.05	0.969686238239666	0.9510565166183278	0.6248263949143524	-0.9510565166134127
0.06	0.9820034093036696	0.9297764862732085	0.6154948809377452	-0.9297764862673534
0.07	0.9910863964515765	0.9048270529112784	0.6057703549464004	-0.9048270529045063
0.08	0.9969819439011518	0.8763066805476699	0.5956898471922027	-0.8763066805399526
0.09	0.9997513051837225	0.8443279260623223	0.5852919864757649	-0.8443279260537998
0.1	0.998353241125148	0.8090169949896018	1.5636326114739252	-0.8090169949802528
0.11	0.988448194200973	0.7705132434422951	1.5339383173290397	-0.7705132434321565
0.12	0.9702071145811123	0.7289686281371299	1.5037109377210378	-0.7289686281262419
0.13	0.9443769654286246	0.6845471066909525	1.4730621066401346	-0.684547106679358
0.14	0.9117266895525578	0.6374239905543276	1.4421025021391032	-0.6374239905420723
0.15	0.8730279532282641	0.5877852531382984	1.4109409188950344	-0.5877852531254307
0.16	0.8290384537227735	0.5358267958617607	1.37968341555194	-0.5358267958484274
0.17	0.7804877991500021	0.481753675017936	1.3484325457229427	-0.481753675003998
0.18	0.7280658366614653	0.4257792925111356	1.3172866792861648	-0.425779292496744
0.19	0.6724131935278947	0.3681245536568508	1.286339418363892	-0.3681245536419567
0.2	0.6141137065030542	0.30901699536928656	1.255679110198087	-0.3090169953541596
0.21	0.5536883546786054	0.24868988817754262	1.2253884570799007	-0.24868988816224705
0.22	0.49159030379991553	0.18738131561276536	1.1955442216033993	-0.18738131559703003
0.23	0.42820078320203425	0.1253332346015324	1.1662170238370189	-0.12533323458575243
0.24	0.3638259142291429	0.06279052057274756	1.1374712255581199	-0.06279052055687358
0.25	0.29869562937680677	1.045408777798531e-9	1.1093648955014843	-1.029503401123221e-9
0.26	0.23296796201904663	-0.06279051848594229	1.0819498486324053	0.06279051850192975
0.27	0.16674527534395317	-0.12533323252708878	1.0552717517672978	0.1253332325429815
0.28	0.10011072356125741	-0.18738131355887025	1.0293702874223523	0.1873813135744939
0.29	0.03318542827346509	-0.24868988615230184	1.0042793675534751	0.24868988616781762
0.3	-0.03381544935755184	-0.3090169933806928	0.980027388837227	0.3090169933959278
0.31	-0.1005651246055325	-0.36812455171275216	0.9566375213103564	0.3681245517275406
0.32	-0.1666594710343455	-0.42577929061920444	0.9341280225043507	0.4257792906335961
0.33	-0.23167494885020623	-0.481753673185639	0.9125125696529345	0.4817536731996766
0.34	-0.2952151855073768	-0.535826794096521	0.891800603090778	0.5358267941098545
0.35	-0.3569342686927685	-0.5877852514467915	0.8719976745673838	0.5877852514596592
0.36	-0.41654234545971824	-0.637423988943325	0.853105794853037	0.6374239889555803
0.37	-0.4738022056538996	-0.6845471051667293	0.8351237756871809	0.6845471051783238
0.38	-0.5285225938847531	-0.7289686267058668	0.8180475617948277	0.7289686267167548
0.39	-0.5805510250315498	-0.7705132421095578	0.8018705493593482	0.7705132421196963
0.4	-0.6297671785464478	-0.8090169937605832	0.7865838879744756	0.809016993769999
0.41	-0.676077173916216	-0.8443279249419453	0.7721767636947002	0.8443279249504679
0.42	-0.7194087289657405	-0.876306679540356	0.7586366613558557	0.8763066795480186
0.43	-0.7597071065172909	-0.9048270520210032	0.7459496048398003	0.9048270520278238
0.44	-0.796931737815079	-0.9297764855034855	0.7341003744065614	0.9297764855093406
0.45	-0.831053420514376	-0.9510565159721945	0.7230727006153564	0.9510565159771095
0.46	-0.862052004768262	-0.9685831608687147	0.7128494347020573	0.9685831608726702
0.47	-0.8899144960987938	-0.9822872505328437	0.703412695577856	0.9822872505358454
0.48	-0.9146335164301279	-0.9921147011835089	0.6947439938677501	0.9921147011854881
0.49	-0.93620607482146	-0.9980267283626489	0.6868243336194364	0.9980267283636476
0.5	-0.9546326074727962	-1.0	0.6796342924914623	1.0
0.51	-0.969916252961966	-0.9980267284938903	0.6731540813773504	0.9980267284928844
0.52	-0.9820623338008226	-0.9921147014454594	0.6673635845457375	0.9921147014434517
0.53	-0.9910780195776272	-0.9822872509244981	0.6622423814814887	0.9822872509215177
0.54	-0.9969721503765075	-0.968583161388513	0.6577697517032542	0.9685831613845574
0.55	-0.9997552019998176	-0.9510565166180852	0.6539246639140064	0.9510565166131701
0.56	-0.9994393768476861	-0.9297764862729195	0.6506857509173731	0.9297764862670644
0.57	-0.9960388062121822	-0.9048270529109442	0.6480312718069035	0.904827052904172
0.58	-0.9895698512656977	-0.8763066805472369	0.645939063010776	0.8763066805396292
0.59	-0.9800514911971415	-0.8443279260619017	0.6443864798534935	0.8443279260533183
0.6	-0.9675057878037515	-0.8090169949891404	0.6433503303790976	0.8090169949797914
0.61	-0.951958416401662	-0.7705132434417947	0.6428068032687054	0.7705132434317287
0.62	-0.9334392531921344	-0.7289686281366703	0.6427313917775028	0.7289686281257045
0.63	-0.9119830092356093	-0.6845471066903803	0.6430988157115184	0.6845471066787858
0.64	-0.887629900961206	-0.6374239905538104	0.6438829435601371	0.6374239905414674
0.65	-0.8604263467030544	-0.5877852531377553	0.6450567169928582	0.5877852531248876
0.66	-0.8304256781325878	-0.5358267958611939	0.6465920800141132	0.5358267958477645
0.67	-0.7976888546941587	-0.4817536750172481	0.648459915142854	0.48175367500331007
0.68	-0.7622851682870057	-0.4257792925103224	0.650629989038216	0.4257792924960337
0.69	-0.7242929245164038	-0.3681245536560152	0.6530709100225628	0.3681245536413325
0.7	-0.6838000859420662	-0.30901699536853994	0.6557500999515299	0.30901699535341304
0.71	-0.6409048619242175	-0.24868988817678225	0.6586337828404254	0.24868988816137658
0.72	-0.595716229002527	-0.18738131561188257	0.6616869925706952	0.1873813155962589
0.73	-0.5483543653052123	-0.12533323460075357	0.6648736018620692	0.1253332345849736
0.74	-0.4989509823631811	-0.06279052057196409	0.6681563745004497	0.06279052055597663
0.75	-0.4476495379705096	-1.0446237505401959e-9	0.6714970425531251	1.028718373864886e-9
0.76	-0.39460531445394764	0.06279051848672577	0.6748564099788493	-0.06279051850259977
0.77	-0.33998534796143526	0.1253332325279804	0.6781944836494311	-0.12533323254376036
0.78	-0.28396819615429336	0.18738131355964138	0.681470632342366	-0.18738131357526502
0.79	-0.2267435340567864	0.2486898861531723	0.6846437737446457	-0.24868988616857798
0.8	-0.16851157069485773	0.30901699338143934	0.6876725889325729	-0.3090169933966744
0.81	-0.10948228255534537	0.368124551713482	0.6905157631701252	-0.36812455172827047
0.82	-0.04987446367990296	0.42577929061991476	0.6931322512118566	-0.42577929063430636
0.83	0.010085403702124171	0.4817536731863269	0.6954815646206469	-0.4817536732002649
0.84	0.0701644498730888	0.5358267940970879	0.6975240779330996	-0.5358267941106132
0.85	0.13012487729602715	0.5877852514474265	0.6992213498467772	-0.5877852514602944
0.86	0.18972556283067396	0.6374239889438422	0.7005364549844966	-0.6374239889560975
0.87	0.24872378231912293	0.6845471051673016	0.7014343212345338	-0.684547105178979
0.88	0.30687703403000605	0.7289686267064042	0.7018820671940309	-0.7289686267172921
0.89	0.36394493465427485	0.7705132421100582	0.7018493338774698	-0.7705132421201967
0.9	0.41969115927319406	0.8090169937611115	0.7013086046125068	-0.8090169937704604
0.91	0.4738853950810793	0.844327924942366	0.7002355069480992	-0.8443279249508885
0.92	0.5263052775114369	0.8763066795407343	0.6986090904573088	-0.8763066795483967
0.93	0.5767382768760909	0.9048270520213375	0.6964120745373455	-0.9048270520281096
0.94	0.6249835035841187	0.9297764855037745	0.6936310606944946	-0.9297764855096295
0.95	0.6708534005076092	0.9510565159724371	0.6902567043481818	-0.9510565159773521
0.96	0.7141752921471265	0.9685831608689099	0.6862838418868485	-0.9685831608728654
0.97	0.754792761954073	0.9822872505330121	0.681711569542565	-0.9822872505359925
0.98	0.7925668316079552	0.992114701183593	0.6765432716006896	-0.9921147011855865
0.99	0.8273769192939632	0.9980267283626982	0.6707865964981631	-0.9980267283636969
1.0	0.8591215581088446	1.0	0.6644533804597728	-1.0
1.01	0.8877188606638818	0.998026728493841	0.6575595194423131	-0.9980267284928351
1.02	0.9131067216405984	0.9921147014453611	0.6501247912670861	-0.9921147014433676
1.03	0.9352427563358915	0.982287250924351	0.6421726308877619	-0.9822872509213706
1.04	0.954103979850814	0.9685831613883177	0.6337298627293253	-0.9685831613843622
1.05	0.9696862382400219	0.9510565166178426	0.6248263949141296	-0.9510565166129276
1.06	0.982003409303966	0.9297764862726305	0.6154948809375117	-0.9297764862667754
1.07	0.9910863964517856	0.9048270529106099	0.6057703549461573	-0.9048270529038378
1.08	0.9969819439012737	0.8763066805468588	0.5956898471919504	-0.8763066805392511
1.09	0.9997513051837574	0.8443279260614811	0.585291986475505	-0.8443279260529586
1.1	0.9983532411249927	0.8090169949886121	1.563632611473156	-0.8090169949792632
1.11	0.9884481942005799	0.7705132434412219	1.5339383173282544	-0.7705132434311558
1.12	0.970207114580484	0.7289686281360551	1.50371093772024	-0.7289686281251672
1.13	0.9443769654277717	0.6845471066897252	1.4730621066393268	-0.6845471066781307
1.14	0.9117266895515391	0.6374239905530302	1.442102502138289	-0.6374239905408625
1.15	0.8730279532271104	0.5877852531370282	1.4109409188942157	-0.5877852531241605
1.16	0.8290384537214506	0.535826795860435	1.3796834155511197	-0.5358267958469097
1.17	0.780487799148523	0.48175367501656013	1.3484325457221238	-0.48175367500252253
1.18	0.7280658366599214	0.42577929250950924	1.3172866792853495	-0.4257792924952205
1.19	0.6724131935262277	0.36812455365517965	1.2863394183630832	-0.3681245536404969
1.2	0.6141137065013664	0.30901699536768523	1.255679110197287	-0.3090169953525583
1.21	0.5536883546769193	0.24868988817591178	1.2253884570791114	-0.2486898881605061
1.22	0.4915903037981523	0.18738131561111143	1.1955442216026229	-0.1873813155953761
1.23	0.4282007832002045	0.12533323459986193	1.1662170238362568	-0.1253332345839692
1.24	0.363825914227151	0.06279052057106714	1.137471225557374	-0.06279052055519316
1.25	0.2986956293749829	1.0438387232818609e-9	1.1093648955007565	-1.0278196597688293e-9
1.26	0.23296796201707753	-0.06279051848762271	1.0819498486316956	0.06279051850361017
1.27	0.16674527534218092	-0.12533323252875925	1.0552717517666084	0.1253332325445392
1.28	0.10011072355924279	-0.18738131356052418	1.029370287421684	0.18738131357614782
1.29	0.03318542827166865	-0.24868988615404278	1.0042793675528283	0.24868988616933835
1.3	-0.03381544935946186	-0.3090169933822941	0.9800273888366027	0.309016993397421
1.31	-0.10056512460732081	-0.3681245517143176	0.9566375213097551	0.3681245517291061
1.32	-0.16665947103600567	-0.42577929062072795	0.9341280225037727	0.4257792906350167
1.33	-0.23167494885206535	-0.48175367318721407	0.9125125696523801	0.4817536732011521
1.34	-0.2952151855089855	-0.5358267940978467	0.8918006030902474	0.5358267941112761
1.35	-0.3569342686944475	-0.5877852514481536	0.8719976745668772	0.5877852514610213
1.36	-0.41654234546135227	-0.6374239889445348	0.8531057948525543	0.6374239889567901
1.37	-0.4738022056554825	-0.6845471051679567	0.8351237756867222	0.6845471051795512
1.38	-0.5285225938861824	-0.7289686267070193	0.8180475617943926	0.7289686267179073
1.39	-0.5805510250329207	-0.7705132421106311	0.8018705493589365	0.770513242120697
1.4	-0.6297671785476674	-0.809016993761573	0.7865838879740874	0.8090169937709218
1.41	-0.6760771739174567	-0.8443279249428476	0.7721767636943351	0.8443279249514309
1.42	-0.7194087289668311	-0.8763066795411673	0.7586366613555136	0.8763066795488297
1.43	-0.7597071065183858	-0.9048270520217201	0.7459496048394805	0.9048270520285407
1.44	-0.7969317378159587	-0.9297764855041472	0.7341003744062635	0.9297764855100022
1.45	-0.8310534205152493	-0.9510565159727148	0.7230727006150801	0.9510565159776299
1.46	-0.8620520047690002	-0.9685831608691334	0.7128494347018017	0.9685831608730889
1.47	-0.889914496099458	-0.9822872505331592	0.703412695577621	0.9822872505361396
1.48	-0.9146335164307626	-0.9921147011837057	0.6947439938675353	0.9921147011856991
1.49	-0.9362060748220118	-0.9980267283627546	0.6868243336192413	0.9980267283637533
1.5	-0.9546326074732637	-1.0	0.6796342924912867	1.0
1.51	-0.9699162529623205	-0.9980267284937845	0.6731540813771933	0.9980267284927787
1.52	-0.9820623338010973	-0.9921147014452484	0.6673635845455985	0.992114701443255
1.53	-0.9910780195778365	-0.9822872509241826	0.6622423814813673	0.9822872509212022
1.54	-0.9969721503766208	-0.9685831613880942	0.6577697517031494	0.9685831613841104
1.55	-0.9997552019998523	-0.9510565166175649	0.653924663913918	0.9510565166126499
1.56	-0.9994393768476335	-0.9297764862722997	0.6506857509173004	0.9297764862664446
1.57	-0.9960388062120425	-0.9048270529102272	0.648031271806846	0.9048270529034551
1.58	-0.9895698512654879	-0.8763066805464805	0.6459390630107331	0.8763066805388181
1.59	-0.9800514911968521	-0.8443279260609995	0.6443864798534649	0.844327926052477
1.6	-0.9675057878033833	-0.8090169949881507	0.6433503303790823	0.8090169949788018
1.61	-0.951958416401216	-0.7705132434407215	0.6428068032687029	0.7705132434306554
1.62	-0.9334392531916119	-0.7289686281355177	0.6427313917775127	0.7289686281246297
1.63	-0.9119830092350119	-0.6845471066891529	0.6430988157115395	0.6845471066774755
1.64	-0.8876299009604829	-0.6374239905524254	0.6438829435601687	0.6374239905401701
1.65	-0.8604263467022543	-0.5877852531363011	0.6450567169928999	0.5877852531234334
1.66	-0.8304256781317131	-0.5358267958597722	0.6465920800141641	0.5358267958463429
1.67	-0.7976888546932804	-0.4817536750157726	0.6484599151429131	0.48175367500183464
1.68	-0.7622851682859895	-0.4257792925087989	0.650629989038283	0.4257792924944073
1.69	-0.7242929245153212	-0.36812455365455543	0.6530709100226366	0.368124553639767
1.7	-0.6838000859410036	-0.3090169953669386	0.6557500999516094	0.3090169953518117
1.71	-0.6409048619230122	-0.24868988817515142	0.6586337828405098	0.24868988815974574
1.72	-0.595716229001266	-0.1873813156103403	0.6616869925707836	0.18738131559471666
1.73	-0.5483543653038994	-0.1253332345989703	0.6648736018621608	0.12533323458319034
1.74	-0.4989509823619189	-0.0627905205701702	0.6681563745005433	0.06279052055440967
1.75	-0.4476495379691056	-1.0429400091858042e-9	0.6714970425532198	1.0270346325104945e-9
1.76	-0.3946053144526095	0.0627905184884062	0.6748564099789441	-0.06279051850428019
1.77	-0.3399853479598518	0.12533323252953807	0.6781944836495251	-0.12533323254543083
1.78	-0.28396819615278796	0.18738131356118362	0.6814706323424577	-0.18738131357691895
1.79	-0.22674353405514652	0.24868988615469304	0.684643773744734	-0.24868988617020882
1.8	-0.1685115706933101	0.3090169933831488	0.6876725889326566	-0.3090169933981676
1.81	-0.10948228255367175	0.36812455171504754	0.6905157631702034	-0.368124551729836
1.82	-0.0498744636784484	0.42577929062143827	0.6931322512119283	-0.42577929063582987
1.83	0.010085403703694146	0.4817536731878024	0.6954815646207106	-0.48175367320174034
1.84	0.07016444987476839	0.5358267940985095	0.6975240779331549	-0.5358267941119389
1.85	0.13012487729758385	0.5877852514487888	0.6992213498468227	-0.5877852514616565
1.86	0.18972556283232714	0.6374239889452272	0.7005364549845312	-0.6374239889573949
1.87	0.24872378232064365	0.6845471051686118	0.7014343212345566	-0.6845471051801235
1.88	0.30687703403150035	0.7289686267075568	0.701882067194041	-0.7289686267184448
1.89	0.3639449346556313	0.7705132421111315	0.7018493338774666	-0.7705132421212699
1.9	0.41969115927461914	0.8090169937620344	0.7013086046124898	-0.8090169937713833
1.91	0.47388539508246186	0.8443279249432681	0.7002355069480678	-0.8443279249518516
1.92	0.5263052775127718	0.8763066795415454	0.6986090904572625	-0.8763066795492079
1.93	0.5767382768774665	0.9048270520220544	0.6964120745372838	-0.9048270520288749
1.94	0.6249835035853443	0.929776485504436	0.6936310606944172	-0.9297764855102494
1.95	0.6708534005086892	0.9510565159729574	0.6902567043480884	-0.9510565159778724
1.96	0.7141752921482255	0.9685831608693286	0.6862838418867393	-0.9685831608732841
1.97	0.7547927619551028	0.9822872505333063	0.6817115695424396	-0.982287250536308
1.98	0.7925668316089125	0.9921147011838041	0.6765432716005485	-0.9921147011857975
1.99	0.827376919294845	0.998026728362811	0.6707865964980065	-0.9980267283638026
2.0	0.8591215581096481	1.0	0.6644533804596012	-1.0
2.01	0.8877188606645523	0.9980267284937281	0.6575595194421266	-0.9980267284927365
2.02	0.9131067216412385	0.9921147014451358	0.6501247912668856	-0.9921147014431565
2.03	0.9352427563364474	0.9822872509240355	0.6421726308875478	-0.9822872509210764
2.04	0.9541039798512841	0.968583161387899	0.6337298627290985	-0.9685831613839152
2.05	0.9696862382404056	0.9510565166173223	0.624826394913891	-0.9510565166124073
2.06	0.9820034093042626	0.9297764862720107	0.615494880937262	-0.9297764862661556
2.07	0.9910863964519948	0.9048270529098931	0.6057703549458975	-0.9048270529031208
2.08	0.9969819439013956	0.8763066805460475	0.5956898471916816	-0.8763066805383851
2.09	0.99975130518379	0.8443279260605788	0.5852919864752282	-0.8443279260520563
2.1	0.9983532411248374	0.8090169949876893	1.5636326114723444	-0.8090169949782735
2.11	0.9884481942001869	0.770513243440221	1.533938317327428	-0.7705132434300102
2.12	0.9702071145798833	0.7289686281349025	1.503710937719402	-0.7289686281240145
2.13	0.9443769654269563	0.6845471066884978	1.47306210663848	-0.6845471066769862
2.14	0.9117266895505672	0.6374239905518205	1.4421025021374354	-0.6374239905394776
2.15	0.8730279532259566	0.5877852531356661	1.4109409188933593	-0.5877852531227983
2.16	0.8290384537201911	0.5358267958590135	1.379683415550263	-0.53582679584568
2.17	0.780487799147115	0.48175367501508465	1.3484325457212694	-0.48175367500104704
2.18	0.7280658366583775	0.42577929250798574	1.3172866792845002	-0.425779292493697
2.19	0.6724131935245607	0.3681245536537198	1.286339418362241	-0.3681245536389314
2.2	0.6141137064997685	0.30901699536608385	1.2556791101964542	-0.3090169953510651
2.21	0.5536883546751385	0.24868988817439105	1.2253884570782898	-0.24868988815898538
2.22	0.491590303796389	0.1873813156094575	1.1955442216018144	-0.18738131559383386
2.23	0.4282007831983747	0.12533323459830426	1.1662170238354639	-0.12533323458241152
2.24	0.36382591422537086	0.06279052056938672	1.137471225556598	-0.06279052055351274
2.25	0.2986956293732675	1.0421549819274694e-9	1.1093648954999984	-1.0262496052521594e-9
2.26	0.232967962015219	-0.06279051848930313	1.0819498486309573	0.06279051850517713
2.27	0.16674527534018446	-0.12533323253031692	1.055271751765891	0.12533323254620965
2.28	0.10011072355734127	-0.18738131356206641	1.0293702874209882	0.18738131357780174
2.29	0.033185428269758586	-0.24868988615567364	1.004279367552155	0.24868988617096918
2.3	-0.03381544936137188	-0.30901699338389543	0.9800273888359523	0.30901699339902233
2.31	-0.10056512460910913	-0.36812455171588315	0.9566375213091284	0.3681245517306716
2.32	-0.16665947103789008	-0.4257792906221486	0.93412802250317	0.4257792906365402
2.33	-0.23167494885381387	-0.48175367318868956	0.9125125696518018	0.48175367320252793
2.34	-0.29521518551081144	-0.5358267940992684	0.8918006030896937	0.5358267941126017
2.35	-0.35693426869602035	-0.5877852514494238	0.8719976745663478	0.5877852514623836
2.36	-0.41654234546298635	-0.6374239889458321	0.8531057948520496	0.6374239889580874
2.37	-0.4738022056570653	-0.684547105169184	0.8351237756862421	0.6845471051807785
2.38	-0.5285225938876118	-0.728968626708172	0.8180475617939368	0.7289686267190599
2.39	-0.5805510250343842	-0.7705132421117044	0.8018705493585047	0.7705132421217703
2.4	-0.6297671785490636	-0.8090169937625626	0.7865838879736793	0.8090169937719116
2.41	-0.6760771739186974	-0.8443279249437498	0.7721767636939502	0.8443279249522723
2.42	-0.7194087289680006	-0.8763066795419784	0.7586366613551514	0.8763066795496408
2.43	-0.7597071065194807	-0.904827052022437	0.745949604839141	0.9048270520292092
2.44	-0.7969317378169758	-0.929776485504725	0.7341003744059459	0.9297764855105802
2.45	-0.8310534205161858	-0.9510565159732352	0.723072700614784	0.9510565159781501
2.46	-0.8620520047698536	-0.9685831608695239	0.712849434701527	0.9685831608734794
2.47	-0.8899144961001743	-0.9822872505334748	0.7034126955773667	0.9822872505364552
2.48	-0.9146335164314434	-0.9921147011839166	0.6947439938673009	0.9921147011859102
2.49	-0.9362060748225636	-0.9980267283628603	0.6868243336190263	0.9980267283638591
2.5	-0.9546326074737312	-1.0	0.6796342924910908	1.0
2.51	-0.9699162529627304	-0.9980267284936788	0.6731540813770159	0.9980267284926801
2.52	-0.9820623338013933	-0.9921147014450373	0.6673635845454392	0.9921147014430439
2.53	-0.9910780195780458	-0.982287250923867	0.662242381481225	0.9822872509208868
2.54	-0.9969721503767428	-0.9685831613876754	0.6577697517030243	0.9685831613837199
2.55	-0.9997552019998871	-0.9510565166170446	0.6539246639138089	0.9510565166121295
2.56	-0.999439376847581	-0.92977648627168	0.650685750917207	0.9297764862658248
2.57	-0.996038806211903	-0.9048270529095588	0.6480312718067675	0.9048270529027866
2.58	-0.9895698512652618	-0.8763066805456694	0.6459390630106691	0.8763066805379521
2.59	-0.9800514911965627	-0.8443279260600973	0.6443864798534148	0.8443279260515748
2.6	-0.9675057878030437	-0.8090169949872279	0.6433503303790454	0.8090169949778789
2.61	-0.9519584164007701	-0.7705132434397206	0.6428068032686787	0.7705132434295822
2.62	-0.9334392531910487	-0.7289686281343651	0.6427313917775002	0.7289686281234772
2.63	-0.9119830092343677	-0.6845471066879255	0.6430988157115384	0.684547106676331
2.64	-0.8876299009598122	-0.6374239905512156	0.6438829435601782	0.6374239905389604
2.65	-0.8604263467015701	-0.5877852531350309	0.6450567169929193	0.5877852531221632
2.66	-0.830425678130965	-0.5358267958583506	0.6465920800141924	0.5358267958449212
2.67	-0.7976888546924708	-0.4817536750142971	0.6484599151429498	0.48175367500035915
2.68	-0.7622851682851204	-0.4257792925073783	0.6506299890383267	0.4257792924929867
2.69	-0.7242929245143955	-0.3681245536529899	0.6530709100226868	0.3681245536382015
2.7	-0.6838000859400238	-0.3090169953653373	0.6557500999516653	0.3090169953502104
2.71	-0.6409048619219816	-0.2486898881736307	0.6586337828405704	0.24868988815822501
2.72	-0.5957162290000961	-0.1873813156085747	0.661686992570848	0.18738131559306276
2.73	-0.5483543653026814	-0.12533323459741263	0.6648736018622282	0.12533323458163267
2.74	-0.4989509823606568	-0.06279052056871672	0.6681563745006128	0.06279052055272925
2.75	-0.4476495379678033	-1.0412562678314128e-9	0.67149704255329	1.0254645779938244e-9
2.76	-0.39460531445137575	0.06279051849008661	0.6748564099790141	-0.06279051850596061
2.77	-0.33998534795858915	0.12533323253109574	0.6781944836495939	-0.1253332325469885
2.78	-0.28396819615139157	0.18738131356283755	0.6814706323425243	-0.18738131357857285
2.79	-0.2267435340537281	0.24868988615632387	0.6846437737447971	-0.24868988617172955
2.8	-0.16851157069187458	0.309016993384642	0.6876725889327151	-0.30901699339976896
2.81	-0.10948228255233713	0.36812455171661307	0.6905157631702563	-0.36812455173129577
2.82	-0.0498744636768803	0.4257792906228589	0.6931322512119745	-0.4257792906372505
2.83	0.01008540370515044	0.48175367318927786	0.6954815646207495	-0.4817536732032158
2.84	0.07016444987622117	0.5358267940999312	0.6975240779331849	-0.5358267941132645
2.85	0.13012487729914055	0.5877852514501509	0.6992213498468431	-0.5877852514630186
2.86	0.18972556283375705	0.6374239889464369	0.7005364549845414	-0.6374239889586922
2.87	0.24872378232205425	0.6845471051697564	0.7014343212345555	-0.6845471051813509
2.88	0.30687703403288646	0.7289686267087093	0.7018820671940278	-0.7289686267195974
2.89	0.3639449346570937	0.7705132421121322	0.7018493338774403	-0.7705132421222707
2.9	0.41969115927594103	0.809016993763024	0.7013086046124498	-0.809016993772373
2.91	0.4738853950837443	0.8443279249441704	0.7002355069480134	-0.8443279249526929
2.92	0.5263052775140101	0.8763066795423565	0.6986090904571933	-0.8763066795499642
2.93	0.5767382768786562	0.9048270520227712	0.6964120745371993	-0.9048270520295435
2.94	0.6249835035864812	0.9297764855050559	0.6936310606943173	-0.9297764855108692
2.95	0.6708534005098535	0.9510565159734425	0.690256704347973	-0.9510565159783927
2.96	0.7141752921492449	0.9685831608697191	0.6862838418866084	-0.9685831608737029
2.97	0.7547927619559835	0.9822872505336219	0.6817115695422932	-0.9822872505366235
2.98	0.7925668316098006	0.9921147011840151	0.6765432716003865	-0.9921147011860085
2.99	0.8273769192955991	0.9980267283629096	0.6707865964978296	-0.9980267283639084
3.0	0.8591215581103935	1.0	0.6644533804594095	-1.0
3.01	0.8877188606652752	0.9980267284936295	0.6575595194419204	-0.9980267284926309
3.02	0.913106721641786	0.992114701444939	0.6501247912666659	-0.9921147014429454
3.03	0.9352427563369629	0.9822872509237199	0.642172630887315	-0.9822872509207609
3.04	0.9541039798517202	0.9685831613874519	0.6337298627288535	-0.9685831613835247
3.05	0.9696862382407614	0.951056516616802	0.6248263949136345	-0.951056516611887
3.06	0.9820034093044947	0.9297764862714328	0.615494880936995	-0.9297764862655358
3.07	0.9910863964521737	0.9048270529092245	0.6057703549456208	-0.904827052902404
3.08	0.996981943901491	0.8763066805452913	0.5956898471913966	-0.8763066805376287
3.09	0.9997513051838173	0.8443279260596767	0.5852919864749355	-0.8443279260511541
3.1	0.9983532411247147	0.8090169949866995	1.5636326114716217	-0.8090169949773507
3.11	0.9884481941998629	0.7705132434391477	1.5339383173266894	-0.7705132434290093
3.12	0.9702071145793651	0.72896862813375	1.50371093771865	-0.7289686281229397
3.13	0.9443769654263278	0.6845471066872704	1.4730621066377174	-0.6845471066757587
3.14	0.9117266895497355	0.6374239905505231	1.4421025021366662	-0.6374239905382678
3.15	0.8730279532250246	0.5877852531343039	1.4109409188925857	-0.5877852531215282
3.16	0.829038453719186	0.5358267958575919	1.3796834155494873	-0.5358267958441625
3.17	0.7804877991459913	0.4817536750135096	1.3484325457204944	-0.4817536749996712
3.18	0.7280658366571454	0.425779292506668	1.3172866792837283	-0.4257792924921735
3.19	0.6724131935233145	0.36812455365215435	1.2863394183614747	-0.3681245536374716
3.2	0.6141137064984397	0.30901699536459065	1.2556791101956957	-0.30901699534946375
3.21	0.5536883546737364	0.2486898881727602	1.2253884570775415	-0.24868988815735452
3.22	0.49159030379492274	0.18738131560791527	1.1955442216010777	-0.18738131559217994
3.23	0.42820078319695587	0.12533323459652101	1.1662170238347405	-0.12533323458085383
3.24	0.3638259142239084	0.06279052056781977	1.1374712255558896	-0.06279052055194578
3.25	0.29869562937166066	1.0404712405730777e-9	1.1093648954993067	-1.0245658638977678e-9
3.26	0.23296796201369213	-0.06279051849098355	1.081949848630284	0.06279051850685755
3.27	0.16674527533874847	-0.12533323253210016	1.0552717517652361	0.12533323254788012
3.28	0.10011072355589222	-0.18738131356372034	1.029370287420353	0.18738131357934398
3.29	0.03318542826830302	-0.24868988615719437	1.0042793675515405	0.24868988617260004
3.3	-0.03381544936294104	-0.3090169933853886	0.9800273888353593	0.30901699340062366
3.31	-0.10056512461078433	-0.36812455171734293	0.9566375213085575	0.36812455173223707
3.32	-0.16665947103943818	-0.4257792906236721	0.9341280225026215	0.4257792906380637
3.33	-0.2316749488553412	-0.4817536731900654	0.9125125696512763	0.48175367320400336
3.34	-0.2952151855122029	-0.53582679410069	0.8918006030891908	0.5358267941140233
3.35	-0.356934268697487	-0.5877852514507861	0.8719976745658682	0.5877852514636538
3.36	-0.41654234546431035	-0.6374239889471294	0.853105794851593	0.6374239889593847
3.37	-0.47380220565834785	-0.6845471051703286	0.8351237756858085	0.684547105182006
3.38	-0.5285225938889446	-0.7289686267093246	0.8180475617935262	0.7289686267201347
3.39	-0.58055102503557	-0.7705132421127051	0.8018705493581167	0.7705132421228436
3.4	-0.6297671785502832	-0.8090169937634855	0.786583887973314	0.8090169937729013
3.41	-0.6760771739198542	-0.844327924944591	0.7721767636936072	0.8443279249531135
3.42	-0.7194087289690121	-0.8763066795427348	0.7586366613548302	0.8763066795503972
3.43	-0.7597071065203538	-0.9048270520231055	0.7459496048388414	0.9048270520299261
3.44	-0.7969317378179241	-0.929776485505303	0.7341003744056678	0.9297764855112001
3.45	-0.8310534205169327	-0.9510565159737203	0.7230727006145267	0.9510565159786353
3.46	-0.862052004770534	-0.9685831608699426	0.71284943470129	0.9685831608738981
3.47	-0.8899144961008385	-0.982287250533769	0.7034126955771498	0.9822872505367493
3.48	-0.9146335164319862	-0.9921147011841135	0.6947439938671037	0.9921147011861069
3.49	-0.9362060748230355	-0.998026728362966	0.6868243336188481	0.9980267283639577
3.5	-0.9546326074741311	-1.0	0.6796342924909309	1.0
3.51	-0.9699162529630573	-0.9980267284935731	0.6731540813768743	0.9980267284925743
3.52	-0.9820623338016465	-0.9921147014448406	0.6673635845453151	0.9921147014428329
3.53	-0.9910780195782247	-0.9822872509235728	0.6622423814811178	0.9822872509205925
3.54	-0.9969721503768473	-0.9685831613872568	0.6577697517029336	0.9685831613833012
3.55	-0.9997552019999169	-0.9510565166165242	0.6539246639137343	0.9510565166116093
3.56	-0.999439376847536	-0.929776486271102	0.6506857509171476	0.9297764862652468
3.57	-0.9960388062117936	-0.9048270529088419	0.6480312718067229	0.9048270529020697
3.58	-0.9895698512650684	-0.8763066805448583	0.6459390630106392	0.8763066805372506
3.59	-0.9800514911962732	-0.844327926059256	0.6443864798533987	0.8443279260507335
3.6	-0.9675057878026467	-0.8090169949862381	0.6433503303790425	0.8090169949768224
3.61	-0.9519584164003241	-0.7705132434386474	0.6428068032686882	0.7705132434285089
3.62	-0.9334392531905262	-0.7289686281332125	0.642731391777522	0.7289686281223245
3.63	-0.9119830092337703	-0.684547106686781	0.6430988157115712	0.6845471066751037
3.64	-0.8876299009591414	-0.6374239905499183	0.6438829435602216	0.637423990537663
3.65	-0.8604263467007701	-0.5877852531337607	0.6450567169929726	0.587785253120893
3.66	-0.8304256781300903	-0.535826795857025	0.646592080014255	0.5358267958435956
3.67	-0.7976888546914553	-0.48175367501292127	0.6484599151430206	0.48175367499888366
3.68	-0.7622851682840307	-0.4257792925059577	0.6506299890384051	0.4257792924914632
3.69	-0.7242929245132346	-0.36812455365142444	0.6530709100227717	0.368124553636636
3.7	-0.6838000859387953	-0.30901699536373595	0.6557500999517559	0.3090169953487171
3.71	-0.6409048619207763	-0.24868988817199983	0.6586337828406661	0.24868988815659415
3.72	-0.5957162289988351	-0.18738131560703247	0.6616869925709477	0.18738131559140883
3.73	-0.5483543653013685	-0.12533323459574217	0.6648736018623312	0.1253332345799622
3.74	-0.49895098235929614	-0.0627905205670363	0.6681563745007179	0.06279052055104883
3.75	-0.4476495379663994	-1.0396862133147427e-9	0.6714970425533963	1.0237808366394327e-9
3.76	-0.39460531444982866	0.06279051849165357	0.6748564099791203	-0.06279051850764102
3.77	-0.3399853479570057	0.1253332325327662	0.6781944836496989	-0.12533323254865897
3.78	-0.28396819614977714	0.18738131356449145	0.6814706323426271	-0.1873813135801151
3.79	-0.22674353405219894	0.24868988615795473	0.6846437737448969	-0.24868988617325027
3.8	-0.16851157069032696	0.30901699338624333	0.687672588932811	-0.30901699340126215
3.81	-0.10948228255066351	0.36812455171807285	0.6905157631703469	-0.368124551732967
3.82	-0.049874463675198655	0.4257792906243824	0.6931322512120585	-0.425779290638774
3.83	0.010085403706947776	0.4817536731906537	0.695481564620826	-0.4817536732046913
3.84	0.07016444987790076	0.5358267941012568	0.6975240779332531	-0.5358267941147821
3.85	0.13012487730081	0.5877852514514211	0.6992213498469019	-0.5877852514642888
3.86	0.1897255628354102	0.6374239889477343	0.7005364549845897	-0.6374239889599896
3.87	0.24872378232368508	0.6845471051709837	0.7014343212345925	-0.6845471051825782
3.88	0.30687703403459715	0.7289686267097841	0.7018820671940523	-0.7289686267207499
3.89	0.36394493465866196	0.7705132421132055	0.7018493338774519	-0.7705132421233439
3.9	0.4196911592774693	0.8090169937639469	0.7013086046124477	-0.8090169937733627
3.91	0.473885395085227	0.8443279249450116	0.7002355069479971	-0.8443279249535951
3.92	0.5263052775154419	0.8763066795431678	0.6986090904571621	-0.8763066795507755
3.93	0.5767382768800317	0.9048270520234881	0.696412074537153	-0.904827052030212
3.94	0.6249835035878843	0.9297764855056339	0.6936310606942556	-0.9297764855114891
3.95	0.6708534005111022	0.9510565159739629	0.6902567043478958	-0.951056515978913
3.96	0.7141752921504234	0.9685831608701378	0.6862838418865154	-0.9685831608740934
3.97	0.7547927619571626	0.9822872505339161	0.6817115695421846	-0.9822872505369177
3.98	0.7925668316108273	0.9921147011842261	0.6765432716002626	-0.9921147011862054
3.99	0.8273769192965448	0.9980267283630082	0.67078659649769	-0.9980267283640141
4.0	0.8591215581112551	1.0	0.664453380459255	-1.0
4.01	0.8877188606659979	0.9980267284935238	0.6575595194417517	-0.9980267284925323
4.02	0.9131067216424724	0.9921147014447422	0.6501247912664831	-0.9921147014427345
4.03	0.9352427563375187	0.9822872509234257	0.6421726308871191	-0.9822872509204241
4.04	0.9541039798521905	0.9685831613870615	0.6337298627286447	-0.968583161383106
4.05	0.9696862382411173	0.9510565166163168	0.6248263949134139	-0.9510565166113667
4.06	0.9820034093048342	0.929776486270813	0.6154948809367634	-0.9297764862649578
4.07	0.9910863964523828	0.9048270529085076	0.6057703549453792	-0.9048270529016871
4.08	0.9969819439016129	0.87630668054448	0.5956898471911461	-0.8763066805368176
4.09	0.9997513051838524	0.8443279260588353	0.5852919864746772	-0.8443279260503128
4.1	0.9983532411245595	0.8090169949857767	1.5636326114708294	-0.8090169949764278
4.11	0.9884481941994698	0.7705132434382195	1.5339383173258843	-0.7705132434280085
4.12	0.9702071145787093	0.728968628132753	1.5037109377178348	-0.7289686281218649
4.13	0.944376965425475	0.6845471066862088	1.4730621066368959	-0.6845471066746143
4.14	0.9117266895487636	0.6374239905493134	1.4421025021358398	-0.6374239905371457
4.15	0.8730279532238154	0.5877852531331257	1.410940918891757	-0.587785253120258
4.16	0.8290384537177995	0.5358267958563622	1.3796834155486597	-0.5358267958429328
4.17	0.7804877991445123	0.4817536750122333	1.3484325457196693	-0.481753674998395
4.18	0.7280658366556795	0.4257792925052474	1.3172866792829085	-0.42577929249075286
4.19	0.6724131935217317	0.3681245536508002	1.286339418360662	-0.36812455363601176
4.2	0.6141137064967519	0.30901699536309746	1.2556791101948925	-0.30901699534797056
4.21	0.5536883546720504	0.24868988817123946	1.2253884570767501	-0.2486898881558338
4.22	0.4915903037932585	0.18738131560637303	1.1955442216003	-0.1873813155906377
4.23	0.4282007831951261	0.12533323459507612	1.1662170238339777	-0.12533323457929615
4.24	0.3638259142221283	0.06279052056625281	1.1374712255551438	-0.06279052055049228
4.25	0.29869562936994526	1.0389011860564077e-9	1.109364895498578	-1.0229958093810977e-9
4.26	0.23296796201183362	-0.06279051849243705	1.0819498486295738	0.0627905185084245
4.27	0.16674527533686412	-0.12533323253354506	1.0552717517645462	0.12533323254932502
4.28	0.10011072355410382	-0.18738131356526258	1.029370287419684	0.18738131358088622
4.29	0.03318542826639296	-0.24868988615860496	1.0042793675508928	0.24868988617412077
4.3	-0.03381544936473744	-0.30901699338698996	0.9800273888347335	0.30901699340211686
4.31	-0.10056512461245955	-0.36812455171880276	0.9566375213079541	0.3681245517335912
4.32	-0.16665947104109838	-0.4257792906249898	0.934128022502041	0.42577929063948433
4.33	-0.23167494885708972	-0.48175367319144125	0.9125125696507186	0.48175367320537926
4.34	-0.29521518551392023	-0.5358267941019196	0.8918006030886567	0.535826794115349
4.35	-0.3569342686990598	-0.5877852514519643	0.8719976745653573	0.587785251464924
4.36	-0.41654234546594443	-0.6374239889483392	0.8531057948511054	0.6374239889605945
4.37	-0.4738022056598306	-0.6845471051714731	0.8351237756853439	0.6845471051830676
4.38	-0.528522593890374	-0.7289686267103215	0.8180475617930847	0.7289686267212095
4.39	-0.580551025036941	-0.7705132421137059	0.801870549357698	0.7705132421237719
4.4	-0.6297671785515028	-0.8090169937644751	0.7865838879729176	0.8090169937737572
4.41	-0.6760771739209273	-0.8443279249454323	0.7721767636932327	0.8443279249539548
4.42	-0.7194087289701816	-0.8763066795434912	0.7586366613544778	0.8763066795511536
4.43	-0.7597071065214487	-0.9048270520238224	0.7459496048385101	0.9048270520305945
4.44	-0.796931737818804	-0.9297764855059228	0.7341003744053575	0.929776485511778
4.45	-0.8310534205178058	-0.9510565159742055	0.7230727006142368	0.9510565159791204
4.46	-0.8620520047713298	-0.968583160870333	0.7128494347010204	0.9685831608742885
4.47	-0.8899144961015546	-0.9822872505340844	0.7034126955768996	0.9822872505370648
4.48	-0.914633516432575	-0.9921147011843102	0.6947439938668724	0.9921147011863037
4.49	-0.9362060748235473	-0.9980267283630575	0.6868243336186353	0.998026728364049
4.5	-0.9546326074745987	-1.0	0.6796342924907358	1.0
4.51	-0.9699162529634119	-0.9980267284934816	0.6731540813766963	0.998026728492483
4.52	-0.9820623338019211	-0.9921147014446438	0.6673635845451539	0.9921147014426503
4.53	-0.9910780195784188	-0.9822872509232999	0.6622423814809731	0.9822872509202983
4.54	-0.9969721503769605	-0.9685831613868663	0.6577697517028047	0.968583161382939
4.55	-0.999755201999949	-0.9510565166160743	0.6539246639136208	0.9510565166111592
4.56	-0.9994393768474872	-0.929776486270524	0.6506857509170489	0.9297764862646688
4.57	-0.9960388062116541	-0.9048270529081734	0.6480312718066381	0.9048270529014012
4.58	-0.9895698512648585	-0.8763066805441019	0.6459390630105679	0.8763066805364393
4.59	-0.9800514911960063	-0.8443279260584148	0.6443864798533403	0.8443279260498923
4.6	-0.9675057878023072	-0.8090169949853153	0.6433503303789965	0.8090169949759664
4.61	-0.951958416399913	-0.7705132434376466	0.6428068032686538	0.7705132434275082
4.62	-0.9334392531900446	-0.7289686281322155	0.6427313917774986	0.7289686281213276
4.63	-0.9119830092332661	-0.6845471066856365	0.6430988157115585	0.684547106674042
4.64	-0.887629900958523	-0.6374239905487086	0.6438829435602185	0.6374239905364533
4.65	-0.8604263467002017	-0.5877852531324905	0.6450567169929785	0.5877852531196228
4.66	-0.8304256781293423	-0.5358267958556994	0.6465920800142693	0.53582679584227
4.67	-0.7976888546907142	-0.4817536750115454	0.6484599151430425	0.48175367499760746
4.68	-0.7622851682832352	-0.4257792925044342	0.6506299890384338	0.4257792924900426
4.69	-0.7242929245123871	-0.36812455365007035	0.6530709100228066	0.3681245536352819
4.7	-0.6838000859378156	-0.30901699536235083	0.6557500999517962	0.30901699534722393
4.71	-0.6409048619197457	-0.2486898881704791	0.658633782840711	0.24868988815507342
4.72	-0.595716228997848	-0.18738131560549023	0.6616869925709962	0.18738131558997825
4.73	-0.5483543653002456	-0.1253332345942973	0.6648736018623821	0.12533323457840453
4.74	-0.49895098235813257	-0.06279052056546934	0.6681563745007704	0.06279052054959534
4.75	-0.44764953796519874	-1.0381161587980726e-9	0.6714970425534496	1.0223244689604843e-9
4.76	-0.3946053144485949	0.06279051849322052	0.6748564099791735	-0.06279051850920798
4.77	-0.339985347955743	0.12533323253443668	0.6781944836497508	-0.12533323255010384
4.78	-0.2839681961485987	0.18738131356603369	0.6814706323426769	-0.18738131358154567
4.79	-0.22674353405089123	0.24868988615936533	0.6846437737449433	-0.24868988617488114
4.8	-0.1685115706890035	0.3090169933877366	0.6876725889328529	-0.30901699340275535
4.81	-0.10948228254932892	0.3681245517195326	0.6905157631703835	-0.36812455173432107
4.82	-0.04987446367397119	0.42577929062570014	0.693132251212089	-0.42577929064019465
4.83	0.010085403708176708	0.48175367319202955	0.6954815646208494	-0.48175367320606716
4.84	0.07016444987924013	0.5358267941025824	0.6975240779332683	-0.5358267941160118
4.85	0.13012487730214126	0.5877852514526913	0.699221349846908	-0.587785251465559
4.86	0.1897255628367285	0.637423988948944	0.7005364549845857	-0.6374239889611117
4.87	0.24872378232498557	0.6845471051721282	0.7014343212345777	-0.6845471051836399
4.88	0.3068770340358751	0.7289686267108589	0.701882067194026	-0.7289686267217469
4.89	0.36394493465991257	0.7705132421141339	0.7018493338774134	-0.7705132421243448
4.9	0.41969115927868805	0.8090169937649366	0.7013086046123966	-0.8090169937742188
4.91	0.4738853950864093	0.844327924945853	0.7002355069479329	-0.8443279249544364
4.92	0.5263052775165835	0.8763066795438146	0.698609090457084	-0.8763066795515317
4.93	0.5767382768811286	0.9048270520241567	0.6964120745370607	-0.9048270520309288
4.94	0.6249835035888438	0.92977648550617	0.693631060694149	-0.929776485512067
4.95	0.6708534005120979	0.9510565159744481	0.6902567043477744	-0.951056515979363
4.96	0.7141752921514428	0.9685831608705283	0.6862838418863797	-0.9685831608744838
4.97	0.7547927619580433	0.9822872505342315	0.6817115695420344	-0.9822872505371906
4.98	0.7925668316116461	0.9921147011844087	0.6765432716000981	-0.9921147011864021
4.99	0.827376919297299	0.9980267283631068	0.6707865964975114	-0.9980267283641056
5.0	0.8591215581119424	1.0	0.6644533804590627	-1.0
5.01	0.8877188606666161	0.9980267284934323	0.6575595194415461	-0.9980267284924265
5.02	0.9131067216430199	0.9921147014445454	0.6501247912662649	-0.992114701442552
5.03	0.9352427563379538	0.9822872509231316	0.6421726308868889	-0.9822872509201725
5.04	0.9541039798525925	0.9685831613866993	0.6337298627284033	-0.9685831613827155
5.05	0.9696862382414454	0.9510565166157965	0.6248263949131619	-0.9510565166109166
5.06	0.9820034093050448	0.929776486270235	0.6154948809365018	-0.9297764862643798
5.07	0.9910863964525466	0.9048270529078876	0.6057703549451089	-0.9048270529010669
5.08	0.9969819439017171	0.8763066805437237	0.5956898471908679	-0.8763066805361159
5.09	0.9997513051838798	0.8443279260579941	0.5852919864743921	-0.8443279260494716
5.1	0.9983532411244302	0.8090169949848539	1.5636326114700883	-0.8090169949755049
5.11	0.9884481941991284	0.7705132434371462	1.5339383173251273	-0.7705132434270077
5.12	0.9702071145781913	0.7289686281316782	1.5037109377170657	-0.7289686281207124
5.13	0.9443769654247717	0.6845471066849813	1.473062106636116	-0.6845471066734697
5.14	0.911726689547885	0.6374239905481036	1.4421025021350533	-0.6374239905358483
5.15	0.873027953222828	0.5877852531317634	1.4109409188909665	-0.5877852531189878
5.16	0.8290384537166672	0.5358267958550366	1.3796834155478679	-0.5358267958416072
5.17	0.7804877991433175	0.4817536750107579	1.348432545718879	-0.4817536749969195
5.18	0.7280658366543694	0.42577929250382673	1.3172866792821218	-0.4257792924893323
5.19	0.6724131935204012	0.36812455364934044	1.2863394183598815	-0.3681245536344463
5.2	0.6141137064953334	0.30901699536160426	1.2556791101941205	-0.3090169953463692
5.21	0.5536883546705536	0.24868988816971874	1.2253884570759879	-0.24868988815431306
5.22	0.49159030379159424	0.1873813156047191	1.1955442215995495	-0.18738131558920712
5.23	0.42820078319370725	0.12533323459351844	1.1662170238332412	-0.12533323457762569
5.24	0.36382591422055993	0.06279052056468586	1.1374712255544224	-0.06279052054881186
5.25	0.2986956293683384	1.0373311315397376e-9	1.109364895497874	-1.0214257548644279e-9
5.26	0.23296796201030676	-0.06279051849400401	1.0819498486288879	0.06279051850999146
5.27	0.16674527533520395	-0.12533323253521553	1.0552717517638792	0.1253332325508827
5.28	0.10011072355242853	-0.18738131356680482	1.0293702874190374	0.18738131358242846
5.29	0.033185428264710146	-0.24868988616023582	1.004279367550267	0.2486898861756415
5.3	-0.03381544936642022	-0.30901699338848315	0.9800273888341297	0.30901699340350197
5.31	-0.10056512461413475	-0.36812455172026254	0.9566375213073723	0.368124551735051
5.32	-0.16665947104275855	-0.4257792906266162	0.9341280225014819	0.425779290640905
5.33	-0.23167494885861709	-0.4817536731927175	0.9125125696501825	0.4817536732067551
5.34	-0.2952151855154203	-0.5358267941032453	0.8918006030881436	0.5358267941166746
5.35	-0.35693426870052647	-0.5877852514533265	0.8719976745648674	0.5877852514661942
5.36	-0.4165423454672684	-0.6374239889495489	0.853105794850639	0.6374239889618042
5.37	-0.4738022056612132	-0.6845471051727006	0.8351237756849005	0.6845471051842121
5.38	-0.5285225938916104	-0.7289686267114741	0.8180475617926644	0.7289686267223621
5.39	-0.5805510250381267	-0.7705132421147067	0.8018705493573004	0.7705132421248452
5.4	-0.6297671785526341	-0.809016993765398	0.7865838879725426	0.8090169937746802
5.41	-0.6760771739220842	-0.8443279249463345	0.7721767636928801	0.844327924954857
5.42	-0.7194087289711932	-0.8763066795442476	0.758636661354147	0.87630667955191
5.43	-0.7597071065222478	-0.9048270520244425	0.7459496048382009	0.9048270520312631
5.44	-0.7969317378196837	-0.9297764855065008	0.7341003744050694	0.929776485512356
5.45	-0.8310534205185527	-0.9510565159746907	0.7230727006139694	0.9510565159796056
5.46	-0.8620520047720103	-0.9685831608707235	0.7128494347007732	0.968583160874679
5.47	-0.8899144961021671	-0.9822872505343786	0.7034126955766723	0.982287250537359
5.48	-0.9146335164331179	-0.9921147011845213	0.6947439938666646	0.9921147011865148
5.49	-0.9362060748240592	-0.9980267283631632	0.6868243336184464	0.998026728364162
5.5	-0.9546326074749985	-1.0	0.6796342924905654	1.0
5.51	-0.9699162529637387	-0.9980267284933759	0.6731540813765438	0.9980267284923772
5.52	-0.9820623338021743	-0.992114701444447	0.6673635845450188	0.9921147014424535
5.53	-0.9910780195785978	-0.9822872509229845	0.6622423814808549	0.9822872509200041
5.54	-0.9969721503770649	-0.9685831613864758	0.6577697517027026	0.9685831613825203
5.55	-0.9997552019999788	-0.9510565166155539	0.6539246639135342	0.951056516610639
5.56	-0.9994393768474423	-0.929776486269946	0.6506857509169778	0.929776486264049
5.57	-0.9960388062115448	-0.9048270529075049	0.6480312718065817	0.9048270529006843
5.58	-0.9895698512646816	-0.8763066805433455	0.6459390630105255	0.8763066805356831
5.59	-0.9800514911957621	-0.8443279260575126	0.644386479853311	0.84432792604899
5.6	-0.9675057878019965	-0.8090169949843925	0.6433503303789802	0.8090169949749767
5.61	-0.9519584163995017	-0.7705132434367182	0.6428068032686499	0.7705132434265798
5.62	-0.9334392531896037	-0.7289686281311408	0.6427313917775064	0.7289686281202529
5.63	-0.9119830092326687	-0.6845471066844919	0.643098815711577	0.6845471066728974
5.64	-0.8876299009579046	-0.6374239905474988	0.6438829435602476	0.6374239905352435
5.65	-0.8604263466994596	-0.5877852531311284	0.6450567169930171	0.5877852531182607
5.66	-0.8304256781285942	-0.5358267958542777	0.6465920800143169	0.5358267958409444
5.67	-0.7976888546898359	-0.4817536750101696	0.6484599151430981	0.48175367499623156
5.68	-0.7622851682822925	-0.42577929250301355	0.6506299890384966	0.42577929248862195
5.69	-0.7242929245114614	-0.3681245536485048	0.6530709100228759	0.36812455363382207
5.7	-0.6838000859367529	-0.30901699536085764	0.6557500999518711	0.3090169953456226
5.71	-0.6409048619186277	-0.24868988816895837	0.6586337828407905	0.2486898881535527
5.72	-0.5957162289965869	-0.187381315603948	0.6616869925710795	0.18738131558832433
5.73	-0.5483543652990278	-0.12533323459273962	0.6648736018624685	0.12533323457695966
5.74	-0.4989509823568704	-0.06279052056390239	0.6681563745008589	0.06279052054791492
5.75	-0.4476495379637948	-1.0365461042814028e-9	0.6714970425535388	1.0206407276060928e-9
5.76	-0.3946053144471523	0.06279051849490094	0.6748564099792627	-0.06279051851077494
5.77	-0.33998534795437335	0.12533323253588155	0.6781944836498389	-0.1253332325516615
5.78	-0.2839681961470933	0.18738131356757595	0.6814706323427627	-0.1873813135831996
5.79	-0.22674353404936207	0.24868988616088605	0.684643773745026	-0.24868988617629173
5.8	-0.1685115706874559	0.3090169933892298	0.6876725889329316	-0.3090169934043567
5.81	-0.10948228254776829	0.36812455172099245	0.6905157631704569	-0.3681245517357809
5.82	-0.04987446367240309	0.4257792906273265	0.6931322512121563	-0.42577929064161524
5.83	0.010085403709746681	0.48175367319350504	0.695481564620909	-0.4817536732073434
5.84	0.07016444988080632	0.5358267941039081	0.6975240779333197	-0.5358267941174334
5.85	0.13012487730369796	0.5877852514539615	0.6992213498469501	-0.5877852514668293
5.86	0.18972556283827002	0.6374239889501538	0.7005364549846177	-0.6374239889623214
5.87	0.24872378232650627	0.68454710517319	0.7014343212345988	-0.6845471051847845
5.88	0.3068770340373694	0.7289686267119337	0.701882067194035	-0.7289686267228994
5.89	0.36394493466137495	0.7705132421152071	0.7018493338774101	-0.7705132421253456
5.9	0.41969115928011314	0.8090169937658594	0.7013086046123798	-0.8090169937752084
5.91	0.47388539508779187	0.8443279249467551	0.7002355069479018	-0.8443279249552167
5.92	0.5263052775179186	0.8763066795446804	0.6986090904570388	-0.8763066795522881
5.93	0.5767382768824112	0.9048270520248252	0.696412074537001	-0.9048270520315973
5.94	0.6249835035901581	0.9297764855067898	0.693631060694074	-0.929776485512645
5.95	0.6708534005131779	0.9510565159749332	0.6902567043476844	-0.9510565159798482
5.96	0.7141752921525418	0.968583160870947	0.686283841886274	-0.9685831608748743
5.97	0.7547927619589987	0.9822872505345257	0.6817115695419133	-0.9822872505374848
5.98	0.7925668316125342	0.9921147011846054	0.6765432715999615	-0.9921147011866132
5.99	0.8273769192981807	0.9980267283632054	0.6707865964973599	-0.9980267283642112
6.0	0.8591215581126876	1.0	0.6644533804588966	-1.0
6.01	0.8877188606672866	0.9980267284933266	0.6575595194413659	-0.9980267284923279
6.02	0.9131067216436136	0.9921147014443487	0.6501247912660709	-0.9921147014423409
6.03	0.9352427563385096	0.9822872509228374	0.642172630886682	-0.9822872509198357
6.04	0.9541039798530287	0.9685831613862805	0.6337298627281843	-0.968583161382325
6.05	0.9696862382418012	0.9510565166153113	0.6248263949129317	-0.9510565166103964
6.06	0.9820034093053198	0.9297764862696152	0.6154948809362613	-0.9297764862638018
6.07	0.9910863964527405	0.9048270529071707	0.6057703549448589	-0.9048270529003984
6.08	0.9969819439018301	0.8763066805429673	0.5956898471906092	-0.8763066805353048
6.09	0.9997513051839122	0.8443279260571529	0.5852919864741257	-0.8443279260485694
6.1	0.9983532411242945	0.809016994983931	1.5636326114693906	-0.8090169949745153
6.11	0.9884481941988044	0.7705132434361454	1.5339383173244137	-0.7705132434260069
6.12	0.9702071145777007	0.7289686281305255	1.5037109377163385	-0.7289686281196376
6.13	0.9443769654240685	0.6845471066838368	1.4730621066353786	-0.6845471066722423
6.14	0.9117266895470533	0.6374239905468939	1.442102502134308	-0.637423990534551
6.15	0.873027953221896	0.5877852531304932	1.410940918890216	-0.5877852531175336
6.16	0.8290384537155986	0.5358267958535189	1.3796834155471147	-0.5358267958401856
6.17	0.7804877991421226	0.48175367500938204	1.3484325457181265	-0.481753674995444
6.18	0.7280658366530594	0.42577929250230323	1.317286679281372	-0.42577929248791163
6.19	0.6724131935189867	0.3681245536477749	1.286339418359137	-0.36812455363298646
6.2	0.6141137064939147	0.30901699536000293	1.255679110193383	-0.309016995344876
6.21	0.5536883546690569	0.2486898881680879	1.2253884570752598	-0.24868988815268223
6.22	0.491590303790128	0.1873813156030652	1.1955442215988334	-0.18738131558744153
6.23	0.4282007831921857	0.12533323459184798	1.1662170238325378	-0.12533323457606801
6.24	0.36382591421909743	0.06279052056300544	1.1374712255537334	-0.06279052054713145
6.25	0.2986956293667315	1.0357610770230678e-9	1.1093648954972015	-1.0197420135100362e-9
6.26	0.23296796200866934	-0.06279051849568443	1.0819498486282328	0.06279051851167188
6.27	0.16674527533365588	-0.1253332325367732	1.0552717517632426	0.12533323255255316
6.28	0.10011072355086637	-0.18738131356845875	1.02937028741842	0.1873813135840824
6.29	0.033185428263140956	-0.24868988616186666	1.0042793675496708	0.24868988617716223
6.3	-0.03381544936798937	-0.3090169933899764	0.9800273888335542	0.3090169934051033
6.31	-0.10056512461592307	-0.36812455172182806	0.9566375213068188	0.3681245517366165
6.32	-0.16665947104441875	-0.4257792906280368	0.9341280225009503	0.4257792906424284
6.33	-0.231674948860255	-0.48175367319419293	0.9125125696496732	0.48175367320813095
6.34	-0.295215185517029	-0.5358267941046668	0.8918006030876571	0.5358267941180962
6.35	-0.35693426870209927	-0.5877852514545967	0.8719976745644036	0.5877852514675563
6.36	-0.41654234546879915	-0.6374239889508463	0.8531057948501977	0.6374239889631016
6.37	-0.473802205662696	-0.684547105173845	0.835123775684482	0.6845471051854396
6.38	-0.5285225938930397	-0.7289686267125489	0.8180475617922686	0.7289686267234369
6.39	-0.5805510250394051	-0.77051324211578	0.8018705493569275	0.7705132421259184
6.4	-0.6297671785538537	-0.8090169937663877	0.7865838879721918	0.8090169937757367
6.41	-0.6760771739232411	-0.8443279249471758	0.7721767636925516	0.8443279249556983
6.42	-0.7194087289722048	-0.8763066795450587	0.7586366613538403	0.8763066795527211
6.43	-0.7597071065232688	-0.9048270520252079	0.7459496048379156	0.90482705203198
6.44	-0.7969317378204948	-0.9297764855070788	0.7341003744048051	0.929776485512934
6.45	-0.8310534205194259	-0.9510565159752109	0.7230727006137259	0.951056515980126
6.46	-0.862052004772806	-0.9685831608711423	0.71284943470055	0.9685831608750978
6.47	-0.8899144961028832	-0.9822872505346728	0.7034126955764689	0.9822872505376532
6.48	-0.9146335164337526	-0.9921147011847181	0.6947439938664802	0.9921147011867115
6.49	-0.9362060748245711	-0.9980267283632547	0.6868243336182811	0.9980267283642605
6.5	-0.9546326074754322	-1.0	0.6796342924904186	1.0
6.51	-0.9699162529640932	-0.9980267284932773	0.6731540813764149	0.9980267284922786
6.52	-0.9820623338024489	-0.992114701444236	0.6673635845449071	0.9921147014422426
6.53	-0.991078019578807	-0.982287250922669	0.6622423814807602	0.9822872509196886
6.54	-0.9969721503771781	-0.9685831613860854	0.6577697517026243	0.9685831613821015
6.55	-0.999755202000011	-0.9510565166150687	0.6539246639134718	0.9510565166101186
6.56	-0.9994393768473935	-0.9297764862693262	0.6506857509169307	0.929776486263471
6.57	-0.9960388062114052	-0.904827052906788	0.6480312718065493	0.9048270529000159
6.58	-0.9895698512644553	-0.8763066805425891	0.6459390630105072	0.8763066805348718
6.59	-0.9800514911954274	-0.8443279260566713	0.6443864798533068	0.8443279260481488
6.6	-0.9675057878015995	-0.8090169949834027	0.643350330378989	0.8090169949740539
6.61	-0.9519584163990558	-0.770513243435645	0.642806803268671	0.7705132434255065
6.62	-0.9334392531889997	-0.7289686281299104	0.6427313917775394	0.7289686281191002
6.63	-0.9119830092320246	-0.6845471066832646	0.6430988157116212	0.6845471066716701
6.64	-0.8876299009571291	-0.6374239905462015	0.6438829435603023	0.6374239905339462
6.65	-0.8604263466986016	-0.5877852531298582	0.6450567169930815	0.5877852531169905
6.66	-0.8304256781276562	-0.5358267958529521	0.6465920800143904	0.5358267958394267
6.67	-0.7976888546888891	-0.4817536750086941	0.6484599151431799	0.4817536749948557
6.68	-0.7622851682812763	-0.4257792925015929	0.6506299890385863	0.4257792924872013
6.69	-0.7242929245103005	-0.3681245536469393	0.6530709100229721	0.3681245536322566
6.7	-0.6838000859356073	-0.3090169953592563	0.6557500999519732	0.3090169953441294
6.71	-0.6409048619173353	-0.24868988816732754	0.6586337828408977	0.24868988815192186
6.72	-0.5957162289953258	-0.18738131560229407	0.6616869925711908	0.1873813155867821
6.73	-0.5483543652977149	-0.12533323459106915	0.6648736018625829	0.1253332345752892
6.74	-0.49895098235541124	-0.06279052056222197	0.6681563745009755	0.06279052054634797
6.75	-0.4476495379622892	-1.0348623629270111e-9	0.6714970425536567	1.0189569862517012e-9
6.76	-0.3946053144457096	0.0627905184964679	0.6748564099793806	-0.0627905185123419
6.77	-0.33998534795278995	0.12533323253755202	0.6781944836499558	-0.12533323255333198
6.78	-0.28396819614547886	0.18738131356922985	0.6814706323428779	-0.18738131358485352
6.79	-0.22674353404772218	0.24868988616251692	0.6846437737451383	-0.2486898861780327
6.8	-0.16851157068579622	0.3090169933908311	0.6876725889330397	-0.3090169934058499
6.81	-0.10948228254609467	0.3681245517225579	0.6905157631705598	-0.3681245517373464
6.82	-0.049874463670721444	0.42577929062874714	0.6931322512122527	-0.42577929064313874
6.83	0.010085403711430338	0.4817536731948809	0.6954815646209983	-0.48175367320881884
6.84	0.07016444988248591	0.5358267941053297	0.6975240779334003	-0.535826794118759
6.85	0.13012487730536737	0.5877852514552317	0.6992213498470212	-0.5877852514681915
6.86	0.1897255628399232	0.6374239889513635	0.7005364549846786	-0.6374239889637064
6.87	0.2487237823281371	0.6845471051745002	0.701434321234648	-0.6845471051860118
6.88	0.3068770340389719	0.7289686267130863	0.7018820671940722	-0.7289686267239742
6.89	0.36394493466294325	0.7705132421162804	0.7018493338774341	-0.7705132421264188
6.9	0.4196911592816414	0.8090169937667823	0.7013086046123905	-0.8090169937761981
6.91	0.4738853950892746	0.8443279249475965	0.7002355069478985	-0.844327924956119
6.92	0.5263052775193502	0.8763066795454368	0.698609090457021	-0.8763066795530994
6.93	0.5767382768837868	0.904827052025542	0.696412074536968	-0.9048270520322659
6.94	0.6249835035914725	0.9297764855073678	0.6936310606940256	-0.9297764855132649
6.95	0.6708534005144265	0.9510565159754535	0.6902567043476203	-0.9510565159803686
6.96	0.7141752921537204	0.9685831608713374	0.6862838418861943	-0.9685831608752647
6.97	0.7547927619601031	0.9822872505348412	0.6817115695418177	-0.9822872505378003
6.98	0.7925668316136302	0.9921147011848165	0.6765432715998505	-0.9921147011868099
6.99	0.8273769192990625	0.9980267283633111	0.6707865964972335	-0.9980267283643098
7.0	0.8591215581135493	1.0	0.6644533804587551	-1.0
7.01	0.8877188606680617	0.998026728493228	0.6575595194412098	-0.9980267284922222
7.02	0.9131067216443002	0.9921147014441376	0.6501247912659008	-0.9921147014421441
7.03	0.9352427563391057	0.9822872509225219	0.6421726308864985	-0.9822872509195628
7.04	0.9541039798534989	0.9685831613858902	0.6337298627279879	-0.9685831613819347
7.05	0.9696862382421849	0.9510565166148262	0.6248263949127236	-0.9510565166099112
7.06	0.9820034093056379	0.9297764862690372	0.615494880936042	-0.929776486263182
7.07	0.9910863964529497	0.9048270529064537	0.6057703549446292	-0.9048270528996816
7.08	0.996981943901952	0.8763066805421562	0.5956898471903703	-0.8763066805344937
7.09	0.9997513051839473	0.8443279260562506	0.5852919864738787	-0.8443279260477281
7.1	0.9983532411241327	0.8090169949829413	1.563632611468583	-0.8090169949735255
7.11	0.9884481941983768	0.7705132434350721	1.5339383173235912	-0.7705132434249337
7.12	0.9702071145770174	0.7289686281293729	1.5037109377155045	-0.728968628118485
7.13	0.9443769654232156	0.6845471066826923	1.473062106634536	-0.6845471066710149
7.14	0.911726689545988	0.6374239905455966	1.4421025021334597	-0.6374239905333413
7.15	0.8730279532206313	0.5877852531291311	1.4109409188893647	-0.5877852531163553
7.16	0.829038453714212	0.5358267958522892	1.3796834155462634	-0.5358267958387639
7.17	0.7804877991407146	0.4817536750080062	1.3484325457172774	-0.4817536749940682
7.18	0.7280658366514375	0.42577929250088264	1.317286679280528	-0.42577929248638813
7.19	0.6724131935173197	0.36812455364620944	1.2863394183583003	-0.368124553631421
7.2	0.6141137064922271	0.30901699535840155	1.2556791101925562	-0.3090169953433828
7.21	0.5536883546672761	0.24868988816656717	1.2253884570744444	-0.2486898881510514
7.22	0.4915903037882658	0.18738131560152294	1.1955442215980312	-0.18738131558601098
7.23	0.4282007831901504	0.1253332345901775	1.166217023831751	-0.12533323457451034
7.24	0.36382591421710553	0.06279052056143848	1.137471225552964	-0.06279052054556448
7.25	0.29869562936479915	1.034077335668676e-9	1.1093648954964495	-1.0181719589933661e-9
7.26	0.23296796200681083	-0.06279051849736485	1.0819498486275003	0.06279051851323883
7.27	0.16674527533177153	-0.12533323253833087	1.0552717517625307	0.12533323255411083
7.28	0.10011072354885174	-0.18738131357000098	1.0293702874177297	0.18738131358562463
7.29	0.033185428261230894	-0.24868988616338739	1.0042793675490027	0.24868988617879306
7.3	-0.03381544937001302	-0.3090169933914696	0.980027388832909	0.30901699340670463
7.31	-0.10056512461771137	-0.36812455172328784	0.9566375213061966	0.3681245517380763
7.32	-0.16665947104619105	-0.42577929062945746	0.9341280225003519	0.42577929064384906
7.33	-0.23167494886211412	-0.4817536731956684	0.9125125696490987	0.4817536732095068
7.34	-0.2952151855187463	-0.5358267941060885	0.8918006030871067	0.5358267941194219
7.35	-0.3569342687038845	-0.5877852514559588	0.8719976745638773	0.5877852514688265
7.36	-0.41654234547043323	-0.637423988952056	0.8531057948496956	0.6374239889643113
7.37	-0.4738022056642789	-0.6845471051750724	0.8351237756840043	0.684547105186667
7.38	-0.5285225938944691	-0.7289686267137016	0.8180475617918144	0.7289686267245117
7.39	-0.5805510250408686	-0.7705132421167807	0.8018705493564968	0.7705132421269192
7.4	-0.6297671785551615	-0.8090169937673105	0.7865838879717847	0.8090169937765926
7.41	-0.6760771739243979	-0.844327924948078	0.7721767636921674	0.8443279249565395
7.42	-0.7194087289733743	-0.876306679545815	0.7586366613534787	0.8763066795534775
7.43	-0.7597071065243637	-0.9048270520258763	0.7459496048375766	0.9048270520326485
7.44	-0.7969317378215118	-0.9297764855076986	0.7341003744044874	0.929776485513512
7.45	-0.8310534205203624	-0.9510565159757313	0.7230727006134295	0.9510565159806111
7.46	-0.8620520047736594	-0.9685831608715327	0.7128494347002742	0.9685831608754882
7.47	-0.8899144961035994	-0.9822872505349883	0.7034126955762133	0.9822872505379687
7.48	-0.9146335164343873	-0.9921147011849148	0.6947439938662447	0.9921147011869226
7.49	-0.9362060748251229	-0.9980267283633676	0.6868243336180647	0.9980267283643662
7.5	-0.9546326074758997	-1.0	0.679634292490221	1.0
7.51	-0.9699162529644755	-0.9980267284931787	0.6731540813762357	0.9980267284921729
7.52	-0.982062333802745	-0.9921147014440249	0.6673635845447456	0.9921147014420315
7.53	-0.991078019578986	-0.9822872509223535	0.6622423814806159	0.9822872509193731
7.54	-0.9969721503772914	-0.9685831613856666	0.6577697517024967	0.9685831613817111
7.55	-0.9997552020000432	-0.9510565166145485	0.6539246639133602	0.9510565166096334
7.56	-0.9994393768473447	-0.9297764862687063	0.6506857509168346	0.929776486262893
7.57	-0.9960388062112757	-0.9048270529060711	0.6480312718064686	0.9048270528992989
7.58	-0.9895698512642456	-0.876306680541778	0.6459390630104408	0.8763066805341155
7.59	-0.980051491195138	-0.84432792605583	0.6443864798532539	0.8443279260473074
7.6	-0.9675057878012313	-0.8090169949824131	0.6433503303789491	0.8090169949730641
7.61	-0.9519584163986098	-0.7705132434345717	0.6428068032686437	0.7705132434244333
7.62	-0.9334392531885181	-0.7289686281288356	0.6427313917775235	0.7289686281179476
7.63	-0.9119830092314272	-0.68454710668212	0.6430988157116164	0.6845471066705255
7.64	-0.8876299009565108	-0.6374239905449917	0.6438829435603077	0.6374239905327364
7.65	-0.8604263466979754	-0.5877852531284959	0.6450567169930967	0.5877852531156282
7.66	-0.8304256781269714	-0.5358267958515305	0.6465920800144145	0.5358267958381011
7.67	-0.7976888546880793	-0.48175367500731825	0.6484599151432122	0.4817536749933803
7.68	-0.7622851682804073	-0.42577929250006946	0.6506299890386258	0.4257792924856778
7.69	-0.7242929245093748	-0.3681245536454795	0.6530709100230183	0.3681245536306911
7.7	-0.6838000859346276	-0.3090169953577631	0.6557500999520252	0.30901699534263616
7.71	-0.6409048619163046	-0.2486898881658068	0.6586337828409542	0.24868988815040113
7.72	-0.5957162289941561	-0.18738131560075183	0.661686992571251	0.1873813155851282
7.73	-0.548354365296497	-0.12533323458939868	0.6648736018626459	0.12533323457361872
7.74	-0.49895098235434615	-0.062790520560655	0.6681563745010402	0.06279052054478101
7.75	-0.44764953796119017	-1.033292308410341e-9	0.6714970425537221	1.017386931735031e-9
7.76	-0.39460531444447594	0.06279051849803485	0.6748564099794458	-0.06279051851390885
7.77	-0.33998534795152724	0.1253332325392225	0.6781944836500202	-0.12533323255500245
7.78	-0.28396819614419144	0.1873813135707721	0.6814706323429398	-0.18738131358639576
7.79	-0.22674353404641445	0.24868988616414775	0.6846437737451968	-0.24868988617955343
7.8	-0.16851157068447276	0.3090169933922162	0.6876725889330935	-0.3090169934073431
7.81	-0.10948228254476007	0.36812455172401776	0.6905157631706081	-0.3681245517388062
7.82	-0.04987446366926689	0.4257792906301678	0.6931322512122945	-0.4257792906445594
7.83	0.01008540371277295	0.4817536731962567	0.6954815646210327	-0.48175367321029433
7.84	0.07016444988382528	0.5358267941067514	0.6975240779334262	-0.5358267941200847
7.85	0.13012487730669864	0.5877852514565939	0.6992213498470377	-0.5877852514694617
7.86	0.18972556284124148	0.6374239889526608	0.7005364549846845	-0.6374239889649161
7.87	0.2487237823295477	0.6845471051756447	0.7014343212346431	-0.6845471051872392
7.88	0.30687703404035793	0.7289686267141611	0.7018820671940555	-0.728968626725049
7.89	0.3639449346642997	0.7705132421172811	0.7018493338774047	-0.7705132421274196
7.9	0.4196911592829633	0.8090169937677719	0.7013086046123473	-0.809016993777054
7.91	0.47388539509055705	0.8443279249484986	0.7002355069478414	-0.8443279249570211
7.92	0.5263052775205885	0.876306679546248	0.6986090904569492	-0.8763066795538557
7.93	0.5767382768849765	0.9048270520262106	0.6964120745368814	-0.9048270520329827
7.94	0.6249835035925206	0.9297764855079876	0.6936310606939239	-0.9297764855138428
7.95	0.6708534005155066	0.9510565159759738	0.690256704347503	-0.9510565159808537
7.96	0.7141752921546602	0.9685831608717562	0.6862838418860615	-0.9685831608756834
7.97	0.7547927619610585	0.9822872505351354	0.68171156954167	-0.9822872505381158
7.98	0.792566831614449	0.9921147011850275	0.6765432715996875	-0.9921147011870209
7.99	0.8273769192999444	0.9980267283634097	0.6707865964970556	-0.9980267283644084
8.0	0.8591215581142365	1.0	0.6644533804585628	-1.0
8.01	0.8877188606686799	0.9980267284931224	0.6575595194410033	-0.9980267284921236
8.02	0.9131067216448476	0.9921147014439265	0.650124791265681	-0.9921147014419474
8.03	0.9352427563395407	0.9822872509222277	0.6421726308862659	-0.9822872509192473
8.04	0.954103979853901	0.9685831613854714	0.6337298627277433	-0.9685831613815159
8.05	0.969686238242513	0.9510565166143059	0.6248263949124675	-0.9510565166093908
8.06	0.9820034093058699	0.9297764862684174	0.6154948809357758	-0.929776486262604
8.07	0.9910863964531286	0.9048270529057852	0.6057703549443538	-0.9048270528990131
8.08	0.9969819439020563	0.8763066805413998	0.5956898471900866	-0.8763066805337373
8.09	0.9997513051839746	0.8443279260553485	0.5852919864735877	-0.8443279260468869
8.1	0.99835324112401	0.8090169949820185	1.5636326114678611	-0.8090169949726695
8.11	0.98844819419807	0.7705132434340713	1.533938317322854	-0.7705132434238604
8.12	0.9702071145764992	0.728968628128376	1.5037109377147542	-0.7289686281174103
8.13	0.9443769654225497	0.6845471066815478	1.4730621066337755	-0.6845471066698704
8.14	0.9117266895451562	0.6374239905443868	1.4421025021326919	-0.6374239905321315
8.15	0.8730279532196439	0.5877852531278609	1.4109409188885926	-0.5877852531149932
8.16	0.8290384537131433	0.5358267958509636	1.3796834155454893	-0.5358267958374383
8.17	0.780487799139591	0.48175367500672994	1.348432545716504	-0.4817536749925927
8.18	0.7280658366502053	0.425779292499462	1.3172866792797573	-0.4257792924849675
8.19	0.6724131935159893	0.3681245536448553	1.2863394183575354	-0.36812455362996116
8.2	0.6141137064908084	0.3090169953570165	1.2556791101917988	-0.30901699534178145
8.21	0.5536883546659687	0.24868988816504645	1.2253884570736973	-0.24868988814953066
8.22	0.4915903037868985	0.1873813155999807	1.1955442215972956	-0.18738131558435706
8.23	0.4282007831888343	0.12533323458873263	1.1662170238310288	-0.12533323457283987
8.24	0.3638259142156431	0.06279052055998499	1.1374712255522563	-0.06279052054388407
8.25	0.29869562936340927	1.032507281152006e-9	1.109364895495759	-1.0166019044766963e-9
8.26	0.23296796200528397	-0.06279051849881834	1.081949848626828	0.06279051851480578
8.27	0.16674527533022346	-0.12533323254000134	1.055271751761877	0.1253332325557813
8.28	0.10011072354740269	-0.18738131357154322	1.0293702874170956	0.18738131358727855
8.29	0.033185428259661705	-0.248689886164798	1.004279367548389	0.2486898861803138
8.3	-0.033815449371468555	-0.3090169933929628	0.9800273888323165	0.3090169934081978
8.31	-0.10056512461916037	-0.3681245517247476	0.9566375213056263	0.3681245517396418
8.32	-0.16665947104773915	-0.42577929063077524	0.9341280224998041	0.42577929064537257
8.33	-0.23167494886342027	-0.4817536731969446	0.9125125696485737	0.48175367321108187
8.34	-0.29521518552013776	-0.5358267941072221	0.8918006030866047	0.5358267941208436
8.35	-0.356934268705245	-0.587785251457229	0.8719976745633985	0.5877852514701887
8.36	-0.4165423454717572	-0.6374239889531782	0.85310579484924	0.6374239889655211
8.37	-0.4738022056655614	-0.684547105176217	0.8351237756835715	0.6845471051878115
8.38	-0.5285225938957054	-0.7289686267146984	0.8180475617914048	0.7289686267256643
8.39	-0.5805510250419619	-0.7705132421177091	0.8018705493561099	0.7705132421279199
8.4	-0.6297671785562046	-0.8090169937682334	0.7865838879714202	0.8090169937775823
8.41	-0.6760771739253872	-0.8443279249488583	0.7721767636918251	0.8443279249574418
8.42	-0.7194087289743069	-0.8763066795465166	0.7586366613531581	0.8763066795542886
8.43	-0.7597071065252367	-0.9048270520264964	0.7459496048372775	0.9048270520333654
8.44	-0.796931737822323	-0.9297764855082348	0.73410037440421	0.9297764855141318
8.45	-0.8310534205211092	-0.9510565159761812	0.7230727006131731	0.9510565159811315
8.46	-0.8620520047742822	-0.9685831608719232	0.712849434700038	0.9685831608758787
8.47	-0.8899144961042118	-0.9822872505352825	0.7034126955759971	0.9822872505382843
8.48	-0.9146335164349302	-0.9921147011851116	0.6947439938660479	0.9921147011871193
8.49	-0.9362060748255547	-0.998026728363459	0.6868243336178869	0.9980267283644648
8.5	-0.9546326074762657	-1.0	0.6796342924900618	1.0
8.51	-0.9699162529647746	-0.9980267284930731	0.6731540813760944	0.9980267284920743
8.52	-0.9820623338029981	-0.9921147014438424	0.6673635845446221	0.9921147014418347
8.53	-0.991078019579165	-0.9822872509221019	0.6622423814805091	0.9822872509191002
8.54	-0.996972150377387	-0.9685831613852762	0.6577697517024066	0.9685831613813207
8.55	-0.9997552020000704	-0.9510565166140984	0.6539246639132861	0.9510565166091483
8.56	-0.9994393768473037	-0.9297764862682121	0.6506857509167756	0.9297764862622732
8.57	-0.9960388062111664	-0.9048270529054994	0.6480312718064241	0.9048270528986304
8.58	-0.9895698512640685	-0.8763066805410763	0.6459390630104107	0.8763066805333591
8.59	-0.9800514911948711	-0.8443279260549887	0.6443864798532376	0.8443279260464053
8.6	-0.967505787800863	-0.8090169949815571	0.6433503303789458	0.8090169949721413
8.61	-0.9519584163981638	-0.770513243433571	0.6428068032686529	0.77051324342336
8.62	-0.9334392531879956	-0.7289686281278386	0.6427313917775449	0.7289686281168728
8.63	-0.911983009230923	-0.6845471066809755	0.6430988157116491	0.6845471066692981
8.64	-0.8876299009558924	-0.6374239905438696	0.6438829435603509	0.6374239905315267
8.65	-0.8604263466971753	-0.5877852531272258	0.6450567169931498	0.5877852531142661
8.66	-0.8304256781261601	-0.5358267958503008	0.6465920800144768	0.5358267958366795
8.67	-0.7976888546871325	-0.4817536750059424	0.6484599151432827	0.4817536749919048
8.68	-0.7622851682793911	-0.4257792924986488	0.6506299890387037	0.4257792924841543
8.69	-0.7242929245083706	-0.36812455364401975	0.6530709100231028	0.36812455362912555
8.7	-0.683800085933482	-0.30901699535626986	0.6557500999521153	0.30901699534103483
8.71	-0.6409048619151867	-0.24868988816428608	0.6586337828410492	0.2486898881487703
8.72	-0.5957162289929864	-0.1873813155992096	0.6616869925713501	0.18738131558347426
8.73	-0.548354365295279	-0.12533323458795378	0.664873601862748	0.12533323457206105
8.74	-0.498950982352887	-0.06279052055908804	0.6681563745011443	0.0627905205431006
8.75	-0.4476495379596846	-1.0318359407313928e-9	0.6714970425538275	1.0158168772183612e-9
8.76	-0.3946053144429288	0.06279051849971527	0.6748564099795512	-0.06279051851558927
8.77	-0.3399853479500507	0.12533323254066736	0.6781944836501244	-0.12533323255667292
8.78	-0.28396819614268604	0.18738131357231436	0.6814706323430418	-0.18738131358804966
8.79	-0.22674353404488531	0.24868988616555837	0.6846437737452958	-0.24868988618107415
8.8	-0.16851157068281308	0.30901699339381755	0.6876725889331884	-0.30901699340894445
8.81	-0.10948228254319944	0.36812455172547753	0.6905157631706977	-0.3681245517403717
8.82	-0.04987446366769879	0.42577929063158837	0.6931322512123775	-0.4257792906460829
8.83	0.010085403714456606	0.4817536731977322	0.6954815646211082	-0.4817536732116702
8.84	0.07016444988550487	0.535826794107981	0.6975240779334934	-0.5358267941215064
8.85	0.13012487730836808	0.5877852514578641	0.6992213498470954	-0.5877852514708238
8.86	0.18972556284289466	0.6374239889538706	0.7005364549847318	-0.637423988966126
8.87	0.24872378233106843	0.6845471051767892	0.701434321234679	-0.6845471051883837
8.88	0.30687703404185224	0.7289686267152359	0.7018820671940789	-0.7289686267262017
8.89	0.3639449346657621	0.770513242118282	0.701849333877415	-0.7705132421284928
8.9	0.4196911592843884	0.809016993768628	0.701308604612344	-0.8090169937780438
8.91	0.4738853950919396	0.844327924949279	0.7002355069478239	-0.8443279249578624
8.92	0.5263052775219236	0.8763066795469496	0.6986090904569169	-0.8763066795546121
8.93	0.5767382768862591	0.9048270520268307	0.6964120745368338	-0.9048270520336996
8.94	0.624983503593835	0.9297764855085238	0.6936310606938609	-0.9297764855144627
8.95	0.6708534005167552	0.9510565159764238	0.6902567043474246	-0.9510565159813741
8.96	0.7141752921557593	0.9685831608720901	0.6862838418859677	-0.9685831608761022
8.97	0.7547927619620884	0.9822872505354083	0.6817115695415602	-0.9822872505384314
8.98	0.7925668316154063	0.9921147011852101	0.6765432715995623	-0.9921147011872178
8.99	0.8273769193007623	0.9980267283635083	0.6707865964969153	-0.9980267283645141
9.0	0.8591215581150982	1.0	0.6644533804584074	-1.0
9.01	0.8877188606694028	0.9980267284930309	0.6575595194408335	-0.9980267284920179
9.02	0.9131067216454878	0.9921147014437298	0.6501247912654973	-0.9921147014417363
9.03	0.9352427563401368	0.9822872509219335	0.6421726308860688	-0.9822872509189318
9.04	0.9541039798543712	0.9685831613850809	0.6337298627275337	-0.9685831613811254
9.05	0.9696862382428967	0.9510565166138558	0.624826394912246	-0.9510565166089057
9.06	0.982003409306145	0.9297764862678812	0.615494880935543	-0.9297764862619842
9.07	0.9910863964533226	0.9048270529051168	0.6057703549441111	-0.9048270528982961
9.08	0.9969819439021694	0.8763066805406434	0.5956898471898352	-0.8763066805329809
9.09	0.9997513051840071	0.8443279260545681	0.5852919864733283	-0.8443279260459238
9.1	0.9983532411238678	0.8090169949810957	1.5636326114670938	-0.8090169949716799
9.11	0.9884481941976769	0.770513243433143	1.5339383173220729	-0.770513243422932
9.12	0.970207114575926	0.7289686281273012	1.5037109377139617	-0.7289686281163354
9.13	0.9443769654217716	0.6845471066804032	1.4730621066329752	-0.6845471066687259
9.14	0.9117266895442311	0.6374239905431771	1.4421025021318858	-0.6374239905308342
9.15	0.873027953218601	0.5877852531266827	1.4109409188877835	-0.587785253113723
9.16	0.8290384537119475	0.535826795849638	1.3796834155446804	-0.5358267958361126
9.17	0.780487799138183	0.48175367500525446	1.3484325457156972	-0.48175367499121685
9.18	0.7280658366488173	0.4257792924979385	1.3172866792789555	-0.42577929248344404
9.19	0.6724131935144906	0.36812455364328983	1.28633941835674	-0.3681245536283957
9.2	0.6141137064892105	0.3090169953555233	1.255679110191013	-0.30901699534028826
9.21	0.5536883546642826	0.24868988816363582	1.225388457072922	-0.24868988814812004
9.22	0.4915903037852343	0.18738131559843846	1.1955442215965337	-0.18738131558270313
9.23	0.42820078318700455	0.12533323458717496	1.1662170238302816	-0.1253332345712822
9.24	0.36382591421386296	0.06279052055830457	1.1374712255515251	-0.06279052054231711
9.25	0.2986956293615854	1.0310509134730578e-9	1.1093648954950455	-1.0150318499600262e-9
9.26	0.232967962003536	-0.06279051850049876	1.0819498486261323	0.06279051851637274
9.27	0.16674527532845118	-0.1253332325414462	1.0552717517612014	0.12533323255733897
9.28	0.10011072354561429	-0.18738131357308546	1.0293702874164405	0.1873813135888208
9.29	0.03318542825786527	-0.24868988616631874	1.0042793675477548	0.24868988618194465
9.3	-0.03381544937326495	-0.3090169933945641	0.9800273888317041	0.30901699340979916
9.31	-0.10056512462094867	-0.36812455172610176	0.9566375213050361	0.3681245517409959
9.32	-0.16665947104951143	-0.42577929063219583	0.9341280224992365	0.42577929064669034
9.33	-0.2316749488652794	-0.4817536731983205	0.9125125696480292	0.4817536732123581
9.34	-0.2952151855218551	-0.5358267941085478	0.891800603086083	0.5358267941221692
9.35	-0.35693426870681777	-0.5877852514584072	0.8719976745629001	0.5877852514714589
9.36	-0.4165423454731846	-0.6374239889544755	0.8531057948487648	0.6374239889667308
9.37	-0.47380220566694403	-0.6845471051772786	0.8351237756831192	0.684547105188956
9.38	-0.5285225938971347	-0.7289686267157732	0.8180475617909754	0.728968626726739
9.39	-0.5805510250433328	-0.7705132421187824	0.8018705493557032	0.7705132421289933
9.4	-0.6297671785575124	-0.8090169937690894	0.786583887971036	0.8090169937785052
9.41	-0.6760771739266278	-0.8443279249496997	0.7721767636914629	0.844327924958344
9.42	-0.7194087289754765	-0.876306679547273	0.7586366613528179	0.8763066795549903
9.43	-0.7597071065262577	-0.904827052027165	0.7459496048369583	0.9048270520339855
9.44	-0.7969317378232713	-0.9297764855088128	0.7341003744039115	0.9297764855147098
9.45	-0.8310534205219824	-0.9510565159766664	0.7230727006128947	0.9510565159816167
9.46	-0.8620520047750203	-0.9685831608723137	0.7128494346997801	0.9685831608762974
9.47	-0.889914496104876	-0.9822872505355554	0.7034126955757587	0.9822872505385571
9.48	-0.9146335164355189	-0.9921147011853084	0.6947439938658287	0.9921147011873162
9.49	-0.9362060748261065	-0.9980267283635575	0.6868243336176862	0.9980267283645634
9.5	-0.9546326074767332	-1.0	0.6796342924898792	1.0
9.51	-0.9699162529651568	-0.9980267284929745	0.6731540813759295	0.9980267284919757
9.52	-0.9820623338032513	-0.9921147014436457	0.667363584544474	0.9921147014416379
9.53	-0.991078019579359	-0.9822872509218077	0.6622423814803777	0.982287250918806
9.54	-0.9969721503775091	-0.968583161384914	0.6577697517022909	0.9685831613809303
9.55	-0.9997552020001026	-0.9510565166136132	0.6539246639131858	0.9510565166086631
9.56	-0.999439376847251	-0.9297764862675922	0.6506857509166901	0.9297764862616952
9.57	-0.9960388062110369	-0.9048270529047825	0.6480312718063529	0.904827052897962
9.58	-0.9895698512638423	-0.87630668054032	0.6459390630103533	0.876306680532548
9.59	-0.9800514911946043	-0.8443279260541474	0.6443864798531933	0.8443279260455641
9.6	-0.9675057878005523	-0.8090169949806342	0.6433503303789143	0.8090169949712185
9.61	-0.9519584163977527	-0.7705132434325702	0.6428068032686332	0.7705132434224317
9.62	-0.9334392531875139	-0.7289686281267639	0.6427313917775364	0.7289686281157202
9.63	-0.9119830092303722	-0.684547106679831	0.643098815711651	0.6845471066681537
9.64	-0.887629900955274	-0.6374239905425721	0.6438829435603628	0.637423990530317
9.65	-0.8604263466964911	-0.5877852531260476	0.6450567169931709	0.5877852531130878
9.66	-0.830425678125412	-0.5358267958488792	0.6465920800145063	0.5358267958354498
9.67	-0.7976888546863913	-0.48175367500456656	0.64845991514332	0.48175367499052896
9.68	-0.7622851682785956	-0.4257792924972282	0.6506299890387482	0.4257792924828366
9.69	-0.7242929245075233	-0.3681245536426656	0.6530709100231539	0.36812455362777147
9.7	-0.6838000859325852	-0.30901699535477667	0.6557500999521717	0.30901699533954163
9.71	-0.6409048619141561	-0.24868988816276535	0.6586337828411103	0.24868988814724957
9.72	-0.595716228991908	-0.187381315597779	0.661686992571415	0.18738131558193202
9.73	-0.5483543652941563	-0.12533323458639611	0.6648736018628157	0.12533323457050338
9.74	-0.4989509823518219	-0.06279052055752109	0.6681563745012136	0.0627905205416471
9.75	-0.4476495379586872	-1.0302658862147228e-9	0.6714970425538977	1.0141331358639696e-9
9.76	-0.3946053144417995	0.06279051850116878	0.6748564099796213	-0.06279051851715622
9.77	-0.339985347948788	0.12533323254222506	0.6781944836501932	-0.1253332325581178
9.78	-0.28396819614128965	0.1873813135738566	0.6814706323431083	-0.18738131358959192
9.79	-0.22674353404357758	0.2486898861670791	0.6846437737453589	-0.24868988618259488
9.8	-0.16851157068148961	0.3090169933952026	0.6876725889332473	-0.30901699341043765
9.81	-0.10948228254186484	0.36812455172693737	0.6905157631707516	-0.3681245517418315
9.82	-0.04987446366635778	0.425779290633009	0.6931322512124254	-0.4257792906475035
9.83	0.010085403715799218	0.4817536731990084	0.6954815646211487	-0.48175367321314566
9.84	0.07016444988684424	0.5358267941093067	0.6975240779335257	-0.535826794122832
9.85	0.1301248773095866	0.5877852514591343	0.6992213498471186	-0.587785251472094
9.86	0.18972556284421294	0.6374239889550803	0.700536454984745	-0.6374239889674232
9.87	0.24872378233236891	0.6845471051779337	0.701434321234681	-0.6845471051895282
9.88	0.30687703404323835	0.7289686267163106	0.7018820671940694	-0.7289686267272765
9.89	0.3639449346671186	0.7705132421192102	0.7018493338773932	-0.7705132421294937
9.9	0.4196911592856071	0.8090169937696177	0.7013086046123093	-0.8090169937789666
9.91	0.47388539509312194	0.8443279249501202	0.7002355069477755	-0.8443279249587037
9.92	0.5263052775231619	0.8763066795476512	0.6986090904568545	-0.8763066795554232
9.93	0.5767382768873559	0.9048270520275475	0.6964120745367569	-0.9048270520343198
9.94	0.6249835035948832	0.9297764855091017	0.6936310606937695	-0.9297764855149988
9.95	0.670853400517751	0.951056515976909	0.6902567043473185	-0.9510565159818593
9.96	0.7141752921566991	0.9685831608725088	0.6862838418858466	-0.9685831608764927
9.97	0.7547927619629692	0.9822872505357025	0.6817115695414242	-0.9822872505387042
9.98	0.7925668316162251	0.9921147011854068	0.6765432715994119	-0.9921147011874145
9.99	0.8273769193015165	0.9980267283636068	0.6707865964967502	-0.9980267283646127
10.0	0.8591214840170275	1.0	0.6644531219174248	-1.0
