0.0	0.3075537576993918	0.9999999999999998	1.3898333731186305
0.01	0.2379864012339434	0.9955619624826488	1.375997415400432
0.02	0.16790718657150416	0.9822872465064311	1.362299196298734
0.03	0.09769031004643457	0.9602936793901223	1.3487373446091093
0.04	0.027690944919567837	0.9297764775921261	1.3353105027775596
0.05	-0.041755491718365914	0.8910065139562136	1.3220173267649271
0.06	-0.11033382284543679	0.8443279134247941	1.3088564859118959
0.07	-0.17774936672951833	0.7901549985604173	1.2958266628061001
0.08	-0.24372798377260407	0.7289686119905397	1.2829265531501712
0.09	-0.30801593479623596	0.6613118484133061	1.2701548656311774
0.1	-0.37037956980727244	0.5877852340524938	1.2575103217912906
0.11	-0.43060486527989994	0.509041396343212	1.2449916559000966
0.12	-0.4884968268331677	0.425779271162882	1.2325976148274669
0.13	-0.5438787727925197	0.33873789902821233	1.220326957918403
0.14	-0.5965915127309391	0.24868986532107992	1.208178456868777
0.15	-0.6464924335857445	0.1564344427644487	1.196150895602375
0.16	-0.6934545045576735	0.06279049701921131	1.1842430701490996
0.17	-0.73736521079288	-0.03141078162367171	1.1724537885247228
0.18	-0.7781254251062372	-0.12533325594425865	1.1607818706111608
0.19	-0.8156482269224202	-0.21814326341312218	1.1492261480386123
0.2	-0.8498576787616947	-0.3090170158317818	1.1377854640685394
0.21	-0.8806875734612885	-0.39714791134135013	1.1264586734778732
0.22	-0.9080801707071666	-0.4817536938757345	1.115244642444315
0.23	-0.931984950204201	-0.5620833965163098	1.1041422484330945
0.24	-0.9523574217013908	-0.637424007137242	1.0931503800842162
0.25	-0.9691580494137539	-0.7071067971449922	1.0822679371014725
0.26	-0.9823513692821678	-0.7705132571623242	1.0714938301422345
0.27	-0.9919053989841877	-0.8270805869618348	1.0608269807084114
0.28	-0.9977914566169477	-0.8763066909189399	1.050266321038489
0.29	-0.9999845051345758	-0.9177546346496309	1.0398107940005883
0.3	-0.9984641148554743	-0.9510565232718785	1.0294593529868814
0.31	-0.9932160772615605	-0.9759167668640535	1.0192109618084702
0.32	-0.9842346107755161	-0.9921147041445494	1.0090645945918992
0.33	-0.9715249890737807	-0.9995065610750344	0.9990192356764073
0.34	-0.955106324849696	-0.9980267270102925	0.989073879512258
0.35	-0.9350141907465849	-0.9876883370621033	0.979227530560026
0.36	-0.9113027757735993	-0.9685831555117431	0.9694792031911678
0.37	-0.8840463563732968	-0.940880761302821	0.9598279215890234
0.38	-0.8533399791952544	-0.9048270428480345	0.9502727196513602
0.39	-0.8192993706854389	-0.860742015504551	0.9408126408936084
0.4	-0.7820601775301015	-0.8090169810954948	0.9314467383531173
0.41	-0.7417766893149093	-0.7501110546885019	0.9221740744943104
0.42	-0.6986202040131859	-0.6845470894572232	0.9129937211150472
0.43	-0.6527771803035624	-0.6129070357980562	0.9039047592533936
0.44	-0.6044472916700057	-0.5358267758982017	0.8949062790958437
0.45	-0.5538414659254376	-0.4539904796028419	0.8859973798861944
0.46	-0.501179966202708	-0.3681245316698535	0.8771771698353784
0.47	-0.446690547816967	-0.2789910843335445	0.8684447660321462
0.48	-0.3906067098569453	-0.18738129238088677	0.8597992943548833
0.49	-0.33316604993043875	-0.09410829081244768	0.8512398893838129
0.5	-0.2746087239874632	2.260845996523917e-8	0.8427656943145646
0.51	-0.21517600929378003	0.09410833582778785	0.8343758608723586
0.52	-0.15510896666079488	0.18738133679599736	0.826069549227092
0.53	-0.09464719712154498	0.2789911277541938	0.8178459279092707
0.54	-0.03402768808941604	0.3681245737114824	0.8097041737267339
0.55	0.026516255851194236	0.4539905198906022	0.8016434716824348
0.56	0.0867560019732373	0.535826814075342	0.7936630148925824
0.57	0.14646850228312247	0.6129070715257134	0.7857620045060555
0.58	0.20543713386562867	0.6845471224182763	0.7779396496243923
0.59	0.26345246982589343	0.7501110845903861	0.7701951672226198
0.6	0.3203129836666112	0.8090170076727989	0.7625277820708287
0.61	0.3758256895238597	0.86074203852091	0.7549367266567469
0.62	0.4298067204289047	0.9048270621000754	0.7474212411086483
0.63	0.48208184652126257	0.9408807766191983	0.7399805731194647
0.64	0.5324869348948287	0.9685831667565077	0.7326139778714346
0.65	0.5808683526234225	0.9876883441354457	0.7253207179615464
0.66	0.6270833143379757	0.9980267298494293	0.7181000633276835
0.67	0.6710001756331077	0.9995065596547367	0.7109512911757073
0.68	0.7124986734936294	0.9921146984773667	0.7038736859068588
0.69	0.7514701148605256	0.9759167570004864	0.6968665390462913
0.7	0.7878175144230348	0.9510565092993629	0.6899291491721106
0.71	0.8214556827227532	0.917754616692549	0.6830608218451604
0.72	0.8523112656185876	0.8763066691355226	0.6762608695394716
0.73	0.880322736228998	0.827080561546667	0.6695286115735942
0.74	0.9054403404606468	0.7705132283411342	0.6628633740422274
0.75	0.927625997318665	0.7071067651724446	0.6562644897489172
0.76	0.9468531552439917	0.6374239722970064	0.6497312981392305
0.77	0.9631066057932405	0.5620833591182737	0.6432631452346322
0.78	0.9763822560898198	0.4817536542518456	0.6368593835670223
0.79	0.9866868615487127	0.39714786984498207	0.6305193721138872
0.8	0.9940377204997101	0.3090169728288004	0.6242424762342771
0.81	0.9984623324374622	0.2181432192851721	0.6180280676050607
0.82	0.9999980219575342	0.12533321108478995	0.6118755042549596
0.83	0.9958161354581975	0.03141073642997264	1.5961987101527917
0.84	0.9828225844017597	-0.06279054214599829	1.580308360783816
0.85	0.9613927062884954	-0.15643448742467334	1.5645762017462315
0.86	0.9319653360306805	-0.24868990911742717	1.5490006582365183
0.87	0.8950300628135223	-0.338737941571087	1.533580171128246
0.88	0.8511190278903925	-0.4257793120747285	1.518313196816364
0.89	0.8007989702398405	-0.5090414352625325	1.5031982070625949
0.9	0.744663588862991	-0.5877852706330147	1.4882336888424559
0.91	0.683326278329392	-0.6613118823303361	1.4734181441937222
0.92	0.617413282842867	-0.7289686429430289	1.4587500900668111
0.93	0.5475573035685602	-0.790155026273629	1.4442280581758264
0.94	0.4743915844414745	-0.844327937652744	1.4298505948519185
0.95	0.39854449298492245	-0.8910065344842657	1.4156162608976828
0.96	0.32063460500598495	-0.9297764942372497	1.401523631443099
0.97	0.24126629520383633	-0.9602936920049872	1.3875712958028197
0.98	0.16102582987629308	-0.982287254979237	1.3737578573352747
0.99	0.08047795279282854	-0.9955619667379368	1.360081933302393
1.0	0.0001629511406467585	-0.9999999999999998	1.3465421547315044
1.01	-0.07940581509902596	-0.9955619624680051	1.333137166278225
1.02	-0.1577439397693774	-0.9822872464771032	1.3198656260907884
1.03	-0.23439757468977854	-0.9602936793464562	1.3067262056757214
1.04	-0.3089446344823016	-0.9297764775345093	1.2937175897647908
1.05	-0.3809956262283193	-0.8910065138855704	1.280838476183635
1.06	-0.4501941287014469	-0.8443279133409295	1.2680875757209749
1.07	-0.5162169460769165	-0.7901549984644884	1.255463611999857
1.08	-0.578773960848966	-0.7289686118827757	1.2429653213498135
1.09	-0.6376077102590213	-0.661311848295903	1.2305914526803672
1.1	-0.6924927098761159	-0.5877852339258709	1.2183407673557278
1.11	-0.7432345472557849	-0.5090413962084934	1.20621203907108
1.12	-0.7896687678994384	-0.4257792710204406	1.1942040537294114
1.13	-0.8316595752085941	-0.3387378988809509	1.182315609320262
1.14	-0.86909836603943	-0.2486898651703636	1.1705455157993283
1.15	-0.9019021240700911	-0.15643444261075953	1.15889259496934
1.16	-0.9300116949234838	-0.06279049686209803	1.1473556803620584
1.17	-0.953389970359135	0.03141078178010891	1.13593361712177
1.18	-0.9720200144871383	0.1253332560995389	1.124625261889293
1.19	-0.9859031735428927	0.21814326356497965	1.1134294826877882
1.2	-0.9950572228473762	0.30901701598063586	1.1023451588093824
1.21	-0.9995146202486713	0.39714791148499196	1.0913711807029824
1.22	-0.9993209536273249	0.48175369401209217	1.080506449863149
1.23	-0.9945336881311465	0.5620833966450076	1.069749878720378
1.24	-0.9852213311202003	0.6374240072578384	1.0591003905318683
1.25	-0.9714631307254759	0.7071067972563078	1.0485569192739825
1.26	-0.9533493968903891	0.7705132572626701	1.0381184095354765
1.27	-0.9309824728767088	0.8270805870498089	1.0277838164118511
1.28	-0.9044782895088799	0.8763066909939031	1.0175521054007575
1.29	-0.873968317331783	0.9177546347121516	1.0074222522983836
1.3	-0.8396016230136617	0.9510565233202442	0.9973932430971607
1.31	-0.8015466736038332	0.9759167668981961	0.987464073883916
1.32	-0.7599925448748956	0.9921147041640519	0.9776337507396092
1.33	-0.715149281281317	0.9995065610799506	0.967901289639783
1.34	-0.6672472981542333	0.9980267270004648	0.9582657163560618
1.35	-0.6165358670321794	0.987688337037619	0.948726066358576
1.36	-0.5632808416458062	0.9685831554728196	0.9392813847196282
1.37	-0.5077618441963201	0.9408807612498036	0.9299307260177793
1.38	-0.4502691407516169	0.9048270427813938	0.9206731542434269
1.39	-0.3911004067524534	0.8607420154244158	0.9115077427050572
1.4	-0.330557538211395	0.809016981003498	0.9024335739364812
1.41	-0.26894361640396636	0.750111054584997	0.8934497396049443
1.42	-0.2065600927846558	0.6845470893431291	0.8845553404204066
1.43	-0.14370422955041431	0.6129070356736669	0.8757494860452153
1.44	-0.080666809712845	0.5358267757660522	0.8670312950051864
1.45	-0.017730116815241996	0.4539904794633865	0.8583998946013174
1.46	0.04483382366371949	0.36812453152433	0.8498544208224286
1.47	0.10676475342897998	0.27899108418237134	0.841394018258627
1.48	0.16781545516767984	0.18738129222714464	0.8330178400158715
1.49	0.22775280577217863	0.09410829065662786	0.8247250476309093
1.5	0.28635862362059344	-2.2764064904262915e-8	0.8165148109875366
1.51	0.34343032412100216	-0.09410833598360767	0.8083863082334569
1.52	0.39878139715646377	-0.1873813369497395	0.8003387256980116
1.53	0.45224171953842385	-0.27899112790449365	0.7923712578107299
1.54	0.5036577150498501	-0.3681245738561602	0.7844831070206485
1.55	0.5528923742428635	-0.4539905200300576	0.7766734837166523
1.56	0.5998251457339844	-0.5358268142082594	0.768941606148166
1.57	0.6443517104208365	-0.6129070716493841	0.7612867003470792
1.58	0.6863836497278494	-0.6845471225323704	0.753708000050227
1.59	0.7258480186768403	-0.750111084693891	0.7462047466226862
1.6	0.7626868343232113	-0.8090170077647958	0.7387761889817929
1.61	0.7968564897692694	-0.8607420386010454	0.7314215835221268
1.62	0.8283271037106135	-0.9048270621667159	0.724140194040824
1.63	0.8570818151274119	-0.9408807766722157	0.7169312916640482
1.64	0.8831160324257405	-0.9685831667954312	0.7097941547739913
1.65	0.9064366459657041	-0.98768834415993	0.7027280689366359
1.66	0.9270612125847802	-0.9980267298592569	0.6957323268302016
1.67	0.9450171202881347	-0.999506559649849	0.6888062281744993
1.68	0.9603407409216599	-0.9921146984577501	0.6819490796605956
1.69	0.9730765781887468	-0.9759167569663438	0.6751601948815688
1.7	0.9832764179508552	-0.9510565092507163	0.6684388942637609
1.71	0.9909984872957749	-0.9177546166300284	0.6617845049987511
1.72	0.9963066283898115	-0.8763066690601212	0.6551963609759698
1.73	0.9992694926641469	-0.8270805614586928	0.6486738027161694
1.74	0.9998546843405376	-0.7705132282413681	1.6403072354838393
1.75	0.9944175719994572	-0.7071067650624153	1.6239777804614117
1.76	0.9813617217897399	-0.6374239721771108	1.607810887119845
1.77	0.9610459279020324	-0.5620833589888237	1.591804937138134
1.78	0.933871195185326	-0.4817536541146909	1.5759583283058514
1.79	0.9002737953681775	-0.39714786970050553	1.560269474362678
1.8	0.8607185473231381	-0.3090169726799464	1.5447368048399728
1.81	0.815692380853004	-0.21814321913331464	1.5293587649030322
1.82	0.7656982333149095	-0.1253332109295097	1.5141338151958068
1.83	0.7112493187295607	-0.03141073627353544	1.4990604316867207
1.84	0.6528637999430986	0.06279054230220388	1.4841371055161152
1.85	0.5910598860242974	0.1564344875783625	1.4693623428451277
1.86	0.5263513693370305	0.2486899092690244	1.454734664706488
1.87	0.4592436097819215	0.3387379417183484	1.4402526068559758
1.88	0.390229967417083	0.42577931221716997	1.4259147196261779
1.89	0.31978867917480924	0.509041435397251	1.4117195677812948
1.9	0.24838017058100859	0.5877852707596375	1.3976657303734716
1.91	0.17644478929214838	0.6613118824477393	1.383751800600481
1.92	0.10440094383803027	0.7289686430501704	1.369976385665215
1.93	0.032643628156920554	0.7901550263695578	1.356338106635793
1.94	-0.03845668968273876	0.844327937737096	1.3428355983078455
1.95	-0.10855483782319869	0.8910065345553217	1.3294675090677737
1.96	-0.17733139439559248	0.9297764942948665	1.3162325007574571
1.97	-0.24449284977212427	0.9602936920486532	1.303129248540223
1.98	-0.30977150254872426	0.9822872550085648	1.2901564407685306
1.99	-0.3729251143905858	0.9955619667526662	1.2773127788522247
2.0	-0.43373634831906216	0.9999999999999998	1.2645969771288434
2.01	-0.492012014284105	0.9955619624532758	1.252007762734851
2.02	-0.5475821447720111	0.9822872464479457	1.2395438754782182
2.03	-0.6002989219358128	0.9602936793027901	1.2272040677122804
2.04	-0.6500354763317391	0.9297764774772274	1.214987104210775
2.05	-0.6966845758214903	0.8910065138141015	1.2028917620444723
2.06	-0.7401572216859781	0.8443279132570649	1.1909168304583417
2.07	-0.7803811676045266	0.7901549983685597	1.179061110750634
2.08	-0.8172993760757378	0.7289686117756342	1.167323416152819
2.09	-0.850868426278856	0.661311848179182	1.1557025717107892
2.1	-0.8810568877443303	0.5877852337992481	1.1441974141671807
2.11	-0.9078436759143905	0.509041396073775	1.1328067918451927
2.12	-0.9312164093844503	0.425779270879645	1.1215295645329082
2.13	-0.9511697950584199	0.3387378987345452	1.1103646033694217
2.14	-0.9677040773034178	0.24868986501876636	1.0993107907317736
2.15	-0.9808236009400223	0.15643444245527374	1.0883670201230748
2.16	-0.990535555152329	0.06279049670589244	1.077532196061684
2.17	-0.9968489842769785	-0.03141078193654611	1.066805233971794
2.18	-0.999774167582823	-0.12533325625481917	1.0561850600744969
2.19	-0.9993224762409405	-0.21814326371772472	1.0456706112805432
2.2	-0.995506802059973	-0.30901701612948995	1.035260835083864
2.21	-0.9883426100895527	-0.39714791162863383	1.0249546894562147
2.22	-0.9778495926708206	-0.48175369414924685	1.0147511427428093
2.23	-0.9640538046725223	-0.5620833967744577	1.004649173559281
2.24	-0.9469900615452824	-0.637424007378435	0.9946477706890949
2.25	-0.9267043150865897	-0.7071067973669802	0.9847459329825541
2.26	-0.9032557129337326	-0.7705132573618564	0.9749426692565278
2.27	-0.8767181035214215	-0.8270805871377831	0.965236998195232
2.28	-0.8471808508920814	-0.8763066910693046	0.9556279482519981
2.29	-0.8147489398015917	-0.9177546347739497	0.9461145575519679
2.3	-0.7795424484909166	-0.9510565233683287	0.936695873796024
2.31	-0.7416955255358909	-0.9759167669323386	0.9273709541651391
2.32	-0.7013550264983119	-0.9921147041836683	0.9181388652262165
2.33	-0.6586789554903167	-0.9995065610848384	0.908998682838597
2.34	-0.6138348297260379	-0.9980267269906372	0.8999494920615531
2.35	-0.5669980532891685	-0.9876883370131349	0.8909903870626509
2.36	-0.5183503569935859	-0.9685831554338961	0.8821204710272788
2.37	-0.4680783376371257	-0.9408807611967862	0.8733388560685703
2.38	-0.41637211290693815	-0.9048270427147532	0.8646446631387293
2.39	-0.3634240966340419	-0.8607420153452063	0.8560370219409869
2.4	-0.309427891997674	-0.8090169809115011	0.8475150708424811
2.41	-0.2545772961735515	-0.7501110544814922	0.8390779567879623
2.42	-0.1990654078993914	-0.684547089229035	0.8307248352145893
2.43	-0.143083828659377	-0.6129070355507148	0.8224548699671037
2.44	-0.086821948202444	-0.5358267756339027	0.81426723321432
2.45	-0.030466305510853563	-0.4539904793239311	0.8061611053662111
2.46	0.025799983033456316	-0.3681245313788066	0.7981356749918672
2.47	0.08179773581532579	-0.2789910840320715	0.7901901387382251
2.48	0.1373521653037056	-0.1873812920742959	0.7823237012498324
2.49	0.19229329063594047	-0.09410829050080805	0.774535575088961
2.5	0.2464563088928269	2.2920579337988432e-8	0.7668249806569644
2.51	0.29968192988136616	0.09410833613942748	0.759191146116194
2.52	0.35181667866478566	0.18738133710348162	0.7516333073127379
2.53	0.40271316951013525	0.2789911280547935	0.7441507076999272
2.54	0.4522303544539565	0.36812457400252924	0.7367425982625644
2.55	0.5002337491891946	0.45399052016951297	0.7294082374421132
2.56	0.5465956385692481	0.5358268143396411	0.7221468910622163
2.57	0.5911952635809803	0.6129070717730548	0.7149578322553714
2.58	0.6339189913146785	0.6845471226464644	0.7078403413901295
2.59	0.6746604690575599	0.7501110847973957	0.7007937059990587
2.6	0.7133207633594897	0.8090170078567926	0.6938172207073863
2.61	0.749808484616412	0.8607420386802547	0.6869101871625485
2.62	0.7840398974404295	0.9048270622333565	0.6800719139640464
2.63	0.8159390168666161	0.9408807767252331	0.6733017165943956
2.64	0.8454376902381927	0.9685831668341286	0.6665989173505645
2.65	0.8724756644319418	0.9876883441844142	0.6599628452761376
2.66	0.8970006379306654	0.9980267298690845	0.6533928360941123
2.67	0.9189682971316262	0.9995065596449042	0.6468882321405559
2.68	0.9383423361917946	0.9921146984381337	0.640448382298547
2.69	0.9550944596382753	0.9759167569322013	0.6340726419331477
2.7	0.969204366929607	0.9510565092023506	0.6277603728268392
2.71	0.9806597181499956	0.917754616567869	0.6215109431156334
2.72	0.9894560800228849	0.8763066689847198	0.61532372722579
2.73	0.9955968514677932	0.8270805613707186	0.6091981058113344
2.74	0.9990931679827185	0.7705132281410224	0.6031334656918509
2.75	0.9998793159215522	0.7071067649510998	1.5954617707813163
2.76	0.9941604982486638	0.6374239720565144	1.5795787577320617
2.77	0.9801130275679861	0.5620833588601258	1.5638538619803461
2.78	0.9581055911467454	0.4817536539775363	1.5482855094495314
2.79	0.9285575553559775	0.3971478695568637	1.532872141733014
2.8	0.8919315712912013	0.3090169725302273	1.517612215938577
2.81	0.8487263916079881	0.21814321898056957	1.502504204533417
2.82	0.7994699582335012	0.1253332107742294	1.4875465951915912
2.83	0.7447128099327748	0.031410736117098235	1.4727378906425426
2.84	0.6850218487821917	-0.06279054245750176	1.458076608521222
2.85	0.6209744955544945	-0.1564344877338483	1.4435612812196188
2.86	0.5531532557344669	-0.24868990942062166	1.4291904557401827
2.87	0.4821407105056848	-0.33873794186560985	1.414962693549883
2.88	0.40851494046777254	-0.42577931235878846	1.4008765704365378
2.89	0.33284538410419084	-0.5090414355319696	1.3869306763661693
2.9	0.2556891280271681	-0.5877852708862603	1.3731236153418565
2.91	0.17758762180087942	-0.6613118825651425	1.3594540052639177
2.92	0.09906380660675121	-0.7289686431566893	1.3459204777918714
2.93	0.020619644124808795	-0.7901550264654866	1.3325216782069973
2.94	-0.057265970264788434	-0.8443279378204733	1.3192562652770397
2.95	-0.1341389276186371	-0.8910065346263778	1.306122911121869
2.96	-0.20957127775493153	-0.9297764943524833	1.2931203010805643
2.97	-0.2831622734328821	-0.9602936920923194	1.2802471335797365
2.98	-0.35453910641876735	-0.9822872550378927	1.2675021200035355
2.99	-0.42335735551197573	-0.9955619667673955	1.2548839845642163
3.0	-0.48930116632105725	-0.9999999999999998	1.2423914641747282
3.01	-0.5520831821137333	-0.9955619624385464	1.2300233083222032
3.02	-0.6114442443768136	-0.9822872464186178	1.217778278942777
3.03	-0.6671528809708935	-0.9602936792591239	1.2056551502976602
3.04	-0.7190045990566306	-0.9297764774192757	1.1936527088503734
3.05	-0.7668209993990109	-0.8910065137434583	1.1817697531455404
3.06	-0.8104487285371289	-0.8443279131732002	1.170005093688214
3.07	-0.8497582857989097	-0.7901549982720735	1.1583575528250791
3.08	-0.8846427037809386	-0.7289686116684927	1.1468259646265018
3.09	-0.915016124152923	-0.6613118480610966	1.1354091747698156
3.1	-0.9408122961752299	-0.5877852336726253	1.1241060404237115
3.11	-0.9619830339199079	-0.5090413959390564	1.1129154301340944
3.12	-0.9784966805281622	-0.4257792707372036	1.1018362237104389
3.13	-0.990336644228291	-0.33873789858642805	1.090867312113915
3.14	-0.9975000906228831	-0.24868986486716912	1.0800075973463057
3.15	-0.9999968964257997	-0.15643444230158457	1.069255992340098
3.16	-0.9978489861256692	-0.06279049655059456	1.0586114208496065
3.17	-0.9910901763539159	0.031410782092983314	1.0480728173434817
3.18	-0.9797666319532865	0.12533325641009946	1.0376391268976841
3.19	-0.9639379826997582	0.21814326387046978	1.027309305090132
3.2	-0.9436790572866317	0.309017016278344	1.017082317896088
3.21	-0.9190820726730747	0.3971479117731104	1.006957141584656
3.22	-0.8902590003567289	0.48175369428640147	0.9969327626162475
3.23	-0.8573437549683408	0.5620833969046599	0.9870081775413516
3.24	-0.8204938469112222	0.6374240074990314	0.9771823928997468
3.25	-0.7798912176334961	0.7071067974776526	0.967454425121285
3.26	-0.7357421107910376	0.7705132574622021	0.9578233004273753
3.27	-0.6882759824588089	0.8270805872257573	0.9482880547335109
3.28	-0.637743576979091	0.8763066911447059	0.9388477335527602
3.29	-0.5844143679885173	0.9177546348364702	0.9295013919001717
3.3	-0.5285735848968413	0.9510565234169754	0.9202480941983905
3.31	-0.47051902691133346	0.9759167669664812	0.9110869141836873
3.32	-0.4105578278331596	0.9921147042032847	0.9020169348134525
3.33	-0.3490032906622328	0.9995065610897831	0.8930372481743456
3.34	-0.28617187116992376	0.9980267269808096	0.8841469553914122
3.35	-0.22238035799409647	0.9876883369886506	0.8753451665380555
3.36	-0.15794327419310022	0.9685831553949724	0.866631000547154
3.37	-0.09317051004328436	0.9408807611437688	0.858003585122566
3.38	-0.02836518752260811	0.9048270426481126	0.8494620566520122
3.39	0.036178248589533314	0.8607420152650711	0.8410055601205765
3.4	0.10017572092666178	0.8090169808195042	0.8326332490251189
3.41	0.1633550003939418	0.7501110543779873	0.8243442852894927
3.42	0.2254569874870913	0.6845470891149409	0.8161378391808407
3.43	0.2862368039232194	0.6129070354263255	0.808013089226254
3.44	0.34546470427668513	0.5358267755017532	0.7999692221307332
3.45	0.40292681708445044	0.45399047918447577	0.792005432695727
3.46	0.45842572462722686	0.36812453123412875	0.7841209237385328
3.47	0.5117808904431419	0.27899108388264504	0.7763149060124521
3.48	0.5628289434219286	0.18738129191966038	0.7685865981279649
3.49	0.6114238272495954	0.09410829034498823	0.760935226474246
3.5	0.657436823850424	-2.307709377171395e-8	0.7533600251419011
3.51	0.700756459428067	-0.09410833629524731	0.7458602358462568
3.52	0.7412883016287839	-0.18738133725811715	0.7384351078514538
3.53	0.7789546563149202	-0.2789911282050933	0.7310838978952987
3.54	0.8136941723413303	-0.3681245741480527	0.723805870114821
3.55	0.8454613626846543	-0.4539905203089683	0.7166002959727773
3.56	0.8742260501720344	-0.5358268144717905	0.7094664541844772
3.57	0.8999727459511017	-0.6129070718967254	0.7024036306457458
3.58	0.9226999687290112	-0.6845471227605586	0.6954111183614015
3.59	0.9424195126473164	-0.7501110849009006	0.6884882173744842
3.6	0.9591556715083404	-0.8090170079493242	0.6816342346961503
3.61	0.9729444268670673	-0.86074203876039	0.6748484842364599
3.62	0.9838326073015528	-0.9048270622999971	0.668130286735464
3.63	0.991877025943	-0.9408807767782504	0.6614789696953667
3.64	0.9971436030886781	-0.9685831668732783	0.654893867313168
3.65	0.9997064804608472	-0.9876883442088985	0.6483743204140168
3.66	0.9988137843293761	-0.9980267298789121	1.6366867819217685
3.67	0.9900981229538932	-0.9995065596400164	1.6203933689482468
3.68	0.9732131544702887	-0.9921146984186312	1.6042621588526722
3.69	0.9485626399620866	-0.9759167568980587	1.5882915368859643
3.7	0.9165996242366647	-0.951056509153985	1.5724799043740636
3.71	0.8778184641077348	-0.9177546165057097	1.5568256785579022
3.72	0.832747064692673	-0.8763066689093184	1.5413272924348802
3.73	0.7819393992666901	-0.8270805612827444	1.5259831946023592
3.74	0.7259683762861968	-0.7705132280418361	1.510791849101838
3.75	0.6654191058412957	-0.7071067648404274	1.495751735265553
3.76	0.6008826069676203	-0.6374239719359178	1.4808613475641703
3.77	0.5329499872249536	-0.5620833587306758	1.466119195456082
3.78	0.4622071166508444	-0.4817536538403816	1.4515238032381992
3.79	0.3892298097177234	-0.39714786941322183	1.437073709898152
3.8	0.3145795212917341	-0.30901697238223824	1.4227674689683707
3.81	0.2387995558093436	-0.2181432188278245	1.408603648380797
3.82	0.16241178291560465	-0.12533321061894914	1.3945808303238638
3.83	0.08591384767684385	-0.03141073596066103	1.3806976111004872
3.84	0.009776859107944211	0.06279054261461504	1.3669526009875566
3.85	-0.0655564628562988	0.15643448788753747	1.3533444240967443
3.86	-0.13967320472929215	0.2486899095722189	1.3398717182370872
3.87	-0.21219126621628223	0.3387379420128713	1.3265331347781648
3.88	-0.28275998304566524	0.42577931250040696	1.3133273385154112
3.89	-0.3510603936642122	0.5090414356666881	1.3002530075363823
3.9	-0.41680517820283286	0.5877852710128831	1.2873088330884295
3.91	-0.4797382982359231	0.6613118826825457	1.2744935194476223
3.92	-0.5396343656270738	0.7289686432644533	1.2618057837893346
3.93	-0.5962977681584507	0.7901550265614155	1.2492443560593949
3.94	-0.6495615787296549	0.8443279379043379	1.2368079788472464
3.95	-0.6992862738488667	0.891006534697021	1.224495407260004
3.96	-0.7453582858467062	0.9297764944101001	1.2123054087978418
3.97	-0.7876884119482703	0.9602936921359855	1.2002367632305477
3.98	-0.826210102055845	0.9822872550670502	1.1882882624756534
3.99	-0.8608776460713841	0.9955619667820392	1.1764587104770903
4.0	-0.8916642809587365	0.9999999999999998	1.1647469230857406
4.01	-0.9185602378815652	0.9955619624238171	1.1531517279408323
4.02	-0.9415707510028366	0.9822872463891195	1.141671964352586
4.03	-0.9607140524407769	0.9602936792154578	1.1303064831860263
4.04	-0.9760193830507925	0.9297764773616589	1.119054146745893
4.05	-0.9875250567593562	0.8910065136724022	1.1079138286630072
4.06	-0.9952766275944366	0.8443279130893356	1.0968844137811409
4.07	-0.9993252232215455	0.7901549981767021	1.0859647980456426
4.08	-0.9997261254633296	0.7289686115613512	1.075153888392857
4.09	-0.996537693762707	0.6613118479436934	1.064450602640709
4.1	-0.9898207360076742	0.5877852335460024	1.0538538693803152
4.11	-0.979638424141484	0.5090413958043378	1.0433626278689767
4.12	-0.9660568201906736	0.425779270596408	1.0329758279236343
4.13	-0.9491460156265872	0.33873789843916663	1.0226924298159872
4.14	-0.9289817963598257	0.24868986471557186	1.0125114041683554
4.15	-0.9056476439467664	0.15643444214609878	1.0024317318506355
4.16	-0.8792368001261531	0.06279049639438897	0.9924524038782307
4.17	-0.8498540880170296	-0.03141078224942052	0.982572421311276
4.18	-0.817617217077931	-0.12533325656537972	0.9727907951543032
4.19	-0.7826573930811537	-0.21814326402410242	0.9631065462574687
4.2	-0.7451191788537648	-0.3090170164271981	0.9535187052184831
4.21	-0.7051596684021362	-0.39714791191591753	0.9440263122855727
4.22	-0.6629471177547056	-0.4817536944243531	0.9346284172613544
4.23	-0.6186592105585749	-0.56208339703411	0.9253240794079339
4.24	-0.5724811319394564	-0.6374240076196278	0.916112367352415
4.25	-0.5246035952890069	-0.7071067975876819	0.9069923589938843
4.26	-0.4752209285063434	-0.7705132575613884	0.8979631414110529
4.27	-0.42452928931352835	-0.8270805873137315	0.8890238107708728
4.28	-0.3727250489915333	-0.8763066912205455	0.8801734722380624
4.29	-0.3200033617042123	-0.9177546348982685	0.871411239885483
4.3	-0.2665569217412058	-0.951056523465341	0.8627362366056549
4.31	-0.21257490194285372	-0.9759167670006238	0.8541475940226604
4.32	-0.15824206150576786	-0.9921147042229013	0.845644452405417
4.33	-0.10373800901486975	-0.9995065610946994	0.8372259605815688
4.34	-0.04923660576350638	-0.9980267269709819	0.8288912758522821
4.35	0.005094505369467472	-0.9876883369641664	0.8206395639078445
4.36	0.05909425961751828	-0.9685831553560489	0.8124699987443372
4.37	0.1126084318098024	-0.9408807610907515	0.8043817625806687
4.38	0.16548981196470236	-0.9048270425814721	0.7963740457769031
4.39	0.21759830635952823	-0.8607420151858617	0.7884460467531672
4.4	0.26880097457361685	-0.8090169807275074	0.7805969719094114
4.41	0.3189720121594642	-0.7501110542744824	0.7728260355459257
4.42	0.36799268784040884	-0.6845470890008467	0.7651324597848664
4.43	0.415751243391248	-0.6129070353033735	0.7575154744921258
4.44	0.46214276365370793	-0.5358267753696037	0.7499743172004165
4.45	0.5070690235183758	-0.4539904790450204	0.7425082330329051
4.46	0.5504383180381525	-0.3681245310877597	0.7351164746276472
4.47	0.5921652812575185	-0.2789910837323452	0.7277983020627345
4.48	0.6321706987323328	-0.18738129176591825	0.7205529827823944
4.49	0.6703813181589244	-0.09410829018826294	0.7133797915234101
4.5	0.7067296619743766	2.323451770014124e-8	0.7062780102426891
4.51	0.741153845247266	0.09410833645106713	0.6992469280453434
4.52	0.7735974016617927	0.18738133741096588	0.6922858411135289
4.53	0.804009119901407	0.27899112835539314	0.6853940526359927
4.54	0.8323428922544401	0.36812457429357615	0.6785708727382824
4.55	0.8585575768007488	0.4539905204484237	0.6718156184138443
4.56	0.8826168741077205	0.53582681460394	0.665127613455421
4.57	0.9044892189625837	0.6129070720196774	0.6585061883875181
4.58	0.9241476872608497	0.6845471228746527	0.6519506803993499
4.59	0.9415699178351368	0.7501110850044055	0.6454604332784913
4.6	0.9567380486743351	0.8090170080407865	0.6390347973451543
4.61	0.9696386666882304	0.8607420388400623	0.6326731293873
4.62	0.98026276989983	0.9048270623666378	0.6263747925960335
4.63	0.9886057407252912	0.9408807768315759	0.6201391565020045
4.64	0.9946673287912896	0.9685831669122019	0.6139655969122615
4.65	0.9984516415755716	0.9876883442333827	0.6078534958477684
4.66	0.9999671410153448	0.9980267298887397	0.6018022414815093
4.67	0.997260602700251	0.9995065596351003	1.5875486969798203
4.68	0.9868314868626953	0.9921146983990148	1.5717444595281704
4.69	0.9689166910937401	0.9759167568641146	1.5560975551535492
4.7	0.943881780123787	0.9510565091059004	1.5406064175863272
4.71	0.9121301241621532	0.9177546164439114	1.5252694961492772
4.72	0.8740967783398407	0.8763066688343552	1.5100852556022648
4.73	0.8302426165751797	0.8270805611947702	1.495052175988911
4.74	0.7810487564636662	0.77051322794207	1.480168752483928
4.75	0.7270113037483142	0.7071067647303981	1.4654334952428296
4.76	0.6686364375904716	0.6374239718160222	1.4508449292527095
4.77	0.6064358512052594	0.5620833586012257	1.4364015941845927
4.78	0.5409225565385958	0.48175365370402395	1.4221020442472532
4.79	0.4726070564284496	0.3971478692704147	1.407944848042409
4.8	0.4019938831667577	0.3090169722342491	1.393928588421762
4.81	0.32957849847780113	0.21814321867507946	1.3800518623446527
4.82	0.25584454667257484	0.1253332104645712	1.366313280737941
4.83	0.18126145001851582	0.03141073580513287	1.3527114683568744
4.84	0.10628233324755233	-0.06279054276991293	1.3392450636474296
4.85	0.03134226242809984	-0.15643448804122664	1.325912718609939
4.86	-0.043143217733935556	-0.24868990972293523	1.3127130986644602
4.87	-0.11677926492302591	-0.3387379421601327	1.2996448825167273
4.88	-0.18919265567666196	-0.4257793126412025	1.2867067620261927
4.89	-0.26003245452103874	-0.5090414358006239	1.2738974420750053
4.9	-0.32897045272059666	-0.5877852711387702	1.2612156404383668
4.91	-0.3957013931692524	-0.6613118827992667	1.248660087656109
4.92	-0.4599429971596253	-0.7289686433709722	1.2362295269059043
4.93	-0.5214358079920314	-0.7901550266567868	1.2239227138770314
4.94	-0.5799428653337572	-0.8443279379877152	1.2117384166461003
4.95	-0.6352492232831625	-0.891006534768077	1.199675415553665
4.96	-0.6871613241574263	-0.9297764944673822	1.187732503082138
4.97	-0.7355062393518709	-0.9602936921793979	1.175908483734845
4.98	-0.78013078837461	-0.9822872550962076	1.1642021739166266
4.99	-0.8209005477662078	-0.9955619667967686	1.1526124018149528
5.0	-0.8576986738417913	-0.9999999999999998	1.1411380764650112
