0.45427429771138605	2.5076192560968202	1.6436812763594535	0.8903273580284683	-0.3537433327933428	3.061167881658184	2.397663513219886	2.003707794459645	1.7203361371057877	1.4991680142930504	1.312557410669803	1.1466813185602494	1.001539737964392	0.8633096612064302	0.7319910882863665	0.6144955230421019	0.4969999577978479	0.3795043925535939	0.2689203311472381	0.15833626974088055	0.04775220833452387	-0.06283185307183103	-0.1803274183160859	-0.29782298356034076	-0.4360530603182866	-0.5950176485899235	-0.7816282522131495	-1.0027963750258628	-1.2516105131901654	-1.5142476590302625	-1.7699733010324614	-2.0118759353588676	-2.23304405817158	-2.4403891733085086	-2.620088273093849	-2.7859643652033945	-2.9380174496371456	-3.0762475263951004	3.0825307117023275	2.9719466502959637	2.8682740927274972	2.771513038996929	2.681663489104259	2.598725443049486	2.515787396994713	2.4466723586157357	2.3775573202367584	2.315353785695679	2.253150251154599	2.197858220451417
0.3644247478187128	2.4039466985283475	1.5261857111151826	0.7659202889463006	-0.4919734095513064	2.9298493087381186	2.2663449402998204	1.8723892215395797	1.5890175641857223	1.367849441372984	1.1812388377497385	1.015362745640184	0.8702211650443239	0.7319910882863634	0.6075840192041997	0.4831769501220484	0.3725928887156926	0.25509732347143865	0.15142476590298015	0.04084070449662347	-0.06283185307183503	-0.17341591447819127	-0.2839999758845515	-0.4014955411288028	-0.532814114048854	-0.6848671984825927	-0.8645662982679205	-1.0788229172427357	-1.3138140477312454	-1.5557166820576498	-1.797619316384055	-2.0256989430346666	-2.2399555620094818	-2.440389173308505	-2.6200882730938453	-2.785964365203391	-2.931105945799244	-3.0693360225571986	3.0894422155402292	2.9788581541338655	2.875185596565398	2.7784245428348306	2.6885749929421596	2.605636946887387	2.522698900832614	2.4535838624536375	2.38446882407466	2.322265289533581	2.260061754992501	2.204769724289319
0.28839820560183593	2.314097148635672	1.4156016497088109	0.6553362275399293	-0.5956459671197791	2.812353743493847	2.1419378712176487	1.7410706486195116	1.457698991265655	1.2365308684529177	1.0499202648296686	0.8909556765580131	0.745814095962154	0.6075840192041957	0.4831769501220444	0.36568138487779134	0.24818581963353648	0.13760175822718068	0.03392920065872129	-0.06974335690973898	-0.17341591447819837	-0.28399997588455506	-0.38767253345301356	-0.5051680986972684	-0.6295751677794179	-0.7816282522131601	-0.9544158481605898	-1.1617609632975103	-1.3760175822723255	-1.6110087127608326	-1.832176835573546	-2.0533449583862593	-2.260690073523179	-2.447300677146404	-2.6200882730938417	-2.7859643652033874	-2.9311059457992403	-3.062424518719297	3.09635371937813	2.9857696579717654	2.8820971004033	2.7853360466727324	2.6954864967800614	2.6125484507252885	2.5296104046705157	2.4604953662915383	2.391380327912561	2.3291767933714826	2.2669732588304026	2.2047697242893225
0.2331061748986536	2.2518936140945947	1.3188405959782337	0.5516636699714557	-0.6647610054987592	2.708681185925373	2.0175308021354805	1.6166635795373399	1.333291922183486	1.112123799370746	0.9255131957474987	0.7665486074758432	0.6214070268799841	0.49008845395993683	0.35876988103988827	0.2412743157956343	0.1306902543892794	0.02010619298292271	-0.08356636458553757	-0.18723892215399696	-0.28399997588455994	-0.3876725334530189	-0.49134509102147916	-0.6088406562657322	-0.7332477253478835	-0.8783893059437258	-1.051176901891159	-1.2446990093522814	-1.452044124489202	-1.6663007434640171	-1.8805573624388332	-2.087902477575752	-2.281424585036876	-2.461123684822205	-2.6339112807696363	-2.7859643652033848	-2.931105945799237	-3.0624245187192933	3.0963537193781328	2.985769657971769	2.8820971004033034	2.785336046672736	2.695486496780065	2.612548450725292	2.5365219085084174	2.460495366291542	2.3913803279125645	2.3291767933714844	2.266973258830406	2.2116812281272242
0.19163715187127117	2.2104245910672127	1.2359025499234644	0.46872562391668104	-0.6993185246882394	2.6326546437084968	1.913858244567006	1.506079518130969	1.2157963569392152	0.987716730288577	0.8080176305032261	0.6490530422315715	0.5039114616357274	0.3656813848777807	0.2412743157956303	0.13069025438927362	0.013194689145018756	-0.09047786842343974	-0.19415042599190002	-0.29091147972246123	-0.3945840372909206	-0.4913450910214827	-0.5950176485899412	-0.7056017099962979	-0.8300087790784492	-0.9751503596742932	-1.1410264517838282	-1.3276370554070542	-1.5280706667060766	-1.7285042780050972	-1.9289378893041178	-2.122459996765242	-2.30907060038847	-2.481858196335901	-2.6477342884454362	-2.7997873728791767	-2.9380174496371323	-3.069336022557189	3.0963537193781354	2.9857696579717725	2.882097100403306	2.7853360466727386	2.702398000617965	2.619459954563193	2.53652190850842	2.4674068701294427	2.3982918317504653	2.336088297209386	2.273884762668306	2.211681228127227
0.16399113651968467	2.210424591067224	1.1736990153823834	0.3996105855377019	-0.7062300285261287	2.5842741168432157	1.8170971908364324	1.395495456724599	1.0983007916949434	0.8771326688822043	0.6905220652589552	0.5315574769873104	0.3864158963914681	0.25509732347141956	0.13069025438926918	0.013194689145015204	-0.09738937226134148	-0.20106192982980087	-0.30473448739825937	-0.40149554112882324	-0.49825659485938534	-0.5950176485899465	-0.698690206158405	-0.8092742675647617	-0.933681336646913	-1.0719114134048588	-1.2377875055143939	-1.4174866052997217	-1.6040972089229495	-1.7907078125461773	-1.9842299200073015	-2.163929019792631	-2.34362811957796	-2.509504211687494	-2.6684687999591317	-2.813610380554975	-2.9518404573129233	-3.0762475263950826	3.0894422155402417	2.978858154133878	2.8820971004033105	2.785336046672743	2.695486496780072	2.6194599545631974	2.5365219085084245	2.4674068701294463	2.398291831750469	2.3360882972093897	2.2738847626683096	2.2185927319651286
0.15016812884389852	2.2657166217704265	1.1253184885171041	0.3443185548345231	-0.6924070208503177	2.570451109167429	1.7341591447816587	1.2987344029940253	0.9946282341264725	0.7665486074758312	0.5799380038525883	0.4209734155809497	0.27583183498510744	0.14451326206505977	0.02010619298290761	-0.09047786842344818	-0.20106192982980486	-0.30473448739826425	-0.40840704496672364	-0.5051680986972857	-0.6019291524278478	-0.6986902061584082	-0.7954512598889707	-0.9060353212953274	-1.0304423903774804	-1.1686724671354263	-1.3276370554070631	-1.5004246513544954	-1.6801237511398233	-1.8598228509251529	-2.0395219507104825	-2.212309546657915	-2.385097142605348	-2.544061730876985	-2.689203311472827	-2.834344892068671	-2.9656634649887206	-3.0900705340708736	3.082530711702349	2.971946650295985	2.875185596565416	2.7853360466727466	2.6954864967800756	2.6125484507253027	2.536521908508428	2.4674068701294507	2.3982918317504733	2.336088297209394	2.273884762668315	2.218592731965133
0.15016812884391584	2.424681210042115	1.0907609693276203	0.3097610356450389	-0.6647610054987112	2.618831636032734	1.6719556102405804	1.208884853101349	0.8978671803958953	0.6628760499073536	0.4762654462841249	0.3173008580124854	0.17215927741664405	0.04084070449659549	-0.08356636458555489	-0.19415042599191246	-0.30473448739826914	-0.4084070449667294	-0.5051680986972906	-0.6019291524278527	-0.6986902061584139	-0.795451259888976	-0.8922123136195381	-1.0027963750258948	-1.127203444108046	-1.2654335208659937	-1.4243981091376288	-1.5902742012471638	-1.7561502933566988	-1.928937889304132	-2.1017254852515634	-2.2676015773610985	-2.4265661656327353	-2.5786192500664757	-2.7237608306623198	-2.8550794035823683	-2.986397976502417	-3.10389354174667	3.068707704026558	2.9650351464580913	2.868274092727523	2.778424542834853	2.688574992942182	2.6125484507253063	2.5365219085084316	2.460495366291557	2.398291831750477	2.3291767933715004	2.2738847626683185	2.2185927319651366
0.15707963268183134	-3.0982386749685737	1.0907609693276346	0.2890265241313581	-0.6232919824713012	2.7777962243044243	1.6304865872132002	1.132858310884476	0.8080176305032256	0.5730265000146839	0.38641589639145524	0.2205398042819211	0.07539822368607885	-0.0559203492339706	-0.1803274183161201	-0.29782298356037495	-0.40149554112883346	-0.5051680986972937	-0.6019291524278567	-0.698690206158417	-0.7954512598889782	-0.8922123136195412	-0.9889733673501042	-1.0995574287564605	-1.2239644978386117	-1.3621945745965576	-1.514247659030298	-1.6732122473019349	-1.8321768355735717	-1.9980529276831085	-2.1570175159547453	-2.315982104226384	-2.4680351886601226	-2.613176769255965	-2.7514068460139107	-2.88272541893396	-3.0071324880161114	-3.1246280532603645	3.0548846963507614	2.9512121387822994	2.854451085051732	2.764601535159062	2.681663489104289	2.6056369468874134	2.5296104046705388	2.4604953662915605	2.391380327912584	2.329176793371504	2.2669732588304248	2.2116812281272438
0.17090264035763436	-1.2044866233842555	1.1184069846792424	0.2890265241313701	-0.5679999517680985	-3.069964341087517	1.6235750833753118	1.0775662801812969	0.7389025921242487	0.49008845395991063	0.29656634649878644	0.13069025438925141	-0.014451326206590842	-0.1457698991266403	-0.27017696820879067	-0.38767253345304464	-0.49825659485940044	-0.6019291524278616	-0.6986902061584219	-0.795451259888984	-0.8853008097816497	-0.9820618635122118	-1.078822917242773	-1.1894069786491315	-1.313814047731281	-1.4520441244892277	-1.6040972089229664	-1.7561502933567077	-1.9151148816283454	-2.067167966062086	-2.2192210504958254	-2.371274134929566	-2.516415715525409	-2.654645792283355	-2.7859643652034034	-2.9103714342855547	-3.0278669995298086	3.1378227424055236	3.034150184837065	2.937389131106502	2.84062807737594	2.757690031321168	2.6747519852663952	2.5918139392116224	2.522698900832644	2.4535838624536677	2.3844688240746903	2.32226528953361	2.2669732588304283	2.2116812281272464
0.1985486557092404	-0.955672485219873	1.1806105192203464	0.30284953180718155	-0.5057964172269944	-2.212937865188035	1.6650441064027195	1.0430087609918157	0.6766990575831695	0.42097341558093504	0.22053980428191267	0.05466371217237764	-0.0973893722613619	-0.22870794518141047	-0.360026518101459	-0.4706105795078157	-0.5811946409141724	-0.6848671984826309	-0.7885397560510912	-0.878389305943756	-0.9751503596743181	-1.0719114134048793	-1.1686724671354412	-1.2792565285417987	-1.4036635976239502	-1.5418936743818952	-1.6870352549777383	-1.839088339411477	-1.984229920007322	-2.1362830044410615	-2.2814245850369055	-2.4265661656327477	-2.5647962423906936	-2.696114815310742	-2.8205218843928934	-2.9449289534750456	-3.0555130148814005	3.117088230891829	3.013415673323369	2.9166546195928067	2.826805069700142	2.7438670236453753	2.660928977590604	2.5849024353737287	2.5157873969947513	2.446672358615774	2.3775573202367966	2.3222652895336147	2.2600617549925355	2.2047697242893536
0.2400176787366508	-0.7897963931102918	1.3119290921404367	0.34431855483458484	-0.4366813788479984	-1.6669290619940078	1.7825396716470134	1.0430087609918282	0.6352300345557875	0.3656813848777585	0.1583362697408326	-0.014451326206600612	-0.16650441064034016	-0.3047344873982851	-0.4360530603183328	-0.5535486255625885	-0.6641326869689452	-0.7678052445374037	-0.8645662982679658	-0.9613273519985279	-1.0580884057290891	-1.1548494594596523	-1.25852201702811	-1.3691060784344675	-1.4935131475166186	-1.6317432242745635	-1.7699733010325094	-1.9151148816283516	-2.0602564622241957	-2.2053980428200397	-2.3436281195779847	-2.4818581963359296	-2.613176769255979	-2.7375838383381303	-2.8619909074202816	-2.9794864726645356	-3.0900705340708914	3.0894422155402355	2.9926811618096734	2.9028316119170077	2.812982062024343	2.7300440159695762	2.647105969914808	2.5710794276979367	2.5019643893189603	2.432849350939983	2.370645816398903	2.315353785695721	2.2531502511546417	2.19785822045146
0.28839820560195495	-0.6653893240281006	1.5676547341427076	0.4065220893756889	-0.36065483663109443	-1.3489998854506424	2.0589998251629824	1.0775662801813342	0.6214070268800045	0.3311238656882809	0.10995574287554799	-0.06974335690978073	-0.22870794518141935	-0.3669380219393661	-0.49825659485941465	-0.6226636639415668	-0.7332477253479208	-0.8438317867542775	-0.9475043443227369	-1.044265398053299	-1.1341149479459647	-1.2308760016765257	-1.334548559244985	-1.45204412448924	-1.5764511935713896	-1.7146812703293355	-1.8529113470872813	-1.9911414238452272	-2.129371500603173	-2.26760157736112	-2.405831654119064	-2.5371502270391124	-2.6615572961212655	-2.785964365203416	-2.8965484266097725	-3.0140439918540274	-3.117716549422485	3.068707704026539	2.971946650295977	2.8820971004033122	2.7922475505106474	2.70930950445588	2.6332829622390097	2.564167923860036	2.495052885481063	2.4259378471020883	2.36373431256101	2.30153077801993	2.246238747316748	2.190946716613566
0.35751324398095763	-0.5617167664595999	2.452327225393784	0.5032831431062843	-0.2777167905762936	-1.127831762637864	2.791619231980283	1.1812388377498309	0.6421415383937128	0.3173008580124965	0.08230972752396015	-0.10430087609927119	-0.2701769682088062	-0.42223005264254665	-0.5604601294004943	-0.6848671984826447	-0.8023627637268969	-0.9129468251332544	-1.0166193827017147	-1.113380436432276	-1.210141490162838	-1.3069025438934	-1.4174866052997568	-1.5349821705440108	-1.6593892396261611	-1.790707812546211	-1.9289378893041569	-2.067167966062101	-2.1984865389821504	-2.329805111902198	-2.4611236848222475	-2.585530753904399	-2.7099378229865483	-2.827433388230805	-2.9380174496371616	-3.0486015110435165	3.1378227424055076	3.0410616886749455	2.9443006349443834	2.8544510850517195	2.771513038996952	2.695486496780081	2.6194599545632116	2.5503449161842386	2.481229877805264	2.412114839426293	2.3499113048852163	2.294619274182036	2.2393272434788543	2.1840352127756724
0.4404512900357531	-0.4787787204048044	-1.7159379073887138	0.6484247237021759	-0.18095573684569644	-0.9412211590145816	-2.2889644074048743	1.4093184644005063	0.7112565767727137	0.33803536952620306	0.08230972752397037	-0.12503538761296884	-0.30473448739829845	-0.456787571832038	-0.601929152427882	-0.7332477253479288	-0.8576547944300801	-0.9682388558364359	-1.0788229172427943	-1.1755839709733564	-1.279256528541815	-1.376017582272377	-1.4866016436787337	-1.6040972089229877	-1.7354157818430354	-1.866734354763084	-1.9980529276831334	-2.136283004441079	-2.267601577361127	-2.392008646443278	-2.5164157155254285	-2.6408227846075807	-2.7583183498518347	-2.8689024112581913	-2.979486472664548	-3.0831590302330065	3.1032652232160167	3.0065041694854555	2.923566123430687	2.8337165735380223	2.7507785274832557	2.6747519852663864	2.6056369468874125	2.529610404670543	2.4674068701294667	2.405203335588391	2.3429998010473163	2.287707770344138	2.2324157396409596	2.1771237089377786
0.5510353514421484	-0.40275217818790354	-1.4049202346832463	0.8695928465149532	-0.07037167543930112	-0.7891680745807919	-1.7360441003729492	1.9207697484050428	0.8563981573686017	0.4002389040672987	0.10995574287557686	-0.11812388377506311	-0.31164599123619885	-0.47752208334573387	-0.6295751677794752	-0.7747167483753166	-0.8991238174574678	-1.0166193827017227	-1.1272034441080785	-1.237787505514436	-1.3414600630828963	-1.445132620651354	-1.5557166820577106	-1.6732122473019637	-1.8045308202220123	-1.9358493931420604	-2.06716796606211	-2.1984865389821575	-2.322893608064309	-2.44730067714646	-2.5717077462286113	-2.6892033114728644	-2.799787372879223	-2.9103714342855795	-3.014043991854038	-3.1177165494224983	3.075619207864424	2.978858154133862	2.8959201080790944	2.812982062024327	2.7300440159695594	2.65401747375269	2.584902435373717	2.515787396994744	2.4535838624536677	2.391380327912593	2.329176793371518	2.273884762668338	2.2185927319651615	2.1702122050998796
0.7030884358759399	-0.34054864364679904	-1.2321326387357638	1.2704600691131018	0.06094689748078874	-0.650937997822802	-1.4112034199916854	-2.993937798870543	1.1535928223982728	0.5384689808252743	0.18598228509246706	-0.07665486074766203	-0.29091147972250564	-0.47752208334574053	-0.6433981754552747	-0.7954512598890142	-0.9336813366469601	-1.0580884057291113	-1.1755839709733662	-1.2861680323797229	-1.3898405899481814	-1.500424651354538	-1.617920216598792	-1.7423272856809433	-1.8667343547630937	-1.9980529276831422	-2.129371500603191	-2.2606900735232403	-2.3850971426053915	-2.5025927078496446	-2.6200882730938986	-2.7375838383381517	-2.8481678997445083	-2.9518404573129677	-3.0486015110435307	3.1378227424054925	3.041061688674932	2.9512121387822674	2.868274092727499	2.7853360466727324	2.709309504455862	2.6401944660768892	2.5710794276979163	2.5019643893189434	2.4397608547778677	2.377557320236792	2.3153537856957165	2.260061754992538	2.211681228127258	2.1563891974240796
0.9519025740403091	-0.2783451091057052	-1.114637073491474	-2.669725437018739	0.21991148575247133	-0.5196194249027122	-1.1900352971789139	-2.1161768114573696	1.84474320618817	0.7941946228275332	0.3311238656883355	0.0131946891450192	-0.2356194490193153	-0.4498760679941589	-0.6295751677794876	-0.7954512598890218	-0.9475043443227631	-1.0788229172428117	-1.203229986324963	-1.320725551569216	-1.4382211168134709	-1.5488051782198275	-1.6663007434640806	-1.79761931638413	-1.9289378893041786	-2.0602564622242263	-2.184663531306379	-2.3159821042264266	-2.4334776694706797	-2.5509732347149328	-2.6684687999591876	-2.7790528613655443	-2.8827254189340046	-2.986397976502463	-3.083159030233025	3.103265223215999	3.013415673323335	2.9235661234306694	2.8475395812138	2.7646015351590307	2.688574992942163	2.6194599545631885	2.5503449161842155	2.488141381643141	2.4259378471020643	2.3637343125609895	2.308442281857811	2.253150251154633	2.1978582204514545	2.1494776935861726
-2.6496192440344775	-0.22305307840249933	-1.0316990274366824	-2.0891591146352178	0.4272566008894496	-0.38830085198262276	-1.0172477012314283	-1.7083980850213227	-2.910999752815739	1.3402034260215583	0.6006725153663743	0.17907078125458709	-0.13194689145083283	-0.38076102961516733	-0.59501764859001	-0.7816282522132361	-0.9405928404848738	-1.0926459249186142	-1.223964497838662	-1.3483715669208132	-1.4727786360029653	-1.5902742012472184	-1.7146812703293706	-1.8459998432494182	-1.9773184161694668	-2.1086369890895154	-2.239955562009565	-2.3643626310917156	-2.4818581963359687	-2.5993537615802236	-2.7099378229865803	-2.820521884392935	-2.9241944419613954	-3.0278669995298557	-3.1177165494225196	3.0687077040265063	2.985769657971737	2.9028316119169695	2.819893565862202	2.743867023645331	2.6678404814284615	2.5987254430494886	2.5296104046705157	2.467406870129441	2.4052033355883644	2.349911304885188	2.2946192741820095	2.239327243478831	2.1909467166135492	2.142566189748269
-2.2833095406258286	-0.16776104769930011	-0.9833185005713743	-1.8679909918224444	0.7382742735949099	-0.26389378290043464	-0.8790176244734438	-1.4595839468569514	-2.178380345998444	2.7501502089529497	1.146681318560396	0.4762654462842173	0.05466371217242827	-0.25635396053298987	-0.5120796025352243	-0.726336221510067	-0.9129468251332931	-1.078822917242829	-1.2308760016765694	-1.362194574596617	-1.4935131475166665	-1.617920216598816	-1.7492387895188655	-1.8874688662768113	-2.018787439196859	-2.157017515954805	-2.281424585036956	-2.4058316541191074	-2.5302387232012578	-2.6408227846076153	-2.751406846013972	-2.8619909074203287	-2.958751961150891	-3.055513014881452	3.130911238567572	3.0410616886749073	2.958123642620139	2.8751855965653723	2.799159054348502	2.723132512131632	2.6471059699147608	2.584902435373686	2.515787396994714	2.4535838624536375	2.391380327912562	2.3360882972093844	2.280796266506205	2.225504235803026	2.1771237089377458	2.1287431820724647
-2.1519909677057387	-0.11938052083400263	-0.9625839890576731	-1.750495426578151	1.4778051842501014	-0.12566370614245015	-0.7615220592291538	-1.2937078547473742	-1.832805154103489	-2.5170440340554854	2.501336070788593	1.0568317686677169	0.37259288871574947	-0.05592034923393774	-0.38076102961515046	-0.6433981754552813	-0.8576547944301232	-1.04426539805335	-1.210141490162886	-1.3621945745966264	-1.5004246513545723	-1.6386547281125163	-1.7768848048704622	-1.915114881628408	-2.053344958386354	-2.1915750351442997	-2.322893608064349	-2.4473006771464987	-2.564796242390754	-2.682291807635007	-2.7859643652034674	-2.8896369227719276	-2.993309480340386	-3.0900705340709465	3.103265223215974	3.0134156733233084	2.930477627268541	2.8544510850516716	2.771513038996904	2.702398000617931	2.633282962238958	2.5641679238599853	2.5019643893189105	2.439760854777834	2.3775573202367593	2.322265289533581	2.2669732588304026	2.2185927319651206	2.1702122050998387	2.1218316782345603
-2.0966989370025324	-0.07099999396869805	-0.9556724852197611	-1.6952033958749482	-2.932362582858861	0.019477874453436073	-0.6716725093364566	-1.1762122895030807	-1.6323715428044085	-2.1023538037815364	-2.7105661415166455	2.4114865208959184	1.001539737964535	0.28274333882308156	-0.16650441064029664	-0.4982565948594093	-0.7678052445374384	-0.982061863512282	-1.1755839709734062	-1.341460063082942	-1.4935131475166816	-1.6455662319504212	-1.7907078125462652	-1.9358493931421084	-2.0809909737379506	-2.2192210504958965	-2.350539623415946	-2.474946692498097	-2.5993537615802476	-2.7099378229866042	-2.820521884392961	-2.924194441961421	-3.0209554956919824	-3.1177165494225445	3.075619207864378	2.9926811618096085	2.909743115754843	2.8268050697000744	2.750778527483205	2.681663489104233	2.612548450725259	2.5503449161841836	2.4812298778052106	2.4259378471020323	2.3637343125609567	2.3084422818577783	2.2600617549924973	2.204769724289319	2.156389197424039	2.108008670558757
-2.0966989370025293	-0.022619467103393465	-0.9694954928955508	-1.6813803881991451	-2.648990925504997	0.1853539665630186	-0.6025574709574593	-1.1001857472861833	-1.5079644737222222	-1.8880971848066648	-2.2958759112427	-2.869530729788316	2.321636971003242	0.9324246995855532	0.19289378893041542	-0.27708847204666265	-0.6157521601036717	-0.8853008097817008	-1.1064689325944417	-1.2999910400555659	-1.4727786360029982	-1.631743224274635	-1.7907078125462736	-1.942760896980014	-2.0948139814137545	-2.2399555620095977	-2.3712741349296462	-2.502592707849694	-2.620088273093948	-2.737583838338202	-2.84816789974456	-2.94492895347512	-3.0486015110435805	-3.1384510609362444	3.054884696350676	2.9719466502959104	2.889008604241143	2.812982062024272	2.7369555198074025	2.667840481428428	2.5987254430494566	2.5296104046704837	2.467406870129407	2.412114839426229	2.349911304885154	2.301530778019874	2.2462387473166956	2.1978582204514137	2.1494776935861317	2.1010971667208516
-2.124344952354116	0.018849555924001837	-1.004053012085039	-1.7021148997128335	-2.545318367936504	0.3926990816999951	-0.5472654402542569	-1.051805220420881	-1.4457609391811217	-1.7775131234002717	-2.1023538037815217	-2.4824865148659625	-3.035406821897878	2.1903183980831695	0.8356636458549773	0.08922123136195248	-0.38767253345302377	-0.733247725347931	-1.00279637502596	-1.2239644978387036	-1.4243981091377242	-1.6040972089230547	-1.776884804870487	-1.942760896980022	-2.10172548525166	-2.246867065847503	-2.385097142605449	-2.5164157155254956	-2.6408227846076477	-2.758318349851901	-2.861990907420362	-2.96566346498882	-3.0693360225572803	3.123999734729642	3.0341501848369763	2.951212138782209	2.868274092727443	2.792247550510572	2.7162210082937026	2.6471059699147297	2.584902435373653	2.5157873969946802	2.4535838624536037	2.3982918317504254	2.342999801047249	2.2877077703440705	2.232415739640892	2.18403521277561	2.13565468591033	2.0941856628829463
-2.1796369830572977	0.05340707511350695	-1.0524335389503228	-1.743583922740219	-2.5176723525849005	0.6968052505675595	-0.5057964172268554	-1.0379822127450775	-1.41811492382952	-1.722221092697072	-2.0055927500509294	-2.309698918918483	-2.689831630002922	3.0404333701447452	1.9967962906220045	0.7112565767728047	-0.028274333882311264	-0.49825659485938756	-0.8438317867542948	-1.120291940270222	-1.348371566920862	-1.5488051782198853	-1.7423272856810095	-1.922026385466339	-2.087902477575873	-2.246867065847511	-2.392008646443354	-2.5233272193634018	-2.647734288445553	-2.7721413575277043	-2.882725418934062	-2.9863979765025213	-3.083159030233084	3.1101767270538385	3.0203271771611746	2.937389131106407	2.854451085051638	2.7784245428347685	2.7023980006178974	2.6332829622389244	2.5710794276978497	2.508875893156773	2.4466723586156984	2.3844688240746237	2.3291767933714453	2.2807962665061634	2.225504235802985	2.177123708937705	2.128743182072423	2.087274159045039
-2.2487520214362875	0.08105309046510589	-1.121548577329309	-1.8126989611192017	-2.5384068640985924	1.470893680412244	-0.49197340955105284	-1.044893716582966	-1.4250264276674067	-1.7222210926970658	-1.9779467346993251	-2.2405838805394844	-2.537778545569138	-2.9179112566535825	2.798530735818293	1.7548936562955522	0.5661149961769385	-0.15268140296447053	-0.622663663941545	-0.9613273519985559	-1.237787505514485	-1.4727786360030213	-1.6870352549778391	-1.8805573624389624	-2.06716796606219	-2.2330440581717252	-2.385097142605464	-2.5233272193634098	-2.6546457922834583	-2.772141357527713	-2.889636922771967	-2.9933094803404265	-3.0900705340709895	3.096353719378037	3.006504169485371	2.9235661234306036	2.840628077375836	2.764601535158965	2.695486496779994	2.626371458401021	2.557256420022048	2.4950528854809715	2.4328493509398967	2.3775573202367184	2.32226528953354	2.2669732588303617	2.2185927319650816	2.1702122050997996	2.1218316782345177	2.0803626552071357
-2.338601571328957	0.10178760197881775	-1.204486623384084	-1.8887255033360786	-2.5936988948017747	2.231159102581139	-0.49888491338894436	-1.079451235772452	-1.459583946856898	-1.7498671080486519	-1.998681246213013	-2.233672376701576	-2.489398018703837	-2.786592683733491	3.1164599123616528	2.5220705823023417	1.4853450066175045	0.3933274002294942	-0.28399997588452575	-0.7401592291858057	-1.0857344210807147	-1.362194574596642	-1.6040972089230783	-1.8252653317357934	-2.025698943034814	-2.2053980428201445	-2.3643626310917822	-2.5095042116876245	-2.6477342884455703	-2.7721413575277216	-2.8896369227719756	-2.993309480340436	-3.0969820379088935	3.0894422155401307	2.999592665647466	2.9166546195926975	2.83371657353793	2.7576900313210606	2.6885749929420877	2.6194599545631148	2.550344916184142	2.4881413816430653	2.4259378471019906	2.3706458163988122	2.315353785695634	2.2600617549924555	2.2116812281271754	2.1633007012618934	2.1149201743966133	2.0734511513692286
-2.4422741288974334	0.0879645943030285	-1.3012476771146622	-1.9923980609045548	-2.676636940856553	2.362477675501226	-0.52653092874053	-1.1347432664756374	-1.51487597756008	-1.805159138751832	-2.0401502692404003	-2.2682298958910634	-2.496309522541728	-2.7520351645439893	-3.049229829573643	2.839999758845704	2.217964413434797	1.1950618454257542	0.2067167966062522	-0.42914155648038044	-0.8714778021058605	-1.2101414901628749	-1.4935131475166985	-1.7423272856810312	-1.9634954084937464	-2.1570175159548706	-2.3367166157402	-2.4887697001739397	-2.6339112807697838	-2.7652298536898323	-2.8827254189340863	-2.993309480340442	-3.0969820379089024	3.0894422155401227	2.999592665647457	2.909743115754793	2.8268050697000247	2.7507785274831553	2.6816634891041833	2.6125484507252095	2.5434334123462365	2.48122987780516	2.4190263432640853	2.363734312560907	2.3084422818577286	2.2531502511545503	2.20476972428927	2.156389197423989	2.108008670558707	2.0665396475313242
-2.559769694141707	0.039584067437740345	-1.411831738521034	-2.10298212231093	-2.7733979945871283	2.355566171663334	-0.5887344632816127	-1.2107698086925183	-1.597814023614859	-1.8811856809687146	-2.1161768114572794	-2.3304334304321443	-2.544690049407013	-2.772769676057676	-3.021583814222039	2.9574953240899937	2.542805093816055	1.8931237330535566	0.8978671803961085	0.01319468914510935	-0.5742831370762325	-1.0027963750259197	-1.3414600630829305	-1.6317432242746541	-1.8805573624389877	-2.1017254852517	-2.288336088874928	-2.454212180984462	-2.6062652654182035	-2.7444953421761475	-2.8689024112583006	-2.9863979765025537	-3.090070534071013	3.0894422155401147	2.99959266564745	2.9097431157547833	2.8268050697000184	2.7507785274831464	2.674751985266277	2.6056369468873033	2.5434334123462294	2.4743183739672547	2.4190263432640773	2.3568228087230016	2.301530778019824	2.2531502511545423	2.204769724289261	2.15638919742398	2.1080086705587	2.059628143693418
-2.6841767632238818	-0.07099999396863099	-1.5362388076032123	-2.227389191393105	-2.897805063669303	2.272628125608552	-0.6716725093363931	-1.3075308624230932	-1.6876635735075358	-1.9710352308613932	-2.206026361349956	-2.4133714764869247	-2.6207165916238915	-2.82806170676086	-3.04922982957363	2.978229835603699	2.6672121628982453	2.2248759172727155	1.5406370373207174	0.6075840192043631	-0.18032741831602772	-0.733247725347884	-1.147937955621773	-1.4866016436787821	-1.7699733010326075	-2.018787439196941	-2.226132554333861	-2.412743157957087	-2.5717077462287237	-2.7168493268245677	-2.848167899744617	-2.9656634649888702	-3.076247526395227	3.1032652232159013	3.0065041694853374	2.9166546195926735	2.833716573537906	2.7507785274831384	2.6747519852662673	2.6056369468872944	2.5365219085083233	2.4743183739672467	2.412114839426172	2.3568228087229937	2.3015307780198153	2.246238747316637	2.197858220451355	2.149477693586075	2.101097166720793	2.059628143693411
-2.8224068399818494	-0.24378758991609661	-1.67446888436118	-2.3587077643131744	-3.0291236365893726	2.148221056526384	-0.775345066904868	-1.41811492382947	-1.7982476349139107	-2.081619292267768	-2.309698918918431	-2.5170440340554014	-2.71056614151657	-2.9040882489777404	-3.1114333641147107	2.950583820252109	2.6879466744119496	2.3631059940306995	1.8931237330535735	1.1881503415878791	0.32421236185054436	-0.3807610296150683	-0.8922123136195319	-1.2999910400555246	-1.6317432242746372	-1.9151148816284627	-2.150106012116998	-2.3505396234160196	-2.523327219363451	-2.682291807635089	-2.8205218843930355	-2.9449289534751877	-3.0624245187194408	3.117088230891686	3.020327177161124	2.9235661234305637	2.8406280773757953	2.7576900313210277	2.6816634891041575	2.6125484507251846	2.5434334123462117	2.4743183739672387	2.4190263432640595	2.3568228087229857	2.3015307780198073	2.246238747316628	2.197858220451347	2.149477693586066	2.101097166720785	2.059628143693401
-2.9675484205777263	-0.4511327050530607	-1.8196104649570533	-2.4969378410711496	3.115831593832242	1.9892564682547107	-0.9066636398249361	-1.5356104890737452	-1.9157432001581842	-2.1991148575120416	-2.4202829803248065	-2.6276280954617786	-2.814238699085047	-3.0008493027083194	3.0888138970100982	2.888380285711028	2.660300659060363	2.390752009382304	2.0451768174873575	1.5475485411586334	0.8425751496929408	0.05466371217252508	-0.5811946409141058	-1.0649999095669784	-1.4589556283271747	-1.7837963087083875	-2.0533449583864183	-2.2745130811991583	-2.4680351886602816	-2.6339112807698157	-2.7790528613656598	-2.9172829381236056	-3.0347785033678587	3.13782274240537	3.0341501848369106	2.9373891311063494	2.8475395812136846	2.764601535158917	2.688574992942047	2.6125484507251757	2.543433412346203	2.481229877805129	2.4190263432640524	2.3568228087229777	2.3015307780197984	2.2531502511545174	2.197858220451339	2.149477693586059	2.101097166720777	2.059628143693393
-3.112690001173588	-0.6723008278658131	-1.9647520455529115	-2.648990925504913	2.9637785093984785	1.78882285695566	-1.051805220420805	-1.673840565831707	-2.0470617730782497	-2.323521926594209	-2.5446900494069737	-2.7451236607060423	-2.9317342643293145	-3.1114333641146867	2.9920528432795273	2.8054422396562533	2.5980971245192865	2.37001749786862	2.086645840514766	1.7134246332682217	1.195061845425803	0.503911461635921	-0.20797343366759158	-0.7816282522131388	-1.2516105131902169	-1.6317432242746133	-1.9358493931421332	-2.1846635313064695	-2.392008646443413	-2.578619250066639	-2.737583838338278	-2.8758139150962236	-3.007132488016272	-3.124628053260526	3.0548846963506007	2.9581236426200386	2.868274092727373	2.77842454283471	2.7023980006178387	2.6263714584009703	2.5572564200219974	2.4881413816430236	2.425937847101948	2.3637343125608723	2.308442281857694	2.2531502511545156	2.2047697242892346	2.1494776935860562	2.1080086705586725	2.0596281436933914
3.011530717734339	-0.9003804545164611	-2.123716633824574	-2.801044009938667	2.7979024172889178	1.5538317264671102	-1.2107698086924605	-1.8120706425896698	-2.185291849836214	-2.4548404995142716	-2.6760086223270365	-2.876442233626105	-3.056141333411479	3.0542563778206313	2.881468781873161	2.7017696820877886	2.5151590784645146	2.307813963327548	2.065911329001085	1.7687166639714293	1.3747609452111904	0.8425751496929736	0.17907078125472342	-0.46369907566980917	-0.9958848711879655	-1.438221116813449	-1.7907078125462563	-2.0740794699000817	-2.309070600388618	-2.5095042116876654	-2.6822918076350986	-2.834344892068839	-2.9656634649888884	-3.0900705340710397	3.08253071170219	2.9788581541337305	2.8820971004031692	2.7922475505105044	2.716221008293634	2.6332829622388667	2.564167923859894	2.495052885480921	2.4328493509398443	2.3706458163987696	2.3153537856955912	2.260061754992413	2.2047697242892346	2.1563891974239535	2.1080086705586725	2.0596281436933914
2.8525661294626845	-1.1284600811671082	-2.2826812220962323	-2.960008598210325	2.632026325179365	1.263548565275376	-1.3835574046399168	-1.9641237270234297	-2.3235219265941742	-2.5930705762722353	-2.8142386990849984	-3.0077608065461723	3.0957254008480435	2.9298493087384694	2.7570617127909953	2.5911856206814194	2.411486520896049	2.2248759172727786	2.010619298297912	1.761805160133549	1.4507874874280935	1.0360972571541582	0.49008845396015754	-0.13194689145067695	-0.7194247176720223	-1.2239644978385913	-1.6317432242745804	-1.9496724008178985	-2.2123095466580294	-2.433477669470771	-2.620088273094022	-2.7790528613656615	-2.9241944419615065	-3.0555130148815532	3.110176727053779	3.0065041694853205	2.9028316119168602	2.8129820620241963	2.730044015969429	2.6540174737525577	2.5779909315356893	2.5088758931567154	2.4397608547777425	2.377557320236666	2.3222652895334885	2.26697325883031	2.211681228127131	2.163300701261851	2.1149201743965707	2.0665396475312887
2.6866900373531273	-1.3496282039798544	-2.448557314205786	-3.125884690319886	2.452327225394008	0.8972388618667502	-1.556345000587374	-2.1161768114571906	-2.468663507190035	-2.7382121568680944	-2.952468775842963	3.137194423875453	2.9644068279279807	2.7985307358184066	2.6326546437088325	2.473690055437155	2.3078139633275825	2.1281148635422085	1.934592756081038	1.7134246332682714	1.450787487428114	1.1259468070468621	0.690522065259227	0.15142476590316534	-0.42914155648028185	-0.9751503596742381	-1.4451326206513144	-1.811442324059918	-2.1017254852516416	-2.343628119578078	-2.5440617308771234	-2.723760830662476	-2.8758139150962236	-3.0140439918541695	-3.13845106093632	3.034150184836909	2.9304776272684503	2.8406280773757855	2.75077852748312	2.667840481428354	2.591813939211483	2.522698900832511	2.453583862453537	2.3913803279124615	2.3291767933713867	2.2738847626682075	2.21859273196503	2.170212205099747	2.121831678234467	2.073451151369186
2.5139024414056683	-1.5707963267926077	-2.6144334063153396	2.991424524750143	2.265716621770749	0.36505306634854673	-1.7360441003727312	-2.275141399728848	-2.6207165916237942	-2.883353737463957	-3.0976103564388238	2.998964347117492	2.826176751170018	2.660300659060444	2.501336070788766	2.349282986354992	2.183406894245418	2.017530802135844	1.8447432061883697	1.6443095948892994	1.4162299682386363	1.139769814722679	0.7941946228277308	0.35185837720222946	-0.17341591447803406	-0.7263362215098867	-1.2377875055143521	-1.652477735788243	-1.9842299200073557	-2.2468670658474865	-2.4680351886602265	-2.6546457922834774	-2.8205218843930355	-2.9656634649888884	-3.096982037908938	3.0687077040263953	2.9581236426200386	2.8613625888894765	2.7715130389968117	2.688574992942045	2.6056369468872775	2.5365219085083046	2.4674068701293317	2.3982918317503588	2.3429998010471804	2.2807962665061057	2.2255042358029264	2.1771237089376463	2.1287431820723643	2.080362655207084
2.3411148454582067	-1.7781414419295567	-2.787221002262805	2.8255484326405833	2.079106018147498	-0.2846282944139391	-1.9157432001580892	-2.4341059880005114	-2.772769676057556	-3.028495318059819	3.0404333701449024	2.8538227665216302	2.687946674412056	2.522070582302482	2.3700174978687043	2.2179644134349266	2.0659113290011506	1.9069467407294765	1.7410706486199024	1.5544600449966284	1.3540264336975616	1.119035303208995	0.8287521420172395	0.46244243860861456	0.013194689145232807	-0.4982565948592308	-1.0304423903773925	-1.4866016436786689	-1.8529113470872742	-2.143194508278998	-2.385097142605434	-2.5855307539044796	-2.7652298536898323	-2.9172829381235923	-3.0555130148815524	3.103265223215881	2.992681161809526	2.8890086042410656	2.7991590543484017	2.709309504455737	2.6263714584009685	2.5503449161840983	2.481229877805127	2.4121148394261533	2.3499113048850777	2.2946192741819003	2.239327243478721	2.1840352127755427	2.1356546859102616	2.0872741590449806
2.1683272495107513	-1.9854865570665101	-2.9530970943723656	2.652760836693128	1.8855839106863446	-0.7684335630668482	-2.0954422999434428	-2.593070576272167	-2.924822760491315	3.10263690468601	2.8952917895490415	2.7086811859257693	2.5428050938161935	2.3838405055445193	2.2317874211107416	2.086645840514864	1.9345927560810878	1.7825396716473119	1.6235750833756342	1.4576989912660618	1.2710883876427896	1.0637432725058211	0.8149291343414564	0.5108229654739187	0.13760175822741694	-0.318557495073863	-0.8300087790783248	-1.3207255515690974	-1.714681270329292	-2.0395219507105082	-2.295247592712741	-2.516415715525481	-2.703026319148732	-2.86890241125829	-3.0071324880162535	-3.138451060936317	3.0272386809990115	2.916654619592655	2.8198935658620936	2.730044015969429	2.6471059699146613	2.571079427697792	2.495052885480921	2.4328493509398452	2.3637343125608723	2.308442281857694	2.246238747316619	2.190946716613439	2.142566189748159	2.0941856628828788
1.988628149725395	-2.1859201683655645	-3.1258846903198165	2.4868847445835716	1.6851502993872938	-1.134743266475473	-2.275141399728799	-2.752035164543827	-3.0768758449250786	2.9574953240901465	2.750150208953178	2.5635396053299058	2.40457501705823	2.2456104287865575	2.0935573443527797	1.948415763756902	1.8032741831610242	1.6581326025651464	1.5129910219692686	1.3540264336975945	1.1812388377501204	0.98771673028895	0.7734601113140815	0.5108229654739365	0.1928937889306166	-0.20106192982957793	-0.664132686968756	-1.154849459459525	-1.5833626974092123	-1.9289378893041214	-2.2053980428200486	-2.440389173308583	-2.640822784607632	-2.8136103805550867	-2.9656634649888485	-3.096982037908914	3.061796200188507	2.951212138782142	2.847539581213683	2.757690031321018	2.667840481428353	2.591813939211482	2.5157873969946127	2.44667235861564	2.377557320236667	2.3153537856955912	2.260061754992414	2.2047697242892337	2.1494776935860562	2.101097166720776
1.8158405537779396	-2.379442275826718	2.991424524750209	2.314097148636109	1.4847166880882385	-1.43193793150511	-2.447928995676258	-2.917911256653384	3.0473448739828504	2.8054422396563874	2.598097124519419	2.418398024734045	2.2594334364623707	2.1073803520285947	1.955327267594817	1.8170971908368392	1.6719556102409614	1.53372553348298	1.388583952887104	1.2365308684533298	1.0775662801816521	0.9047786842341781	0.7043450729351095	0.4762654462844589	0.2067167966064316	-0.13194689145057925	-0.5466371217244701	-1.0166193827015446	-1.45204412448913	-1.8183538278977336	-2.1155484929273536	-2.36436263109169	-2.5786192500665317	-2.7583183498518844	-2.9172829381235443	-3.055513014881506	3.0963537193780146	2.9857696579716437	2.875185596565271	2.77842454283471	2.6954864967799423	2.612548450725174	2.5365219085083046	2.4604953662914344	2.3982918317503588	2.3291767933713867	2.2738847626682075	2.218592731965029	2.163300701261851	2.1149201743965707
1.636141453992586	-2.5660528794499733	2.825548432640648	2.141309552688657	1.2773715729512851	-1.701486581183154	-2.6276280954616134	-3.076875844925045	2.8952917895490913	2.6533891552226265	2.452955543923558	2.2732564441381857	2.11429185586651	1.9622387714327338	1.8170971908368543	1.6788671140788765	1.5406370373208986	1.402406960562919	1.2641768838049394	1.1190353032090616	0.9738937226131856	0.8080176305036098	0.6283185307182375	0.42788491941919027	0.18598228509275394	-0.10430087609896965	-0.47061057950757323	-0.9060353212951568	-1.3414600630827422	-1.714681270329244	-2.0326104468725603	-2.2883360888747912	-2.509504211687535	-2.703026319148684	-2.8689024112582384	-3.014043991854102	3.1309112385675224	3.0134156733232516	2.9097431157547806	2.806070558186306	2.7162210082936333	2.633282962238866	2.5503449161840983	2.4812298778051254	2.4121148394261542	2.3429998010471813	2.287707770344002	2.225504235802928	2.170212205099748	2.121831678234467
1.463353858045128	-2.7457519792353295	2.6665838443689864	1.9685219567411991	1.0631149539764344	-1.9433892155096046	-2.7935041875711715	3.0473448739828832	2.7432387051153277	2.5013360707888648	2.307813963327698	2.128114863542324	1.9691502752706498	1.8240086946747702	1.6788671140788924	1.5406370373209128	1.4093184644008332	1.2710883876428554	1.1397698147227757	1.001539737964798	0.8563981573689183	0.7112565767730405	0.5453804846634753	0.35876988104022445	0.14451326206538084	-0.11812388377474825	-0.43605306031806634	-0.8300087790782626	-1.2446990093521517	-1.6248317204365499	-1.9496724008177662	-2.219221050495795	-2.4542121809843334	-2.6477342884454806	-2.820521884392935	-2.979486472664595	-3.1108050455846588	3.04797319251276	2.9373891311063893	2.8337165735379166	2.736955519807342	2.654017473752564	2.571079427697791	2.49505288548092	2.425937847101948	2.356822808722975	2.3015307780197967	2.239327243478721	2.1840352127755427	2.1356546859102616
1.2905662620976734	-2.9185395751827876	2.5007077522594336	1.8026458646316428	0.8488583350015872	-2.1645573383223535	-2.966291783518626	2.8952917895491215	2.5911856206815678	2.3561944901930048	2.155760878893938	1.9829732829464604	1.8309201985126844	1.6788671140789067	1.5406370373209288	1.4024069605629528	1.2710883876428714	1.1466813185606881	1.0153627456406085	0.8840441727205306	0.745814095962551	0.6006725153666785	0.44861943093291856	0.27583183498546227	0.0823097275243132	-0.14576989912632676	-0.4360530603180486	-0.7885397560508558	-1.182495474811052	-1.5557166820575539	-1.8805573624387684	-2.1570175159546956	-2.39892015028113	-2.5993537615801774	-2.779052861365532	-2.93801744963719	-3.076247526395152	3.075619207864369	2.965035146457998	2.8544510850516254	2.764601535158951	2.6747519852662744	2.5918139392114963	2.5157873969946163	2.4397608547777425	2.377557320236667	2.308442281857694	2.2531502511545156	2.1978582204513373	2.142566189748159
1.1246901699881127	-3.0844156672923413	2.3486546678256692	1.636769772522082	0.6346017160267357	-2.3719024534593016	-3.1321678756281885	2.736327201277464	2.4391325362478105	2.2041414057592457	2.0106192982980753	1.8447432061885012	1.6857786179168235	1.5406370373209475	1.4024069605629679	1.2710883876428882	1.1397698147228104	1.015362745640629	0.8909556765584474	0.7596371036383678	0.6283185307182864	0.4969999577982227	0.35185837720235913	0.19289378893070097	0.013194689145350047	-0.20106192982949533	-0.456787571831728	-0.7747167483750426	-1.1410264517836461	-1.5004246513543515	-1.8252653317355643	-2.1086369890893897	-2.350539623415828	-2.5578847385527714	-2.737583838338124	-2.9034599304476805	-3.0486015110435423	3.1032652232159785	2.9857696579717095	2.882097100403235	2.7853360466726604	2.695486496779986	2.6056369468873095	2.5296104046704295	2.4535838624535495	2.391380327912466	2.3222652895334894	2.266973258830311	2.2047697242892346	2.149477693586057
0.9726370855543518	3.039805051615586	2.1896900795540137	1.477805184250423	0.4203450970518876	-2.565424560920455	2.992052843279742	2.584274116843705	2.2939909556519478	2.0589998251633848	1.8654777177022144	1.6996016255926403	1.5475485411588625	1.402406960562983	1.2641768838050051	1.1328583108849273	1.008451241802744	0.8840441727205626	0.7596371036383829	0.6421415383941014	0.5108229654740359	0.3864158963918669	0.24818581963390507	0.09613273520014509	-0.06974335690941125	-0.2632654643705621	-0.49825659485910023	-0.7885397560508238	-1.127203444107833	-1.4658671321648455	-1.7837963087081583	-2.0602564622240873	-2.309070600388422	-2.5164157155253672	-2.703026319148618	-2.8689024112581727	-3.0140439918540345	3.1309112385675864	3.013415673323319	2.902831611916948	2.8060705581863736	2.709309504455801	2.626371458401021	2.5434334123462428	2.474318373967261	2.398291831750381	2.3360882972092956	2.2738847626682137	2.218592731965029	2.163300701261851
0.8205840011205909	2.894663471019723	2.0445484989581475	1.3188405959787604	0.20608847807703246	-2.745123660705814	2.8399997588459795	2.4322210324099425	2.141937871218187	1.913858244567522	1.7272476409442499	1.5613715488346758	1.4024069605629998	1.264176883805022	1.1328583108849406	1.001539737964861	0.8771326688826813	0.759637103638398	0.6352300345562165	0.5177344693119474	0.3933274002297802	0.2689203311476147	0.14451326206544568	-0.0006283185304143402	-0.1526814029641761	-0.332380502749527	-0.5535486255622706	-0.8230972752402979	-1.134114947945716	-1.4589556283269305	-1.756150293356554	-2.0326104468724813	-2.274513081198914	-2.4887697001737576	-2.6753803037970085	-2.841256395906565	-2.993309480340325	-3.1246280532603903	3.0341501848370287	2.923566123430658	2.819893565862185	2.7300440159695087	2.6401944660768324	2.557256420022054	2.4881413816430724	2.4121148394261924	2.3499113048851106	2.287707770344025	2.2255042358029415	2.170212205099756
0.6823539243626309	2.7495218904238614	1.9063184222001874	1.1667875115450004	0.00565486677798166	-2.9179112566532703	2.6879466744122213	2.2870794518140807	2.003707794460225	1.7756281678095602	1.589017564186288	1.4162299682388175	1.2710883876429362	1.1259468070470602	0.9946282341269823	0.8702211650447973	0.7458140959626176	0.6283185307183361	0.5108229654740688	0.39332740022979795	0.28274333882342706	0.1583362697412598	0.03392920065909433	-0.09738937226097288	-0.2425309528568329	-0.4153185488042892	-0.6226636639412346	-0.8714778021055691	-1.1617609632972892	-1.4589556283269145	-1.7492387895186345	-2.0118759353587654	-2.2537785696852017	-2.461123684822147	-2.647734288445398	-2.8205218843928526	-2.9725749688266143	-3.103893541746678	3.054884696350741	2.9443006349443683	2.8406280773758974	2.743867023645321	2.6540174737526465	2.5710794276978683	2.4950528854809884	2.4259378471020066	2.3568228087230247	2.294619274181941	2.2393272434787557	2.184035212775572
0.5648583591183689	2.625114821341694	1.7680883454422274	1.0216459309491457	-0.18786724068317096	-3.0768758449249285	2.5428050938163578	2.1419378712182207	1.858566213864365	1.6373980910515966	1.4507874874283262	1.284911395318752	1.1328583108849744	0.994628234126993	0.8633096612069169	0.7389025921247354	0.6214070268804539	0.5039114616361866	0.38641589639191576	0.2758318349855431	0.16524777357917575	0.047752208334906676	-0.0697433569093624	-0.20106192982942783	-0.339292006587395	-0.5051680986969496	-0.6986902061580968	-0.933681336646635	-1.203229986324664	-1.4796901398405913	-1.7561502933565203	-2.004964431520853	-2.239955562009391	-2.447300677146333	-2.6339112807695857	-2.799787372879142	-2.951840457312902	-3.0900705340708656	3.0687077040265534	2.9581236426201825	2.8544510850517097	2.757690031321137	2.667840481428459	2.5849024353736807	2.5088758931568007	2.439760854777819	2.3706458163988353	2.3084422818577535	2.2462387473166716	2.1909467166134844
0.4542742977119971	2.5076192560974278	1.6436812763600663	0.8903273580290829	-0.3537433327927282	3.061167881658797	2.397663513220497	2.0037077944602615	1.720336137106404	1.4991680142936339	1.3125574106703652	1.1466813185607894	1.0015397379649098	0.863309661206932	0.7319910882868523	0.6144955230425708	0.4969999577983035	0.37950439255403445	0.26892033114766356	0.1583362697412909	0.04775220833492355	-0.06283185307144912	-0.18032741831571997	-0.29782298355998726	-0.4360530603179491	-0.5950176485896073	-0.7816282522128581	-1.0027963750256	-1.2516105131899344	-1.5142476590300653	-1.769973301032298	-2.0118759353587325	-2.2330440581714743	-2.4403891733084198	-2.6200882730937742	-2.785964365203329	-2.9380174496370906	-3.0762475263950524	3.0825307117023666	2.971946650295994	2.868274092727521	2.7715130389969485	2.681663489104272	2.598725443049492	2.5157873969947158	2.446672358615734	2.377557320236754	2.3153537856956703	2.253150251154585	2.1978582204513977
