0.7511843367121215	0.7055802995620625	0.6599762624120035	0.6143722252619439	0.5687681881118846	0.5231641509618266	0.4775601138117672	0.4319560766617079	0.386352039511647	0.3407480023615892	0.29514396521152997	0.24953992806147096	0.20393589091141062	0.15833185376135295	0.1127278166112946	0.06712377946123604	0.021519742311175705	-0.024084294838884412	-0.0696883319889432	-0.11529236913900154	-0.16089640628906232	-0.20650044343912177	-0.25210448058918145	-0.29770851773923823	-0.34331255488930057	-0.38891659203935625	-0.4345206291894159	-0.4801246663394745	-0.5257287034895362	-0.571332740639596	-0.6169367777896531	-0.6625408149397116	-0.7081448520897715	-0.7537488892398283	-0.7993529263898913	-0.8449569635399516	-0.890561000690008	-0.9361650378400657	-0.9817690749901247	-1.0273731121401863	-1.0729771492902485	-1.1185811864403057	-1.1641852235903647	-1.209789260740421	-1.2553932978904818	-1.3009973350405404	-1.3466013721906025	-1.392205409340661	-1.4378094464907165	-1.4834134836407782
0.7510529058933572	0.7055046831487607	0.6599564604041638	0.614408237659567	0.5688600149149702	0.5233117921703749	0.4777635694257779	0.4322153466811811	0.38666712393658276	0.34111890119198685	0.2955706784473904	0.25002245570279413	0.2044742329581961	0.15892601021360098	0.11337778746900495	0.06782956472440915	0.02228134197981113	-0.023266880764786668	-0.06881510350938269	-0.11436332625397827	-0.15991154899857674	-0.2054597717431741	-0.2510079944877708	-0.29655621723236525	-0.34210443997696505	-0.3876526627215586	-0.43320088546615554	-0.47874910821075134	-0.5242973309553505	-0.5698455536999478	-0.6153937764445425	-0.6609419991891379	-0.7064902219337359	-0.7520384446783299	-0.7975866674229315	-0.8431348901675277	-0.8886831129121213	-0.9342313356567176	-0.9797795584013143	-1.0253277811459132	-1.0708760038905125	-1.1164242266351074	-1.1619724493797041	-1.2075206721242981	-1.2530688948688957	-1.298617117613491	-1.3441653403580918	-1.3897135631026876	-1.4352617858472811	-1.4808100085918796
0.7522814505675287	0.7068171591258464	0.6613528676841641	0.6158885762424819	0.5704242848007995	0.5249599933591185	0.47949570191743607	0.43403141047575367	0.3885671190340695	0.34310282759238886	0.2976385361507068	0.2521742447090245	0.2067099532673411	0.1612456618256608	0.1157813703839794	0.07031707894229755	0.02485278750061415	-0.02061150394106903	-0.06607579538275132	-0.11154008682443206	-0.1570043782661159	-0.20246866970779864	-0.24793296114948116	-0.293397252591161	-0.3388615440328462	-0.3843258354745256	-0.4297901269162079	-0.4752544183578895	-0.520718709799574	-0.5661830012412568	-0.6116472926829368	-0.6571115841246189	-0.7025758755663012	-0.7480401670079817	-0.793504458449668	-0.8389687498913503	-0.8844330413330299	-0.9298973327747104	-0.9753616242163932	-1.0208259156580777	-1.066290207099763	-1.1117544985414427	-1.1572187899831259	-1.202683081424805	-1.2481473728664878	-1.29361166430817	-1.339075955749855	-1.3845402471915365	-1.4300045386332152	-1.4754688300748997
0.7525797380054108	0.7071715408838813	0.6617633437623519	0.6163551466408226	0.570946949519293	0.5255387523977648	0.48013055527623505	0.43472235815470595	0.3893141610331746	0.3439059639116464	0.2984977667901174	0.2530895696685884	0.20768137254705743	0.16227317542552955	0.11686497830400167	0.07145678118247245	0.026048584060941904	-0.01935961306058842	-0.06476781018211764	-0.11017600730364574	-0.15558420442517673	-0.20099240154670683	-0.24640059866823605	-0.2918087957897635	-0.3372169929112956	-0.3826251900328219	-0.42803338715435135	-0.47344158427588057	-0.518849781397412	-0.5642579785189423	-0.6096661756404693	-0.6550743727619985	-0.700482569883528	-0.7458907670050556	-0.7912989641265886	-0.8367071612481185	-0.8821153583696453	-0.9275235554911729	-0.9729317526127028	-1.0183399497342345	-1.0637481468557661	-1.1091563439772942	-1.1545645410988237	-1.1999727382203504	-1.2453809353418803	-1.2907891324634089	-1.3361973295849414	-1.3816055267064704	-1.4270137238279959	-1.4724219209495284
0.7519602424110886	0.7065801345681032	0.661200026725118	0.6158199188821325	0.5704398110391472	0.525059703196163	0.47967959535317795	0.4342994875101922	0.38891937966720513	0.34353927182422117	0.298159163981236	0.252779056138251	0.2073989482952645	0.16201884045228065	0.11663873260929636	0.07125862476631184	0.0258785169233251	-0.01950159091966097	-0.06488169876264593	-0.11026180660563001	-0.1556419144486174	-0.20102202229160304	-0.24640213013458823	-0.2917822379775714	-0.3371623458205597	-0.382542453663542	-0.4279225615065274	-0.47330266934951193	-0.5186827771924998	-0.5640628850354856	-0.6094429928784688	-0.6548231007214538	-0.7002032085644392	-0.7455833164074224	-0.7909634242504113	-0.8363435320933981	-0.8817236399363795	-0.9271037477793636	-0.9724838556223498	-1.017863963465337	-1.063244071308325	-1.1086241791513083	-1.1540042869942941	-1.1993843948372764	-1.2447645026802627	-1.2901446105232477	-1.3355247183662358	-1.3809048262092198	-1.4262849340522017	-1.4716650418951898
0.7527414326721068	0.7074175877727581	0.6620937428734087	0.6167698979740597	0.5714460530747109	0.5261222081753627	0.48079836327601366	0.4354745183766646	0.3901506734773138	0.3448268285779661	0.2995029836786174	0.2541791387792687	0.2088552938799184	0.16353144898057081	0.118207604081223	0.07288375918187451	0.027559914282524245	-0.017763930616825796	-0.06308777551617428	-0.1084116204155221	-0.15373546531487303	-0.1990593102142224	-0.24438315511357134	-0.28970700001291805	-0.3350308449122703	-0.3803546898116157	-0.4256785347109653	-0.47100237961031377	-0.5163262245096651	-0.5616500694090145	-0.6069739143083617	-0.6522977592077099	-0.6976216041070589	-0.7429454490064065	-0.7882692939057594	-0.8335931388051088	-0.8789169837044555	-0.9242408286038026	-0.9695646735031516	-1.0148885184025032	-1.0602123633018548	-1.1055362082012024	-1.1508600531005517	-1.1961838979998975	-1.2415077428992474	-1.2868315877985959	-1.3321554326979475	-1.3774792775972955	-1.4228031224966418	-1.468126967395993
0.7526294460886996	0.7073337749042675	0.6620381037198356	0.6167424325354036	0.5714467613509716	0.5261510901665407	0.4808554189821087	0.4355597477976765	0.3902640766132427	0.344968405428812	0.29967273424438035	0.25437706305994867	0.20908139187551544	0.16378572069108488	0.1184900495066541	0.07319437832222264	0.02789870713778919	-0.01739696404664315	-0.06269263523107527	-0.10798830641550583	-0.15328397759993972	-0.1985796487843723	-0.24387531996880396	-0.28917099115323386	-0.33446666233766886	-0.37976233352209765	-0.42505800470652977	-0.4703536758909612	-0.5156493470753958	-0.5609450182598283	-0.606240689444258	-0.6515363606286892	-0.696832031813122	-0.7421277029975522	-0.7874233741819876	-0.8327190453664204	-0.8780147165508492	-0.9233103877352797	-0.9686060589197116	-1.0139017301041466	-1.0591974012885808	-1.1044930724730109	-1.1497887436574432	-1.1950844148418724	-1.2403800860263057	-1.2856757572107367	-1.3309714283951721	-1.3762670995796027	-1.421562770764032	-1.4668584419484656
0.7527897243358158	0.707522255069945	0.662254785804074	0.6169873165382029	0.5717198472723323	0.5264523780064625	0.4811849087405916	0.4359174394747205	0.39064997020884806	0.34538250094297807	0.3001150316771073	0.25484756241123674	0.20958009314536485	0.1643126238794954	0.11904515461362553	0.07377768534775542	0.02851021608188331	-0.016757253183988574	-0.062024722449859127	-0.10729219171572879	-0.15255966098160134	-0.19782713024747278	-0.24309459951334356	-0.28836206877921255	-0.3336295380450862	-0.3788970073109539	-0.4241644765768249	-0.4694319458426952	-0.5146994151085686	-0.5599668843744401	-0.6052343536403089	-0.650501822906179	-0.6957692921720504	-0.7410367614379192	-0.7863042307037946	-0.8315716999696652	-0.8768391692355335	-0.9221066385014023	-0.9673741077672737	-1.0126415770331474	-1.057909046299021	-1.1031765155648894	-1.1484439848307608	-1.1937114540966283	-1.2389789233625006	-1.2842463926283707	-1.3295138618942448	-1.374781331160115	-1.4200488004259828	-1.465316269691856
0.7532351309073219	0.7079958917916359	0.6627566526759497	0.6175174135602639	0.5722781744445778	0.5270389353288931	0.48179969621320684	0.43656045709752056	0.39132121798183295	0.34608197886614844	0.3008427397504627	0.25560350063477677	0.2103642615190897	0.1651250224034051	0.11988578328771982	0.07464654417203498	0.029407305056347477	-0.01583193405933936	-0.061071173175025084	-0.1063104122907097	-0.15154965140639742	-0.19678889052208404	-0.24202812963776998	-0.28726736875345393	-0.332506607869143	-0.3777458469848256	-0.422985086100512	-0.4682243252161973	-0.5134635643318854	-0.5587028034475721	-0.603942042563256	-0.6491812816789415	-0.6944205207946283	-0.7396597599103112	-0.7848989990260016	-0.830138238141688	-0.8753774772573713	-0.9206167163730554	-0.9658559554887418	-1.0110951946044304	-1.0563344337201186	-1.1015736728358032	-1.1468129119514896	-1.192052151067172	-1.2372913901828593	-1.2825306292985448	-1.3277698684142338	-1.373009107529919	-1.4182483466456017	-1.4634875857612903
0.7528255451373133	0.7075863060188409	0.6623470669003676	0.6171078277818949	0.5718685886634219	0.5266293495449501	0.48139011042647717	0.43615087130800445	0.39091163218952996	0.34567239307105835	0.30043315395258574	0.25519391483411336	0.2099546757156392	0.1647154365971677	0.11947619747869576	0.07423695836022381	0.028997719241749653	-0.016241519876723842	-0.061480758995196894	-0.10671999811366817	-0.151959237232143	-0.19719847635061627	-0.24243771546908888	-0.2876769545875595	-0.3329161937060354	-0.3781554328245049	-0.42339467194297775	-0.4686339110614506	-0.5138731501799256	-0.5591123892983991	-0.6043516284168693	-0.6495908675353417	-0.6948301066538152	-0.740069345772286	-0.785308584890763	-0.8305478240092357	-0.8757870631277056	-0.9210263022461778	-0.9662655413646504	-1.0115047804831256	-1.0567440196016005	-1.1019832587200726	-1.1472224978385452	-1.1924617369570152	-1.2377009760754887	-1.2829402151939608	-1.3281794543124366	-1.3734186934309087	-1.4186579325493787	-1.463897171667854
0.752729709093498	0.7074904699743748	0.6622512308552512	0.6170119917361276	0.5717727526170039	0.5265335134978819	0.4812942743787584	0.4360550352596346	0.39081579614050954	0.34557655702138756	0.30033731790226437	0.25509807878314117	0.20985883966401642	0.16461960054489433	0.11938036142577202	0.07414112230664927	0.028901883187524735	-0.016337355931599795	-0.06157659505072277	-0.1068158341698453	-0.15205507328897028	-0.19729431240809436	-0.24253355152721734	-0.28777279064633876	-0.3330120297654653	-0.3782512688845856	-0.423490508003709	-0.468729747122832	-0.5139689862419579	-0.559208225361082	-0.6044474644802031	-0.6496867035993255	-0.69492594271845	-0.7401651818375719	-0.7854044209566986	-0.8306436600758218	-0.8758828991949428	-0.9211221383140646	-0.9663613774331887	-1.0116006165523141	-1.0568398556714405	-1.1020790947905623	-1.147318333909686	-1.1925575730288065	-1.2377968121479301	-1.2830360512670538	-1.32827529038618	-1.373514529505302	-1.418753768624423	-1.4639930077435488
0.7529640863447079	0.7077248472276919	0.6624856081106757	0.6172463689936594	0.5720071298766435	0.5267678907596285	0.48152865164261216	0.43628941252559605	0.39105017340857817	0.3458109342915634	0.3005716951745476	0.25533245605753163	0.21009321694051453	0.16485397782349964	0.11961473870648431	0.07437549958946921	0.02913626047245188	-0.016102978644565225	-0.06134221776158122	-0.10658145687859566	-0.15182069599561365	-0.1970599351126301	-0.24229917422964609	-0.2875384133466601	-0.3327776524636794	-0.3780168915806923	-0.4232561306977085	-0.46849536981472406	-0.5137346089317427	-0.5589738480487592	-0.6042130871657734	-0.6494523262827885	-0.6946915653998054	-0.7399308045168191	-0.78517004363384	-0.830409282750856	-0.8756485218678689	-0.9208877609848836	-0.9661270001018996	-1.0113662392189187	-1.0566054783359373	-1.1018447174529515	-1.147083956569968	-1.1923231956869809	-1.2375624348039982	-1.2828016739210142	-1.3280409130380333	-1.3732801521550475	-1.4185193912720613	-1.4637586303890795
0.7535475911128274	0.7083083519945664	0.6630691128763052	0.6178298737580443	0.572590634639783	0.527351395521523	0.4821121564032621	0.43687291728500055	0.3916336781667379	0.34639443904847833	0.30115519993021755	0.25591596081195656	0.21067672169369422	0.16543748257543434	0.12019824345717467	0.07495900433891411	0.029719765220652006	-0.015519473897610103	-0.0607587130158711	-0.10599795213413055	-0.15123719125239354	-0.1964764303706552	-0.2417156694889162	-0.286954908607175	-0.3321941477254391	-0.3774333868436972	-0.422672625961958	-0.46791186508021876	-0.5131511041984822	-0.5583903433167436	-0.6036295824350031	-0.6488688215532634	-0.6941080606715251	-0.7393472997897841	-0.7845865389080489	-0.8298257780263101	-0.8750650171445682	-0.9203042562628285	-0.9655434953810893	-1.0107827344993532	-1.0560219736176166	-1.101261212735876	-1.1465004518541368	-1.191739690972395	-1.236978930090657	-1.2822181692089183	-1.3274574083271822	-1.3726966474454425	-1.4179358865636997	-1.463175125681964
0.7533470102154592	0.7080795409490551	0.662812071682651	0.6175446024162463	0.5722771331498421	0.5270096638834387	0.4817421946170345	0.43647472535063003	0.3912072560842238	0.3459397868178211	0.300672317551417	0.25540484828501286	0.2101373790186074	0.1648699097522046	0.11960244048580138	0.0743349712193977	0.029067501952992014	-0.016199967313413	-0.061467436579817125	-0.10673490584622014	-0.15200237511262626	-0.19726984437903128	-0.2425373136454354	-0.2878047829118373	-0.33307225217824477	-0.3783397214446458	-0.42360719071105035	-0.4688746599774538	-0.5141421292438606	-0.5594095985102658	-0.6046770677766677	-0.6499445370430719	-0.6952120063094762	-0.7404794755758783	-0.7857469448422867	-0.8310144141086915	-0.8762818833750932	-0.9215493526414953	-0.9668168219079005	-1.0120842911743066	-1.057351760440714	-1.1026192297071167	-1.1478866989735215	-1.1931541682399223	-1.2384216375063275	-1.2836891067727318	-1.3289565760391384	-1.3742240453055414	-1.4194915145719427	-1.4647589838383501
0.7523857830024417	0.7070619381004778	0.6617380931985136	0.6164142482965493	0.5710904033945851	0.5257665584926223	0.48044271359065827	0.435118868688694	0.38979502378672837	0.34447117888476564	0.2991473339828017	0.25382348908083774	0.20849964417887268	0.16317579927690984	0.117851954374947	0.07252810947298327	0.02720426457101821	-0.018119580330946627	-0.06344342523291058	-0.10876727013487364	-0.15409111503683937	-0.19941495993880376	-0.2447388048407677	-0.29006264974272944	-0.3353864946446967	-0.38071033954665734	-0.4260341844486215	-0.47135802935058524	-0.5166818742525516	-0.5620057191545162	-0.6073295640564782	-0.6526534089584417	-0.6979772538604059	-0.7433010987623683	-0.7886249436643364	-0.8339487885663011	-0.8792726334682617	-0.9245964783702241	-0.9699203232721891	-1.0152441681741555	-1.060568013076122	-1.1058918579780843	-1.151215702880049	-1.1965395477820095	-1.2418633926839742	-1.2871872375859383	-1.3325110824879052	-1.3778349273898685	-1.423158772291829	-1.468482617193796
0.7529953914279747	0.7076434009826161	0.6622914105372574	0.616939420091899	0.5715874296465403	0.5262354392011828	0.4808834487558241	0.435531458310465	0.3901794678651046	0.34482747741974773	0.2994754869743892	0.2541234965290309	0.208771506083671	0.1634195156383138	0.11806752519295594	0.07271553474759807	0.02736354430223864	-0.01798844614312123	-0.06334043658847954	-0.10869242703383719	-0.1540444174791975	-0.19939640792455626	-0.24474839836991502	-0.29010038881527134	-0.3354523792606332	-0.3808043697059884	-0.4261563601513474	-0.47150835059670526	-0.5168603410420665	-0.5622123314874257	-0.607564321932782	-0.6529163123781401	-0.6982683028234988	-0.7436202932688558	-0.7889722837142181	-0.8343242741595773	-0.8796762646049334	-0.9250282550502908	-0.9703802454956492	-1.0157322359410101	-1.0610842263863716	-1.106436216831729	-1.1517882072770869	-1.1971401977224425	-1.2424921881678022	-1.2878441786131605	-1.333196169058522	-1.3785481595038798	-1.423900149949235	-1.4692521403945968
0.7517419171805614	0.7063056588675863	0.6608694005546102	0.6154331422416346	0.5699968839286592	0.5245606256156845	0.4791243673027087	0.43368810898973287	0.3882518506767555	0.34281559236378123	0.29737933405080597	0.2519430757378305	0.20650681742485366	0.1610705591118795	0.11563430079890491	0.07019804248592965	0.024761784172952828	-0.020674474140023547	-0.06611073245299859	-0.11154699076597341	-0.15698324907895067	-0.20241950739192682	-0.2478557657049023	-0.293292024017876	-0.3387282823308544	-0.384164540643827	-0.4296007989568029	-0.47503705726977774	-0.5204733155827559	-0.565909573895732	-0.6113458322087055	-0.6567820905216806	-0.7022183488346565	-0.7476546071476302	-0.7930908654606101	-0.8385271237735861	-0.8839633820865589	-0.9293996403995326	-0.974835898712509	-1.0202721570254867	-1.0657084153384653	-1.111144673651439	-1.156580931964415	-1.2020171902773877	-1.2474534485903641	-1.2928897069033392	-1.3383259652163177	-1.3837622235292923	-1.4291984818422643	-1.4746347401552433
0.7521085853957504	0.706616288857974	0.6611239923201971	0.6156316957824208	0.5701393992446443	0.5246471027068693	0.47915480616909256	0.4336625096313158	0.3881702130935377	0.3426779165557625	0.2971856200179859	0.2516933234802101	0.20620102694243259	0.16070873040465727	0.11521643386688196	0.0697241373291062	0.02423184079132845	-0.02126045574644908	-0.06675275228422506	-0.11224504882199993	-0.15773734535977857	-0.20322964189755544	-0.24872193843533208	-0.29421423497310606	-0.3397065315108858	-0.3851988280486589	-0.43069112458643555	-0.4761834211242113	-0.5216757176619906	-0.5671680141997675	-0.6126603107375419	-0.6581526072753179	-0.7036449038130939	-0.749137200350869	-0.7946294968886498	-0.8401217934264253	-0.8856140899642004	-0.9311063865019751	-0.9765986830397515	-1.0220909795775306	-1.0675832761153097	-1.1130755726530843	-1.1585678691908607	-1.2040601657286345	-1.2495524622664114	-1.2950447588041878	-1.3405370553419664	-1.3860293518797433	-1.4315216484175162	-1.4770139449552948
0.7518098168368889	0.706233672927351	0.6606575290178128	0.6150813851082746	0.5695052411987364	0.5239290972891997	0.47835295337966144	0.432776809470123	0.38720066556058297	0.34162452165104673	0.2960483777415086	0.2504722338319709	0.20489608992243147	0.1593199460128949	0.11374380210335766	0.0681676581938202	0.02259151428428119	-0.022984629625257824	-0.06856077353479573	-0.11413691744433208	-0.15971306135387198	-0.205289205263411	-0.25086534917294867	-0.2964414930824846	-0.3420176369920258	-0.3875937809015606	-0.43316992481109917	-0.4787460687206364	-0.524322212630177	-0.5698983565397158	-0.6154745004492517	-0.6610506443587894	-0.706626788268327	-0.7522029321778634	-0.7977790760874055	-0.8433552199969441	-0.8889313639064795	-0.9345075078160163	-0.980083651725554	-1.0256597956350952	-1.0712359395446356	-1.116812083454172	-1.1623882273637096	-1.207964371273246	-1.253540515182784	-1.2991166590923218	-1.344692803001863	-1.3902689469113998	-1.4358450908209348	-1.4814212347304752
0.7508553467741427	0.7051677971402092	0.659480247506275	0.6137926978723411	0.5681051482384071	0.5224175986044746	0.4767300489705407	0.43104249933660643	0.3853549497026708	0.3396674000687383	0.2939798504348048	0.24829230080087128	0.20260475116693621	0.15691720153300381	0.11122965189907141	0.06554210226513768	0.019854552631202615	-0.025832997002732005	-0.07152054663666552	-0.11720809627059814	-0.1628956459045341	-0.20858319553846827	-0.2542707451724018	-0.29995829480633374	-0.3456458444402706	-0.3913333940742012	-0.43702094370813516	-0.48270849334206867	-0.5283960429760048	-0.574083592609939	-0.6197711422438712	-0.665458691877804	-0.7111462415117384	-0.7568337911456702	-0.8025213407796086	-0.8482088904135421	-0.8938964400474738	-0.9395839896814056	-0.98527153931534	-1.0309590889492766	-1.0766466385832127	-1.1223341882171445	-1.1680217378510784	-1.2137092874850097	-1.259396837118945	-1.3050843867528776	-1.3507719363868143	-1.3964594860207473	-1.4421470356546782	-1.4878345852886143
0.7503872772029491	0.7045887667953664	0.6587902563877831	0.6129917459801999	0.5671932355726169	0.5213947251650353	0.47559621475745206	0.42979770434986864	0.3839991939422841	0.33820068353470223	0.29240217312711936	0.24660366271953693	0.2008051523119525	0.1550066419043712	0.10920813149678921	0.06340962108920611	0.017611110681622355	-0.028187399725961626	-0.07398591013354405	-0.11978442054112604	-0.1655829309487109	-0.21138144135629466	-0.2571799517638773	-0.3029784621714582	-0.34877697257904416	-0.39457548298662415	-0.440373993394207	-0.4861725038017899	-0.5319710142093752	-0.5777695246169587	-0.6235680350245398	-0.6693665454321223	-0.715165055839706	-0.7609635662472862	-0.8067620766548735	-0.8525605870624569	-0.8983590974700371	-0.944157607877619	-0.9899561182852019	-1.035754628692788	-1.081553139100373	-1.127351649507954	-1.1731501599155374	-1.2189486703231176	-1.2647471807307018	-1.3105456911382838	-1.3563442015458702	-1.4021427119534522	-1.447941222361031	-1.4937397327686175
0.7492137570919454	0.7032771687302842	0.6573405803686226	0.6114039920069614	0.5654674036453003	0.51953081528364	0.4735942269219787	0.427657638560317	0.3817210501986542	0.33578446183699406	0.28984787347533314	0.243911285113672	0.19797469675200974	0.1520381083903497	0.10610152002868967	0.06016493166702852	0.014228343305366264	-0.03170824505629555	-0.07764483341795692	-0.12358142177961651	-0.16951801014127965	-0.21545459850294169	-0.26139118686460305	-0.307327775226262	-0.353264363587926	-0.39920095194958427	-0.44513754031124586	-0.49107412867290656	-0.5370107170345704	-0.582947305396232	-0.6288838937578916	-0.6748204821195531	-0.7207570704812141	-0.7666936588428732	-0.8126302472045386	-0.8585668355661991	-0.9045034239278587	-0.9504400122895178	-0.9963766006511796	-1.0423131890128436	-1.0882497773745072	-1.1341863657361668	-1.1801229540978286	-1.226059542459487	-1.2719961308211487	-1.3179327191828096	-1.3638693075444737	-1.4098058959061341	-1.455742484267792	-1.501679072629456
0.7483996426322398	0.7023256653257753	0.6562516880193102	0.6101777107128457	0.5641037334063806	0.5180297560999172	0.4719557787934522	0.4258818014869874	0.3798078241805206	0.33373384687405716	0.2876598695675927	0.24158589226112825	0.19551191495466247	0.1494379376481989	0.10336396034173556	0.057289983035270886	0.011216005728805323	-0.03485797157766024	-0.08093194888412447	-0.12700592619058826	-0.1730799034970547	-0.21915388080352005	-0.2652278581099847	-0.31130183541644696	-0.35737581272291497	-0.40344979002937675	-0.44952376733584143	-0.4955977446423059	-0.5416717219487728	-0.5877456992552383	-0.6338196765617012	-0.6798936538681655	-0.7259676311746306	-0.7720416084810933	-0.8181155857875617	-0.8641895630940262	-0.9102635404004888	-0.9563375177069515	-1.0024114950134169	-1.0484854723198844	-1.0945594496263515	-1.1406334269328147	-1.1867074042392791	-1.2327813815457418	-1.2788553588522071	-1.3249293361586716	-1.3710033134651387	-1.4170772907716027	-1.4631512680780636	-1.5092252453845316
0.7478029600073951	0.7015922793302013	0.6553815986530075	0.6091709179758134	0.5629602372986197	0.5167495566214271	0.47053887594423316	0.424328195267039	0.37811751458984333	0.33190683391265097	0.28569615323545716	0.2394854725582638	0.19327479188106889	0.14706411120387597	0.10085343052668394	0.05464274984948991	0.008432069172294998	-0.03777861150489925	-0.08398929218209306	-0.13019997285928575	-0.1764106535364811	-0.22262133421367514	-0.2688320148908694	-0.31504269556806097	-0.3612533762452572	-0.40746405692244814	-0.45367473759964216	-0.49988541827683597	-0.546096098954032	-0.5923067796312265	-0.638517460308418	-0.6847281409856119	-0.730938821662805	-0.7771495023399977	-0.8233601830171957	-0.8695708636943889	-0.9157815443715811	-0.9619922250487729	-1.0082029057259665	-1.0544135864031632	-1.1006242670803594	-1.1468349477575517	-1.1930456284347453	-1.239256309111937	-1.285466989789131	-1.3316776704663242	-1.3778883511435205	-1.4240990318207136	-1.470309712497904	-1.5165203931751008
0.7472254465538916	0.7008787446561339	0.654532042758376	0.6081853408606177	0.5618386389628601	0.5154919370651037	0.4691452351673452	0.42279853326958716	0.3764518313718278	0.3301051294740711	0.2837584275763134	0.23741172567855617	0.19106502378079715	0.14471832188304012	0.09837161998528421	0.05202491808752607	0.005678216189766827	-0.04066848570799109	-0.087015187605749	-0.13336188950350603	-0.17970859140126505	-0.2260552932990234	-0.27240199519678154	-0.3187486970945368	-0.3650953989922976	-0.4114421008900526	-0.45778880278781053	-0.5041355046855678	-0.5504822065833286	-0.5968289084810869	-0.6431756103788424	-0.6895223122766001	-0.7358690141743578	-0.7822157160721139	-0.8285624179698758	-0.8749091198676342	-0.921255821765389	-0.9676025236631451	-1.0139492255609035	-1.060295927458664	-1.1066426293564233	-1.15298933125418	-1.1993360331519383	-1.245682735049694	-1.2920294369474519	-1.3383761388452093	-1.3847228407429695	-1.431069542640727	-1.4774162445384813	-1.5237629464362419
0.7464290017766871	0.6999469574054992	0.6534649130343108	0.6069828686631222	0.5605008242919339	0.5140187799207467	0.46753673554955844	0.42105469117836947	0.3745726468071796	0.3280906024359924	0.28160855806480445	0.23512651369361648	0.18864446932242696	0.14216242495123987	0.09568038058005301	0.0491983362088646	0.0027162918376750778	-0.04376575253351378	-0.09024779690470197	-0.13672984127588927	-0.18321188564707902	-0.22969393001826788	-0.2761759743894565	-0.32265801876064204	-0.36914006313183334	-0.4156221075030193	-0.4621041518742073	-0.5085861962453953	-0.5550682406165859	-0.6015502849877747	-0.6480323293589609	-0.6945143737301489	-0.7409964181013371	-0.7874784624725235	-0.8339605068437166	-0.8804425512149043	-0.9269245955860907	-0.9734066399572776	-1.0198886843284658	-1.0663707286996567	-1.112852773070848	-1.159334817442034	-1.2058168618132221	-1.252298906184408	-1.2987809505555972	-1.3452629949267854	-1.3917450392979762	-1.438227083669164	-1.4847091280403486	-1.53119117241154
0.7463168976180462	0.6997270656861344	0.6531372337542226	0.6065474018223111	0.5599575698903995	0.5133677379584891	0.4667779060265774	0.4201880740946651	0.3735982421627523	0.3270084102308415	0.28041857829893013	0.233828746367019	0.18723891443510632	0.14064908250319563	0.09405925057128584	0.04746941863937404	0.000879586707461133	-0.04571024522445066	-0.09230007715636268	-0.13888990908827314	-0.18547974102018605	-0.2320695729520983	-0.27865940488400986	-0.3252492368159192	-0.3718390687478337	-0.4184289006797426	-0.46501873261165394	-0.5116085645435653	-0.5581983964754795	-0.6047882284073915	-0.6513780603393011	-0.6979678922712127	-0.7445577242031245	-0.7911475561350341	-0.8377373880669499	-0.8843272199988612	-0.9309170519307712	-0.9775068838626795	-1.0240967157945922	-1.0706865477265057	-1.1172763796584206	-1.1638662115903302	-1.210456043522242	-1.257045875454152	-1.3036357073860638	-1.3502255393179747	-1.3968153712498887	-1.4434052031818	-1.4899950351137075	-1.536584867045622
0.7455343611398816	0.6988371721561161	0.6521399831723506	0.6054427941885854	0.5587456052048202	0.5120484162210561	0.4653512272372905	0.4186540382535251	0.3719568492697586	0.32525966028599407	0.278562471302229	0.23186528231846415	0.18516809333469775	0.138470904350934	0.09177371536716983	0.045076526383404536	-0.0016206626003620883	-0.04831785158412738	-0.0950150405678929	-0.14171222955165663	-0.18840941853542348	-0.23510660751918944	-0.28180379650295495	-0.3285009854867178	-0.375198174470486	-0.4218953634542484	-0.46859255243801345	-0.5152897414217787	-0.561986930405546	-0.6086841193893118	-0.6553813083730753	-0.7020784973568404	-0.748775686340605	-0.7954728753243687	-0.8421700643081387	-0.8888672532919029	-0.9355644422756666	-0.982261631259429	-1.0289588202431954	-1.0756560092269627	-1.1223531982107313	-1.1690503871944946	-1.2157475761782597	-1.2624447651620234	-1.309141954145789	-1.3558391431295536	-1.4025363321133213	-1.449233521097086	-1.4959307100808479	-1.5426278990646152
0.7450871465667149	0.6983097212765658	0.6515322959864164	0.6047548706962671	0.5579774454061178	0.5112000201159699	0.4644225948258204	0.41764516953567044	0.37086774424552005	0.3240903189553719	0.2773128936652227	0.23053546837507422	0.18375804308492394	0.13698061779477544	0.09020319250462783	0.04342576721447844	-0.0033516580756720593	-0.05012908336582189	-0.09690650865597061	-0.14368393394611867	-0.19046135923626917	-0.23723878452641922	-0.28401620981656883	-0.33079363510671533	-0.3775710603968674	-0.4243484856870141	-0.47112591097716305	-0.5179033362673122	-0.5646807615574638	-0.6114581868476137	-0.6582356121377606	-0.7050130374279093	-0.7517904627180587	-0.7985678880082059	-0.8453453132983593	-0.8921227385885087	-0.9389001638786558	-0.9856775891688025	-1.0324550144589528	-1.0792324397491035	-1.126009865039257	-1.1727872903294032	-1.2195647156195526	-1.2663421409097002	-1.31311956619985	-1.3598969914899985	-1.4066744167801497	-1.4534518420702986	-1.5002292673604445	-1.547006692650596
0.7449106728329181	0.6980798903086801	0.6512491077844414	0.6044183252602036	0.557587542735965	0.5107567602117284	0.4639259776874899	0.4170951951632509	0.37026441263901166	0.32343363011477466	0.27660284759053644	0.22977206506629866	0.18294128254205932	0.13611050001782266	0.08927971749358554	0.04244893496934754	-0.0043818475548920155	-0.05121263007913068	-0.0980434126033689	-0.1448741951276058	-0.19170497765184513	-0.23853576017608424	-0.2853665427003227	-0.33219732522455847	-0.3790281077487996	-0.4258588902730347	-0.4726896727972729	-0.5195204553215109	-0.5663512378457514	-0.6131820203699905	-0.6600128028942263	-0.706843585418464	-0.7536743679427023	-0.8005051504669387	-0.8473359329911814	-0.8941667155154192	-0.9409974980396552	-0.9878282805638912	-1.0346590630881294	-1.0814898456123703	-1.128320628136612	-1.1751514106608476	-1.2219821931850858	-1.2688129757093223	-1.315643758233561	-1.3624745407577987	-1.4093053232820387	-1.456136105806277	-1.5029668883305112	-1.5497976708547516
0.7438623164984558	0.696978283402346	0.6500942503062356	0.6032102172101255	0.5563261841140151	0.5094421510179061	0.4625581179217958	0.4156740848256857	0.368790051729574	0.3219060186334648	0.27502198553735524	0.22813795244124524	0.18125391934513413	0.13436988624902524	0.08748585315291657	0.04060182005680635	-0.006282213039304985	-0.05316624613541543	-0.10005027923152565	-0.14693431232763432	-0.19381834542374587	-0.24070237851985654	-0.287586411615967	-0.33447044471207477	-0.3813544778081881	-0.428238510904295	-0.475122544000405	-0.522006577096515	-0.5688906101926274	-0.6157746432887383	-0.6626586763848461	-0.7095427094809559	-0.7564267425770659	-0.8033107756731743	-0.8501948087692881	-0.8970788418653983	-0.9439628749615063	-0.9908469080576139	-1.037730941153725	-1.084614974249837	-1.1314990073459499	-1.1783830404420583	-1.2252670735381685	-1.272151106634277	-1.319035139730388	-1.3659191728264966	-1.412803205922609	-1.4596872390187197	-1.5065712721148254	-1.5534553052109383
0.7442826123177445	0.6973985792243255	0.6505145461309064	0.603630513037487	0.5567464799440681	0.5098624468506503	0.4629784137572307	0.41609438066381177	0.3692103475703913	0.32232631447697324	0.2754422813835544	0.2285582482901356	0.18167421519671545	0.13479018210329752	0.08790614900988003	0.041022115916460766	-0.005861917176959608	-0.052745950270379316	-0.09962998336379791	-0.14651401645721562	-0.19339804955063622	-0.24028208264405593	-0.2871661157374752	-0.33405014883089157	-0.3809341819243135	-0.4278182150177301	-0.4747022481111487	-0.5215862812045677	-0.568470314297989	-0.6153543473914087	-0.6622383804848255	-0.7091224135782443	-0.7560064466716636	-0.8028904797650802	-0.8497745128585033	-0.8966585459519223	-0.94354257904534	-0.9904266121387559	-1.0373106452321763	-1.0841946783255971	-1.1310787114190193	-1.1779627445124357	-1.2248467776058551	-1.2717308106992733	-1.3186148437926928	-1.36549887688611	-1.4123829099795318	-1.4592669430729517	-1.5061509761663663	-1.5530350092597875
0.7439597059665674	0.6970756728714048	0.6501916397762421	0.6033076066810794	0.5564235735859165	0.509539540490755	0.4626555073955919	0.4157714743004286	0.36888744120526484	0.3220034081101033	0.27511937501494077	0.22823534191977846	0.1813513088246148	0.13446727572945316	0.08758324263429174	0.04069920953912942	-0.006184823556034669	-0.05306885665119787	-0.09995288974636041	-0.14683692284152183	-0.19372095593668637	-0.24060498903184957	-0.28748902212701233	-0.33437305522217287	-0.3812570883173383	-0.42814112141249816	-0.4750251545076607	-0.5219091876028232	-0.5687932206979884	-0.6156772537931514	-0.662561286888312	-0.7094453199834745	-0.7563293530786372	-0.8032133861737982	-0.8500974192689648	-0.8969814523641273	-0.9438654854592885	-0.9907495185544484	-1.0376335516496114	-1.084517584744776	-1.1314016178399422	-1.1782856509351034	-1.2251696840302655	-1.2720537171254267	-1.3189377502205906	-1.3658217833157518	-1.412705816410917	-1.4595898495060795	-1.5064738826012385	-1.5533579156964037
0.7441297772650145	0.6972723561367352	0.6504149350084553	0.6035575138801759	0.556700092751896	0.5098426716236175	0.46298525049533745	0.41612782936705783	0.3692704082387769	0.32241298711049793	0.27555556598221864	0.22869814485393936	0.18184072372565918	0.13498330259738056	0.08812588146910216	0.04126846034082243	-0.005588960787458408	-0.05244638191573814	-0.09930380304401831	-0.1461612241722965	-0.19301864530057733	-0.23987606642885773	-0.28673348755713723	-0.33359090868541474	-0.38044832981369714	-0.42730575094197376	-0.4741631720702535	-0.521020593198533	-0.5678780143268152	-0.6147354354550951	-0.6615928565833729	-0.7084502777116519	-0.7553076988399317	-0.8021651199682096	-0.8490225410964931	-0.8958799622247726	-0.9427373833530504	-0.9895948044813272	-1.0364522256096076	-1.0833096467378893	-1.1301670678661724	-1.1770244889944492	-1.2238819101227292	-1.2707393312510074	-1.3175967523792878	-1.364454173507566	-1.411311594635848	-1.458169015764128	-1.5050264368924036	-1.5518838580206857
0.7448868710492674	0.69808275379719	0.6512786365451123	0.604474519293035	0.5576704020409572	0.510866284788881	0.4640621675368034	0.4172580502847254	0.3704539330326465	0.3236498157805703	0.2768456985284926	0.2300415812764156	0.18323746402433705	0.1364333467722607	0.08962922952018482	0.042825112268107146	-0.0039790049839714126	-0.050783122236049305	-0.0975872394881272	-0.1443913567402031	-0.1911954739922821	-0.2379995912443602	-0.2848037084964383	-0.3316078257485131	-0.3784119430005932	-0.425216060252668	-0.47202017750474545	-0.5188242947568229	-0.5656284120089028	-0.6124325292609807	-0.6592366465130564	-0.7060407637651331	-0.7528448810172108	-0.7996489982692863	-0.8464531155213684	-0.8932572327734456	-0.9400613500255206	-0.9868654672775956	-1.0336695845296737	-1.080473701781754	-1.1272778190338344	-1.1740819362859094	-1.2208860535379875	-1.267690170790063	-1.3144942880421415	-1.3612984052942174	-1.4081025225462969	-1.454906639798375	-1.5017107570504487	-1.548514874302529
0.7451758602976716	0.6984251536892231	0.6516744470807739	0.6049237404723253	0.5581730338638765	0.511422327255429	0.46467162064697975	0.4179209140385307	0.37117020743008056	0.32441950082163284	0.2776687942131846	0.2309180876047361	0.18416738099628627	0.13741667438783844	0.09066596777939107	0.043915261170942355	-0.0028354454375074667	-0.04958615204595662	-0.09633685865440578	-0.14308756526285316	-0.1898382718713032	-0.23658897847975258	-0.2833396850882015	-0.330090391696648	-0.3768410983050996	-0.4235918049135452	-0.47034251152199436	-0.5170932181304428	-0.5638439247388938	-0.6105946313473434	-0.6573453379557901	-0.7040960445642381	-0.7508467511726868	-0.7975974577811336	-0.8443481643895869	-0.8910988709980354	-0.9378495776064826	-0.9846002842149284	-1.0313509908233787	-1.0781016974318294	-1.1248524040402805	-1.1716031106487277	-1.2183538172571762	-1.2651045238656233	-1.3118552304740732	-1.3586059370825203	-1.4053566436909715	-1.4521073502994204	-1.4988580569078658	-1.5456087635163165
0.7450806683355297	0.6983834793526783	0.6516862903698267	0.6049891013869748	0.5582919124041231	0.5115947234212728	0.46489753443842086	0.4182003454555687	0.3715031564727157	0.32480596748986534	0.27810877850701354	0.2314115895241624	0.18471440054130972	0.13801721155845925	0.091320022575609	0.04462283359275743	-0.0020743553900957057	-0.048771544372947506	-0.0954687333557993	-0.14216592233864978	-0.1888631113215029	-0.23556030030435515	-0.28225748928720695	-0.3289546782700561	-0.37565186725291055	-0.4223490562357597	-0.46904624521861105	-0.5157434342014624	-0.5624406231843166	-0.6091378121671689	-0.6558350011500185	-0.7025321901328698	-0.7492293791157207	-0.7959265680985705	-0.8426237570814266	-0.8893209460642781	-0.9360181350471279	-0.9827153240299769	-1.0294125130128298	-1.0761097019956831	-1.1228068909785374	-1.169504079961388	-1.2162012689442392	-1.262898457927089	-1.309595646909942	-1.3562928358927926	-1.402990024875646	-1.4496872138584975	-1.4963844028413456	-1.5430815918241994
0.7458247702618278	0.6992080587769961	0.6525913472921642	0.6059746358073324	0.5593579243225003	0.5127412128376696	0.4661245013528378	0.4195077898680055	0.37289107838317215	0.3262743668983412	0.27965765541350973	0.23304094392867825	0.18642423244384543	0.13980752095901483	0.09319080947418446	0.04657409798935275	-4.2613495480736674e-5	-0.04665932498031289	-0.09327603646514482	-0.1398927479499752	-0.18650945943480846	-0.23312617091964127	-0.27974288240447276	-0.32635959388930247	-0.37297630537413706	-0.4195930168589661	-0.4662097283437978	-0.5128264398286291	-0.5594431513134634	-0.606059862798296	-0.6526765742831255	-0.6992932857679572	-0.745909997252789	-0.7925267087376189	-0.839143420222455	-0.8857601317072867	-0.9323768431921167	-0.9789935546769457	-1.0256102661617779	-1.0722269776466127	-1.118843689131447	-1.165460400616277	-1.2120771121011087	-1.2586938235859386	-1.3053105350707717	-1.351927246555602	-1.3985439580404364	-1.4451606695252677	-1.4917773810100958	-1.5383940924949306
0.7463312293474108	0.6997952372758603	0.6532592452043099	0.6067232531327595	0.5601872610612088	0.5136512689896597	0.46711527691810917	0.42057928484655815	0.37404329277500625	0.32750730070345724	0.2809713086319068	0.23443531656035654	0.18789932448880542	0.14136333241725585	0.09482734034570695	0.04829134827415671	0.0017553562026049185	-0.04478063586894554	-0.09131662794049578	-0.13785262001204557	-0.18438861208359714	-0.23092460415514826	-0.27746059622669894	-0.3239965882982465	-0.3705325803698003	-0.4170685724413481	-0.46360456451289833	-0.5101405565844479	-0.5566765486560012	-0.6032125407275519	-0.6497485327991004	-0.6962845248706504	-0.7428205169422006	-0.7893565090137491	-0.8358925010853038	-0.882428493156854	-0.9289644852284029	-0.9755004772999505	-1.0220364693715016	-1.0685724614430545	-1.1151084535146079	-1.1616444455861563	-1.2081804376577066	-1.2547164297292555	-1.3012524218008061	-1.347788413872356	-1.394324405943908	-1.4408603980154577	-1.4873963900870053	-1.5339323821585582
0.7466621052185402	0.7002070752049053	0.6537520451912698	0.6072970151776351	0.5608419851640004	0.5143869551503666	0.46793192513673143	0.4214768951230963	0.3750218651094598	0.3285668350958262	0.28211180508219136	0.2356567750685572	0.18920174505492082	0.14274671504128733	0.09629168502765384	0.049836655014019016	0.0033816250003828596	-0.04307340501325241	-0.08952843502688745	-0.13598346504052095	-0.18243849505415732	-0.2288935250677928	-0.2753485550814281	-0.32180358509506024	-0.36825861510869795	-0.41471364512233033	-0.46116867513596493	-0.5076237051495995	-0.5540787351632368	-0.6005337651768723	-0.6469887951905049	-0.6934438252041395	-0.7398988552177745	-0.7863538852314069	-0.8328089152450464	-0.879263945258681	-0.9257189752723138	-0.9721740052859462	-1.0186290352995822	-1.065084065313219	-1.1115390953268567	-1.1579941253404895	-1.2044491553541246	-1.2509041853677574	-1.2973592153813929	-1.343814245395027	-1.3902692754086643	-1.436724305422299	-1.48317933543593	-1.5296343654495677
0.7468729455172697	0.7004991209331818	0.6541252963490937	0.6077514717650054	0.5613776471809174	0.5150038225968303	0.4686299980127423	0.42225617342865407	0.3758823488445643	0.3295085242604774	0.2831346996763895	0.23676087509230181	0.19038705050821236	0.14401322592412535	0.09763940134003901	0.05126557675595089	0.004891752171861663	-0.04148207241222712	-0.08785589699631524	-0.1342297215804018	-0.18060354616449148	-0.22697737074857982	-0.2733511953326684	-0.3197250199167543	-0.36609884450084507	-0.4124726690849301	-0.4588464936690182	-0.5052203182531056	-0.5515941428371964	-0.597967967421285	-0.6443417920053711	-0.690715616589459	-0.7370894411735467	-0.783463265757633	-0.8298370903417256	-0.8762109149258137	-0.9225847395098996	-0.9689585640939846	-1.0153323886780736	-1.0617062132621649	-1.1080800378462543	-1.1544538624303415	-1.2008276870144297	-1.2472015115985156	-1.2935753361826037	-1.3399491607666913	-1.3863229853507812	-1.4326968099348694	-1.479070634518954	-1.5254444591030443
0.7470136740555665	0.7007212990030188	0.6544289239504711	0.6081365488979233	0.5618441738453755	0.5155517987928293	0.4692594237402815	0.4229670486877335	0.37667467363518414	0.33038229858263746	0.2840899235300902	0.23779754847754297	0.19150517342499374	0.14521279837244738	0.09892042331990147	0.052628048267353345	0.006335673214804993	-0.039956701837743136	-0.08624907689029104	-0.13254145194283762	-0.17883382699538664	-0.22512620204793476	-0.27141857710048267	-0.3177109521530277	-0.3640033272055787	-0.4102957022581235	-0.4565880773106712	-0.5028804523632182	-0.5491728274157681	-0.5954652024683165	-0.6417575775208619	-0.6880499525734094	-0.7343423276259569	-0.7806347026785034	-0.8269270777310553	-0.8732194527836024	-0.9195118278361485	-0.9658042028886937	-1.0120965779412416	-1.0583889529937922	-1.1046813280463414	-1.1509737030988885	-1.197266078151435	-1.2435584532039807	-1.2898508282565295	-1.3361432033090765	-1.3824355783616262	-1.4287279534141732	-1.4750203284667176	-1.5213127035192673
0.7482768303131798	0.7020934356281615	0.655910040943143	0.6097266462581241	0.5635432515731061	0.5173598568880888	0.4711764622030702	0.4249930675180513	0.37880967283303135	0.33262627814801426	0.28644288346299573	0.24025948877797787	0.19407609409295823	0.14789269940794103	0.10170930472292428	0.05552591003790597	0.009342515352886105	-0.03684087933213287	-0.0830242740171514	-0.12920766870216838	-0.17539106338718846	-0.22157445807220766	-0.26775785275722597	-0.31394124744224206	-0.3601246421272635	-0.4063080368122787	-0.45249143149729765	-0.4986748261823155	-0.5448582208673358	-0.5910416155523555	-0.6372250102373718	-0.6834084049223901	-0.7295917996074079	-0.7757751942924247	-0.8219585889774472	-0.8681419836624658	-0.9143253783474816	-0.9605087730324979	-1.0066921677175165	-1.0528755624025385	-1.0990589570875593	-1.1452423517725756	-1.1914257464575941	-1.2376091411426104	-1.2837925358276294	-1.3299759305126466	-1.3761593251976683	-1.4223427198826863	-1.4685261145677004	-1.5147095092527216
0.7484050125894087	0.7023036398737642	0.6562022671581195	0.6101008944424748	0.5639995217268304	0.5178981490111869	0.4717967762955423	0.42569540357989744	0.37959403086425103	0.33349265814860796	0.2873912854329632	0.24128991271731892	0.19518854000167307	0.1490871672860299	0.10298579457038692	0.056884421854742184	0.010783049139096557	-0.03531832357654863	-0.08141969629219292	-0.12752106900783633	-0.1736224417234824	-0.21972381443912758	-0.26582518715477255	-0.31192655987041484	-0.358027932586062	-0.40412930530170366	-0.4502306780173484	-0.4963320507329927	-0.5424334234486394	-0.5885347961642846	-0.6346361688799269	-0.6807375415955714	-0.726838914311216	-0.7729402870268594	-0.8190416597425072	-0.8651430324581515	-0.911244405173794	-0.957345777889437	-1.0034471506050817	-1.0495485233207296	-1.0956498960363765	-1.141751268752019	-1.1878526414676633	-1.2339540141833059	-1.2800553868989506	-1.3261567596145944	-1.3722581323302419	-1.4183595050458861	-1.464460877761527	-1.5105622504771739
0.748582096147773	0.7025629919569637	0.6565438877661544	0.6105247835753442	0.564505679384535	0.5184865751937269	0.4724674710029172	0.4264483668121075	0.3804292626212963	0.3344101584304877	0.2883910542396786	0.2423719500488697	0.196352845858059	0.15033374166725078	0.10431463747644254	0.058295533285633416	0.012276429094822738	-0.03374267509598772	-0.07976177928679706	-0.12578088347760485	-0.1717999876684162	-0.21781909185922643	-0.26383819605003556	-0.3098573002408427	-0.3558764044316558	-0.4018955086224618	-0.44791461281327183	-0.4939337170040805	-0.5399528211948923	-0.5859719253857025	-0.6319910295765099	-0.6780101337673192	-0.7240292379581286	-0.7700483421489368	-0.8160674463397495	-0.8620865505305595	-0.9081056547213664	-0.9541247589121737	-1.0001438631029842	-1.046162967293796	-1.0921820714846082	-1.1382011756754156	-1.1842202798662251	-1.2302393840570325	-1.276258488247842	-1.3222775924386516	-1.3682966966294638	-1.4143158008202725	-1.4603349050110785	-1.5063540092018908
0.7499895065690031	0.7040804785647256	0.6581714505604478	0.6122624225561701	0.5663533945518925	0.5204443665476159	0.47453533854333807	0.4286263105390602	0.38271728253478077	0.33680825453050445	0.29089922652622713	0.2449901985219498	0.19908117051767094	0.15317214251339473	0.10726311450911852	0.06135408650484098	0.015445058500562103	-0.030463969503716326	-0.07637299750799342	-0.12228202551226985	-0.1681910535165494	-0.21410008152082782	-0.26000910952510536	-0.3059181375293807	-0.35182716553366133	-0.3977361935379362	-0.44364522154221375	-0.48955424954649085	-0.535463277550771	-0.5813723055550493	-0.6272813335593248	-0.6731903615636021	-0.7190993895678797	-0.7650084175721563	-0.810917445576437	-0.8568264735807145	-0.9027355015849898	-0.9486445295892656	-0.994553557593544	-1.0404625855978247	-1.086371613602104	-1.1322806416063802	-1.1781896696106577	-1.2240986976149335	-1.270007725619212	-1.3159167536234886	-1.3618257816277692	-1.407734809632045	-1.4536438376363199	-1.4995528656406
0.7503552225507041	0.7045290412645387	0.658702859978373	0.6128766786922069	0.5670504974060414	0.5212243161198769	0.47539813483371096	0.42957195354754507	0.38374577226137785	0.33791959097521307	0.29209340968904773	0.2462672284028824	0.2004410471167155	0.1546148658305515	0.10878868454438684	0.0629625032582215	0.017136321972055057	-0.028689859314112054	-0.07451604060027717	-0.12034222188644161	-0.1661684031726094	-0.2119945844587754	-0.25782076574494117	-0.3036469470311045	-0.34947312831727273	-0.39529930960343584	-0.4411254908896016	-0.48695167217576674	-0.5327778534619347	-0.578604034748101	-0.624430216034265	-0.6702563973204301	-0.7160825786065956	-0.7619087598927599	-0.8077349411789294	-0.853561122465095	-0.8993873037512583	-0.9452134850374221	-0.9910396663235881	-1.0368658476097568	-1.0826920288959245	-1.1285182101820883	-1.1743443914682543	-1.2201705727544176	-1.265996754040584	-1.3118229353267488	-1.3576491166129174	-1.403475297899082	-1.4493014791852445	-1.4951276604714128
0.7508539089726268	0.7051108234415374	0.6593677379104476	0.6136246523793583	0.5678815668482685	0.5221384813171805	0.47639539578609125	0.43065231025500106	0.3849092247239102	0.339166139192822	0.2934230536617326	0.2476799681306434	0.2019368825995529	0.1561937970684648	0.11045071153737673	0.06470762600628732	0.0189645404751968	-0.02677854505589372	-0.07252163058698269	-0.11826471611807077	-0.16400780164916173	-0.20975088718025203	-0.25549397271134144	-0.3012370582424284	-0.34698014377352093	-0.39272322930460746	-0.43846631483569687	-0.48420940036678584	-0.5299524858978777	-0.5756955714289675	-0.6214386569600552	-0.6671817424911439	-0.7129248280222336	-0.7586679135533214	-0.804410999084415	-0.8501540846155042	-0.8958971701465916	-0.9416402556776782	-0.9873833412087687	-1.033126426739861	-1.078869512270952	-1.1246125978020403	-1.17035568333313	-1.2160987688642164	-1.261841854395307	-1.3075849399263957	-1.353328025457488	-1.3990711109885767	-1.4448141965196624	-1.4905572820507547
0.750356164313564	0.7046686146768669	0.6589810650401694	0.613293515403472	0.5676059657667746	0.5219184161300787	0.4762308664933811	0.430543316856683	0.38485576721998405	0.3391682175832882	0.2934806679465909	0.24779311830989403	0.20210556867319562	0.15641801903649966	0.11073046939980347	0.06504291976310639	0.0193553701264082	-0.026332179510290432	-0.07201972914698751	-0.11770727878368348	-0.16339482842038255	-0.2090823780570803	-0.2547699276937778	-0.3004574773304727	-0.34614502696717286	-0.3918325766038673	-0.4375201262405648	-0.48320767587726143	-0.5288952255139612	-0.5745827751506589	-0.6202703247873544	-0.6659578744240511	-0.711645424060749	-0.7573329736974439	-0.8030205233341463	-0.8487080729708434	-0.8943956226075382	-0.9400831722442335	-0.9857707218809315	-1.0314582715176313	-1.077145821154331	-1.1228333707910263	-1.1685209204277238	-1.2142084700644182	-1.2598960197011166	-1.3055835693378133	-1.351271118974514	-1.39695866861121	-1.442646218247904	-1.4883337678846043
0.751184336712113	0.705580299562054	0.6599762624119948	0.6143722252619355	0.5687681881118761	0.5231641509618181	0.4775601138117588	0.43195607666169944	0.38635203951163855	0.34074800236158076	0.29514396521152153	0.24953992806146252	0.20393589091140218	0.1583318537613445	0.11272781661128639	0.0671237794612276	0.021519742311167267	-0.02408429483889285	-0.06968833198895186	-0.11529236913900975	-0.16089640628907076	-0.2065004434391302	-0.25210448058918944	-0.29770851773924667	-0.343312554889309	-0.3889165920393649	-0.43452062918942436	-0.4801246663394829	-0.5257287034895444	-0.5713327406396043	-0.6169367777896615	-0.6625408149397201	-0.7081448520897795	-0.7537488892398367	-0.7993529263898997	-0.8449569635399596	-0.8905610006900164	-0.9361650378400737	-0.9817690749901336	-1.0273731121401948	-1.072977149290257	-1.1185811864403141	-1.1641852235903731	-1.2097892607404295	-1.2553932978904898	-1.3009973350405484	-1.3466013721906105	-1.392205409340669	-1.437809446490725	-1.483413483640787
